msno,city,bd,gender,registered_via,registration_init_time
user_0000000,16,31,,7,20161118
user_0000001,20,0,female,9,20160324
user_0000002,1,38,male,7,20151207
user_0000003,21,31,female,3,20161210
user_0000004,3,29,male,3,20150302
user_0000005,1,34,male,9,20150420
user_0000006,1,20,male,3,20150724
user_0000007,17,36,female,9,20160520
user_0000008,13,34,,9,20150408
user_0000009,1,33,female,4,20150222
user_0000010,12,36,male,3,20150901
user_0000011,21,15,female,3,20160912
user_0000012,9,0,male,3,20160330
user_0000013,1,15,male,4,20160122
user_0000014,1,43,,4,20151213
user_0000015,1,23,male,4,20150210
user_0000016,7,31,male,13,20160224
user_0000017,14,47,male,9,20150103
user_0000018,16,15,male,7,20161222
user_0000019,1,0,male,13,20161223
user_0000020,16,30,,3,20150114
user_0000021,15,36,male,3,20151229
user_0000022,1,42,male,7,20150713
user_0000023,9,22,male,3,20161129
user_0000024,4,2015,male,3,20150430
user_0000025,19,20,male,4,20150412
user_0000026,1,29,female,4,20150114
user_0000027,3,27,female,9,20151228
user_0000028,8,27,male,7,20151204
user_0000029,21,40,female,4,20160612
user_0000030,20,36,female,4,20150216
user_0000031,9,17,male,3,20150215
user_0000032,16,35,male,3,20160523
user_0000033,2,41,male,3,20160302
user_0000034,1,26,female,7,20160121
user_0000035,3,29,male,3,20170103
user_0000036,1,41,female,3,20150607
user_0000037,1,-1,male,3,20150712
user_0000038,8,44,,9,20160115
user_0000039,1,24,female,3,20150714
user_0000040,6,2015,male,3,20160221
user_0000041,13,26,female,9,20150712
user_0000042,18,32,female,4,20150320
user_0000043,9,1000,male,9,20160204
user_0000044,17,18,female,7,20151107
user_0000045,12,31,female,7,20150911
user_0000046,16,0,male,3,20150909
user_0000047,14,26,male,4,20160325
user_0000048,15,23,,4,20150329
user_0000049,1,33,,9,20170106
user_0000050,10,32,male,3,20150226
user_0000051,1,16,female,4,20150307
user_0000052,1,35,male,3,20161109
user_0000053,17,1000,female,4,20161217
user_0000054,11,32,female,3,20151204
user_0000055,10,34,male,3,20160816
user_0000056,20,18,female,9,20151213
user_0000057,1,38,female,3,20160424
user_0000058,1,34,female,13,20151116
user_0000059,1,33,male,4,20151008
user_0000060,14,27,female,7,20150723
user_0000061,10,39,female,7,20160804
user_0000062,1,38,male,7,20160924
user_0000063,1,38,male,3,20150418
user_0000064,10,1000,female,4,20160320
user_0000065,6,43,male,3,20150116
user_0000066,1,37,female,4,20151205
user_0000067,5,49,female,3,20160312
user_0000068,13,21,female,13,20160920
user_0000069,1,32,female,3,20150611
user_0000070,7,30,male,7,20150105
user_0000071,21,0,male,3,20150727
user_0000072,1,1000,female,9,20150412
user_0000073,21,27,,7,20150821
user_0000074,1,31,male,3,20161204
user_0000075,7,15,female,9,20150913
user_0000076,16,42,female,13,20170117
user_0000077,1,-1,male,9,20160309
user_0000078,17,29,female,4,20161224
user_0000079,1,29,male,3,20161021
user_0000080,6,29,female,3,20150412
user_0000081,13,34,female,13,20161118
user_0000082,17,28,female,4,20150416
user_0000083,1,30,female,3,20160201
user_0000084,1,19,male,9,20160815
user_0000085,9,35,female,7,20150426
user_0000086,1,39,male,4,20160429
user_0000087,1,31,female,3,20150924
user_0000088,7,25,male,4,20151021
user_0000089,19,31,male,3,20170105
user_0000090,17,43,,3,20160328
user_0000091,20,2015,,9,20150404
user_0000092,12,27,male,4,20150411
user_0000093,7,32,female,4,20160902
user_0000094,1,40,,3,20150923
user_0000095,14,36,female,7,20160313
user_0000096,9,31,,3,20160721
user_0000097,18,0,male,3,20160810
user_0000098,7,40,male,3,20170101
user_0000099,5,35,female,3,20160831
user_0000100,15,15,female,13,20150422
user_0000101,1,47,male,7,20160304
user_0000102,18,1000,male,4,20150707
user_0000103,12,38,male,4,20160916
user_0000104,1,38,male,9,20150423
user_0000105,18,26,male,3,20160906
user_0000106,1,1000,female,4,20170123
user_0000107,21,42,female,7,20160929
user_0000108,3,45,female,3,20151016
user_0000109,4,29,female,4,20161030
user_0000110,3,27,female,7,20150518
user_0000111,1,50,male,9,20150423
user_0000112,7,34,female,3,20160422
user_0000113,1,16,,13,20160102
user_0000114,14,25,female,3,20150106
user_0000115,1,33,male,7,20170123
user_0000116,1,41,male,9,20160428
user_0000117,6,22,male,3,20150806
user_0000118,19,29,female,4,20160221
user_0000119,1,25,female,9,20150909
user_0000120,1,1000,,3,20161122
user_0000121,11,23,male,7,20161007
user_0000122,13,39,male,9,20151003
user_0000123,21,24,,4,20160810
user_0000124,14,0,female,7,20160817
user_0000125,19,1000,male,3,20160831
user_0000126,13,27,male,3,20161026
user_0000127,9,32,female,3,20161008
user_0000128,17,28,female,3,20170128
user_0000129,10,2015,female,3,20170128
user_0000130,12,25,female,13,20160120
user_0000131,13,35,female,4,20150430
user_0000132,12,28,male,3,20160922
user_0000133,19,0,male,3,20160209
user_0000134,10,2015,female,13,20161229
user_0000135,1,32,female,4,20151108
user_0000136,1,29,female,13,20150908
user_0000137,16,34,female,4,20151101
user_0000138,19,31,male,4,20151207
user_0000139,1,24,female,9,20161007
user_0000140,20,26,female,7,20160315
user_0000141,6,1000,male,4,20170124
user_0000142,1,36,male,4,20151220
user_0000143,16,39,female,9,20160615
user_0000144,21,29,female,4,20161111
user_0000145,1,26,female,13,20150118
user_0000146,21,50,,3,20160901
user_0000147,10,29,male,4,20151113
user_0000148,11,40,male,4,20151019
user_0000149,5,25,male,13,20161223
user_0000150,9,29,female,3,20160430
user_0000151,3,22,,9,20160202
user_0000152,1,31,male,7,20151219
user_0000153,17,2015,,7,20150619
user_0000154,8,33,male,7,20150315
user_0000155,11,34,,13,20150405
user_0000156,1,22,,3,20151228
user_0000157,18,49,,4,20150529
user_0000158,7,25,female,3,20160910
user_0000159,4,35,female,3,20150308
user_0000160,2,40,female,3,20150507
user_0000161,19,37,female,9,20160915
user_0000162,1,27,,9,20160731
user_0000163,19,26,female,3,20160527
user_0000164,1,28,female,7,20151118
user_0000165,1,15,female,4,20160425
user_0000166,8,0,male,4,20160624
user_0000167,17,45,,7,20160812
user_0000168,19,42,female,3,20170112
user_0000169,1,50,male,13,20151218
user_0000170,13,0,male,4,20160708
user_0000171,13,32,female,7,20160820
user_0000172,1,33,male,7,20170124
user_0000173,20,37,female,3,20160903
user_0000174,1,29,female,3,20160508
user_0000175,13,15,male,4,20160601
user_0000176,12,36,female,7,20161126
user_0000177,3,47,female,9,20150522
user_0000178,20,19,female,7,20150126
user_0000179,1,15,,3,20170103
user_0000180,1,0,,9,20150715
user_0000181,9,21,male,9,20160112
user_0000182,12,33,female,9,20151112
user_0000183,10,35,male,4,20160707
user_0000184,21,25,male,9,20161128
user_0000185,3,21,,3,20150724
user_0000186,17,33,male,3,20150812
user_0000187,8,-1,female,3,20150327
user_0000188,13,35,female,3,20160116
user_0000189,9,34,female,3,20150211
user_0000190,1,41,male,3,20150528
user_0000191,1,37,female,4,20150215
user_0000192,3,37,female,3,20150906
user_0000193,1,15,female,4,20170112
user_0000194,15,1000,male,3,20161128
user_0000195,5,52,,7,20150307
user_0000196,1,2015,female,3,20150430
user_0000197,1,25,male,3,20150419
user_0000198,21,29,female,13,20160115
user_0000199,3,48,female,4,20161120
user_0000200,7,37,male,9,20150619
user_0000201,15,2015,,7,20150107
user_0000202,15,29,,7,20150125
user_0000203,14,30,male,3,20160922
user_0000204,1,49,female,4,20160831
user_0000205,11,-1,male,3,20160814
user_0000206,15,35,female,9,20151003
user_0000207,1,15,,13,20161125
user_0000208,1,44,female,9,20151015
user_0000209,13,36,male,3,20160504
user_0000210,5,38,male,3,20150704
user_0000211,7,22,,3,20150713
user_0000212,16,23,female,3,20170130
user_0000213,2,36,,7,20170124
user_0000214,1,32,female,9,20150723
user_0000215,16,34,male,3,20160813
user_0000216,1,28,female,9,20160421
user_0000217,16,28,male,9,20150721
user_0000218,4,26,female,3,20151227
user_0000219,1,20,male,7,20150728
user_0000220,15,1000,female,9,20150318
user_0000221,3,15,male,3,20160806
user_0000222,4,38,male,4,20150913
user_0000223,1,32,,7,20160224
user_0000224,20,38,male,7,20150919
user_0000225,17,31,male,3,20161110
user_0000226,2,15,male,7,20160615
user_0000227,1,38,male,7,20150930
user_0000228,19,42,male,9,20160104
user_0000229,6,21,male,9,20150530
user_0000230,16,19,female,3,20151214
user_0000231,1,44,male,7,20160720
user_0000232,11,25,female,9,20150830
user_0000233,2,31,female,9,20150217
user_0000234,1,21,male,3,20160710
user_0000235,17,34,male,3,20150821
user_0000236,1,2015,male,7,20160304
user_0000237,6,44,female,3,20151114
user_0000238,10,35,,4,20150115
user_0000239,1,15,female,13,20160302
user_0000240,21,20,,3,20150123
user_0000241,17,34,female,3,20160129
user_0000242,21,33,female,4,20161026
user_0000243,18,2015,male,7,20161107
user_0000244,13,0,female,3,20151011
user_0000245,4,41,male,4,20160922
user_0000246,3,36,male,3,20150601
user_0000247,1,21,male,7,20150506
user_0000248,1,36,,9,20160521
user_0000249,1,41,female,3,20150420
user_0000250,1,26,male,3,20150712
user_0000251,1,19,female,4,20160517
user_0000252,6,-1,female,3,20151125
user_0000253,5,39,male,3,20151013
user_0000254,1,29,male,3,20161009
user_0000255,17,26,,4,20170116
user_0000256,1,40,female,3,20160921
user_0000257,6,0,male,7,20150817
user_0000258,11,2015,female,4,20150526
user_0000259,18,31,,3,20150601
user_0000260,11,22,female,3,20160529
user_0000261,21,28,male,7,20150920
user_0000262,9,39,female,3,20151107
user_0000263,9,31,female,3,20160619
user_0000264,20,26,,3,20160923
user_0000265,11,27,female,3,20160308
user_0000266,19,0,male,9,20150813
user_0000267,1,38,female,3,20150709
user_0000268,2,35,male,3,20151123
user_0000269,3,1000,male,9,20161122
user_0000270,1,0,female,7,20160728
user_0000271,10,36,male,3,20161212
user_0000272,19,15,male,4,20160324
user_0000273,10,42,male,9,20160908
user_0000274,20,45,female,3,20150206
user_0000275,9,39,male,7,20150815
user_0000276,13,27,male,3,20150103
user_0000277,16,36,female,7,20150214
user_0000278,15,26,male,7,20160114
user_0000279,4,0,male,9,20160506
user_0000280,8,29,female,7,20160622
user_0000281,4,35,male,3,20160518
user_0000282,1,58,,3,20150818
user_0000283,14,2015,female,4,20161112
user_0000284,1,36,female,7,20160912
user_0000285,15,22,,3,20150119
user_0000286,3,0,female,3,20150709
user_0000287,1,40,male,4,20150629
user_0000288,4,40,male,7,20160507
user_0000289,4,35,female,9,20161212
user_0000290,1,25,female,3,20161125
user_0000291,15,48,female,3,20170128
user_0000292,5,36,female,9,20160910
user_0000293,11,48,male,7,20150919
user_0000294,6,38,,7,20160920
user_0000295,2,0,male,13,20161023
user_0000296,10,18,female,13,20160208
user_0000297,19,24,female,9,20160916
user_0000298,1,36,male,7,20150610
user_0000299,13,39,male,4,20150327
user_0000300,1,25,male,7,20150204
user_0000301,17,16,female,3,20160807
user_0000302,12,2015,male,7,20160520
user_0000303,5,24,female,7,20151104
user_0000304,1,42,female,7,20150819
user_0000305,14,51,female,4,20150904
user_0000306,1,28,female,3,20150225
user_0000307,1,22,male,4,20160625
user_0000308,1,31,female,3,20160408
user_0000309,1,42,,9,20151124
user_0000310,3,19,male,4,20150603
user_0000311,6,35,female,4,20161103
user_0000312,9,21,female,4,20160412
user_0000313,19,19,female,7,20150803
user_0000314,1,21,male,4,20151130
user_0000315,9,29,male,9,20150704
user_0000316,5,19,female,9,20160703
user_0000317,1,32,male,4,20150301
user_0000318,10,21,male,3,20160215
user_0000319,1,21,,7,20161009
user_0000320,14,17,male,13,20170112
user_0000321,13,36,female,3,20151017
user_0000322,14,24,,7,20150609
user_0000323,1,32,female,9,20150216
user_0000324,18,38,,13,20160705
user_0000325,1,1000,female,3,20170113
user_0000326,18,30,female,3,20160708
user_0000327,9,27,,13,20150429
user_0000328,15,20,female,3,20150130
user_0000329,1,37,,3,20150617
user_0000330,6,31,female,4,20160624
user_0000331,1,15,male,4,20160529
user_0000332,1,25,male,7,20160725
user_0000333,1,-1,female,3,20170108
user_0000334,2,35,,9,20150622
user_0000335,13,34,male,3,20170104
user_0000336,8,40,female,7,20151223
user_0000337,1,15,female,3,20170123
user_0000338,6,28,female,4,20160211
user_0000339,18,27,female,3,20150918
user_0000340,1,31,male,3,20150411
user_0000341,17,39,male,3,20150926
user_0000342,10,28,female,7,20150911
user_0000343,11,19,female,4,20150215
user_0000344,19,2015,male,3,20150514
user_0000345,1,26,female,13,20160809
user_0000346,5,52,female,9,20160722
user_0000347,13,1000,male,9,20161016
user_0000348,20,43,male,3,20160622
user_0000349,12,2015,male,4,20150117
user_0000350,16,34,female,3,20150810
user_0000351,1,41,female,3,20150907
user_0000352,1,-1,female,3,20151030
user_0000353,15,36,male,4,20161108
user_0000354,15,22,male,3,20160904
user_0000355,16,49,male,3,20151110
user_0000356,12,33,male,9,20160607
user_0000357,7,31,male,4,20160826
user_0000358,8,2015,female,3,20160810
user_0000359,5,36,female,7,20151114
user_0000360,1,43,female,3,20150310
user_0000361,20,27,male,4,20170103
user_0000362,5,15,female,3,20150130
user_0000363,1,18,female,4,20150309
user_0000364,1,31,male,7,20160812
user_0000365,21,36,male,4,20160711
user_0000366,8,48,,4,20150402
user_0000367,8,26,,9,20161216
user_0000368,2,33,male,9,20150405
user_0000369,3,24,male,3,20160827
user_0000370,17,0,female,3,20160320
user_0000371,10,43,male,3,20161008
user_0000372,1,42,male,13,20160126
user_0000373,8,1000,male,13,20150829
user_0000374,8,22,male,3,20160119
user_0000375,1,23,,13,20160222
user_0000376,11,34,male,3,20150119
user_0000377,2,17,female,4,20160118
user_0000378,20,46,female,4,20161008
user_0000379,1,41,,9,20150126
user_0000380,3,41,,3,20150420
user_0000381,15,28,,3,20160825
user_0000382,19,36,female,4,20151213
user_0000383,19,48,male,3,20150219
user_0000384,1,34,,3,20151229
user_0000385,20,41,male,4,20150621
user_0000386,1,36,,9,20160325
user_0000387,11,48,male,7,20150807
user_0000388,1,30,male,9,20150216
user_0000389,14,15,female,7,20161212
user_0000390,4,37,male,7,20160422
user_0000391,14,28,,9,20161124
user_0000392,12,19,male,7,20150321
user_0000393,1,27,,7,20150920
user_0000394,1,24,female,3,20151023
user_0000395,1,35,male,3,20151009
user_0000396,11,37,male,7,20161026
user_0000397,1,23,male,3,20150517
user_0000398,21,0,,9,20150906
user_0000399,20,42,female,4,20150731
user_0000400,6,22,,3,20160217
user_0000401,16,-1,male,13,20150304
user_0000402,12,29,male,3,20160405
user_0000403,1,23,male,4,20161127
user_0000404,1,34,male,3,20160119
user_0000405,10,29,male,13,20150919
user_0000406,3,15,male,4,20161112
user_0000407,15,31,,9,20150604
user_0000408,10,19,,3,20150325
user_0000409,19,22,male,9,20150311
user_0000410,1,15,male,7,20160905
user_0000411,2,44,male,7,20150422
user_0000412,16,33,female,13,20150828
user_0000413,1,0,male,4,20150127
user_0000414,1,37,female,4,20150504
user_0000415,2,32,male,7,20151107
user_0000416,1,2015,female,9,20160705
user_0000417,10,24,female,3,20160919
user_0000418,1,30,female,7,20160911
user_0000419,1,35,male,3,20161201
user_0000420,1,39,male,4,20151123
user_0000421,18,28,,7,20150705
user_0000422,3,2015,,3,20161001
user_0000423,13,37,male,7,20150326
user_0000424,10,40,male,3,20161215
user_0000425,1,1000,male,13,20151014
user_0000426,1,28,male,4,20160413
user_0000427,1,0,female,4,20150116
user_0000428,17,32,female,7,20161224
user_0000429,2,43,,4,20160910
user_0000430,7,24,female,7,20150204
user_0000431,1,37,,3,20150822
user_0000432,1,34,male,4,20160512
user_0000433,9,-1,,4,20150820
user_0000434,8,34,male,13,20150602
user_0000435,11,27,,3,20161101
user_0000436,1,20,,4,20160323
user_0000437,16,47,male,7,20161212
user_0000438,10,1000,male,4,20160624
user_0000439,2,31,male,3,20161120
user_0000440,12,46,male,4,20160209
user_0000441,17,41,female,3,20160122
user_0000442,1,25,female,3,20160223
user_0000443,1,37,male,9,20150913
user_0000444,21,32,male,3,20150405
user_0000445,14,27,male,4,20150304
user_0000446,19,29,,7,20160108
user_0000447,13,34,,7,20161228
user_0000448,1,37,female,4,20160304
user_0000449,21,35,female,9,20150128
user_0000450,18,30,male,4,20161202
user_0000451,1,20,male,7,20160919
user_0000452,11,26,female,9,20150504
user_0000453,11,37,female,7,20161012
user_0000454,1,31,male,7,20150117
user_0000455,3,29,female,4,20160909
user_0000456,4,28,female,4,20160711
user_0000457,1,32,female,4,20161007
user_0000458,1,0,,7,20150510
user_0000459,1,28,male,4,20151121
user_0000460,1,18,female,4,20150520
user_0000461,1,48,male,7,20161019
user_0000462,4,35,male,4,20151031
user_0000463,1,26,male,3,20151002
user_0000464,1,32,female,9,20150905
user_0000465,1,39,male,4,20161218
user_0000466,19,50,female,9,20151102
user_0000467,10,40,male,9,20150208
user_0000468,1,21,male,4,20160518
user_0000469,9,2015,female,7,20161020
user_0000470,1,42,male,3,20161130
user_0000471,1,1000,male,4,20151015
user_0000472,2,17,female,9,20160427
user_0000473,1,20,female,4,20160314
user_0000474,10,52,male,4,20161105
user_0000475,8,35,female,7,20150128
user_0000476,6,23,female,7,20150531
user_0000477,2,21,male,4,20150110
user_0000478,1,15,,4,20160616
user_0000479,2,26,male,3,20150319
user_0000480,12,2015,male,3,20150826
user_0000481,1,24,,3,20150622
user_0000482,7,46,male,4,20150521
user_0000483,4,48,male,13,20150818
user_0000484,19,28,,3,20161027
user_0000485,20,0,female,4,20160502
user_0000486,11,18,male,3,20150101
user_0000487,1,0,male,4,20151119
user_0000488,18,44,female,13,20151118
user_0000489,2,0,male,9,20160414
user_0000490,14,27,female,3,20150512
user_0000491,6,30,female,3,20150727
user_0000492,1,40,male,9,20150708
user_0000493,1,34,female,4,20150320
user_0000494,1,30,female,7,20161203
user_0000495,6,22,male,3,20160803
user_0000496,3,39,,9,20160607
user_0000497,1,34,female,3,20160325
user_0000498,17,2015,female,4,20160613
user_0000499,9,16,female,3,20161026
user_0000500,14,2015,female,4,20161216
user_0000501,14,15,female,9,20161129
user_0000502,13,35,female,9,20150112
user_0000503,13,24,female,4,20151218
user_0000504,21,25,male,7,20170114
user_0000505,5,30,female,4,20150530
user_0000506,18,2015,male,3,20160406
user_0000507,5,35,female,4,20150512
user_0000508,14,27,female,3,20150331
user_0000509,1,45,male,3,20151208
user_0000510,17,20,female,7,20161209
user_0000511,1,40,female,7,20150811
user_0000512,1,2015,male,3,20160119
user_0000513,1,31,,7,20160625
user_0000514,5,33,female,9,20150906
user_0000515,1,38,male,4,20151222
user_0000516,1,48,male,3,20150920
user_0000517,2,42,female,7,20160316
user_0000518,7,27,female,3,20160304
user_0000519,19,28,female,7,20150921
user_0000520,9,25,female,3,20150921
user_0000521,8,20,female,7,20160814
user_0000522,14,26,,3,20150726
user_0000523,3,23,male,4,20160128
user_0000524,1,22,female,4,20160421
user_0000525,1,36,female,7,20161009
user_0000526,17,1000,,3,20150806
user_0000527,1,34,female,13,20151226
user_0000528,1,36,male,3,20150424
user_0000529,1,37,female,3,20161007
user_0000530,4,33,female,3,20151125
user_0000531,10,37,female,3,20160914
user_0000532,1,1000,,4,20160403
user_0000533,1,32,female,7,20150805
user_0000534,10,29,female,7,20160716
user_0000535,10,40,female,3,20150813
user_0000536,1,31,female,3,20150331
user_0000537,10,21,,3,20170122
user_0000538,9,43,male,7,20160827
user_0000539,13,28,,4,20151105
user_0000540,5,38,male,13,20150126
user_0000541,4,38,male,7,20160422
user_0000542,11,38,,7,20161115
user_0000543,14,1000,male,7,20161122
user_0000544,6,24,female,7,20161125
user_0000545,1,20,female,3,20160214
user_0000546,18,-1,female,3,20160725
user_0000547,9,15,female,4,20150220
user_0000548,14,41,female,4,20160627
user_0000549,9,0,male,3,20151108
user_0000550,21,29,,4,20160806
user_0000551,1,0,male,7,20160207
user_0000552,9,1000,female,3,20150303
user_0000553,1,45,male,3,20161221
user_0000554,9,36,male,3,20160221
user_0000555,2,23,male,3,20161216
user_0000556,11,24,male,13,20170109
user_0000557,1,1000,male,3,20150728
user_0000558,8,34,,3,20160129
user_0000559,15,29,male,3,20150327
user_0000560,1,35,male,4,20150418
user_0000561,14,32,male,3,20160113
user_0000562,1,21,female,4,20150603
user_0000563,20,46,male,3,20151115
user_0000564,7,41,female,3,20161218
user_0000565,21,33,female,9,20160730
user_0000566,6,15,female,3,20160405
user_0000567,1,38,male,7,20160103
user_0000568,12,27,female,4,20150613
user_0000569,5,36,male,4,20150502
user_0000570,1,36,male,9,20161223
user_0000571,4,19,female,3,20151031
user_0000572,17,35,male,13,20160528
user_0000573,1,0,female,9,20150524
user_0000574,1,24,male,7,20160912
user_0000575,1,37,female,3,20160823
user_0000576,13,30,female,7,20160226
user_0000577,1,1000,male,7,20160207
user_0000578,1,36,,7,20160425
user_0000579,14,2015,female,3,20160726
user_0000580,1,2015,female,13,20170127
user_0000581,17,23,male,9,20150408
user_0000582,4,35,male,3,20150728
user_0000583,14,31,female,3,20170130
user_0000584,16,42,female,3,20150829
user_0000585,2,29,,9,20151203
user_0000586,14,21,female,9,20150425
user_0000587,9,27,female,13,20160420
user_0000588,1,-1,female,7,20151207
user_0000589,16,1000,male,7,20160823
user_0000590,3,23,,7,20151025
user_0000591,1,43,,4,20160618
user_0000592,3,18,male,13,20160406
user_0000593,1,-1,female,7,20161215
user_0000594,7,25,,3,20150515
user_0000595,8,36,male,4,20150425
user_0000596,12,33,female,3,20161230
user_0000597,19,0,female,7,20160725
user_0000598,10,17,,7,20160623
user_0000599,1,21,female,4,20161228
user_0000600,1,25,female,9,20160522
user_0000601,13,48,male,7,20160820
user_0000602,1,46,female,3,20150309
user_0000603,17,18,,3,20160910
user_0000604,1,32,male,3,20150325
user_0000605,14,18,male,3,20150406
user_0000606,3,28,female,3,20150303
user_0000607,10,45,female,4,20150709
user_0000608,1,40,female,13,20151230
user_0000609,11,34,,3,20170119
user_0000610,6,15,male,9,20161223
user_0000611,12,24,female,7,20150911
user_0000612,1,21,male,9,20161224
user_0000613,4,51,male,4,20160429
user_0000614,14,30,male,3,20160107
user_0000615,14,43,female,9,20160314
user_0000616,14,35,male,3,20160627
user_0000617,1,30,female,3,20170122
user_0000618,21,26,male,9,20150812
user_0000619,6,45,male,7,20150913
user_0000620,3,-1,,3,20150306
user_0000621,3,2015,female,3,20150710
user_0000622,11,32,male,13,20160303
user_0000623,16,24,female,3,20160113
user_0000624,1,38,female,7,20150601
user_0000625,14,23,male,3,20160908
user_0000626,9,33,male,9,20160923
user_0000627,3,22,male,3,20150712
user_0000628,1,15,,4,20150408
user_0000629,1,41,,3,20150312
user_0000630,19,39,,4,20150919
user_0000631,5,32,female,9,20150609
user_0000632,14,16,male,3,20150822
user_0000633,1,21,,3,20160702
user_0000634,10,34,male,7,20150528
user_0000635,1,18,female,7,20150318
user_0000636,16,58,male,3,20150101
user_0000637,14,22,male,7,20160326
user_0000638,17,27,male,4,20150320
user_0000639,1,-1,male,9,20170109
user_0000640,13,1000,male,3,20160507
user_0000641,1,1000,female,7,20161108
user_0000642,19,39,male,7,20160318
user_0000643,2,1000,female,7,20150719
user_0000644,1,33,male,3,20151129
user_0000645,8,28,male,7,20150110
user_0000646,12,30,,7,20150411
user_0000647,15,34,male,4,20150123
user_0000648,15,1000,female,3,20160211
user_0000649,9,42,male,13,20160825
user_0000650,1,-1,female,7,20160227
user_0000651,11,41,male,3,20160907
user_0000652,1,28,female,7,20161022
user_0000653,4,26,,3,20150405
user_0000654,1,26,male,4,20151127
user_0000655,17,30,male,9,20160503
user_0000656,19,19,,4,20151218
user_0000657,9,26,female,3,20150603
user_0000658,1,35,male,3,20160402
user_0000659,16,27,male,3,20150831
user_0000660,20,21,,3,20150925
user_0000661,9,20,male,3,20160220
user_0000662,13,23,,3,20160304
user_0000663,18,-1,male,3,20170102
user_0000664,1,2015,female,4,20151029
user_0000665,16,45,male,3,20150213
user_0000666,1,48,female,7,20150809
user_0000667,10,28,male,13,20160628
user_0000668,20,23,male,3,20150115
user_0000669,5,25,male,4,20161102
user_0000670,13,20,female,4,20150325
user_0000671,1,32,male,3,20151220
user_0000672,1,24,female,3,20160221
user_0000673,1,39,,9,20161124
user_0000674,1,23,,4,20150318
user_0000675,1,33,male,9,20151018
user_0000676,16,15,male,3,20150926
user_0000677,1,28,male,4,20150126
user_0000678,12,31,female,9,20160704
user_0000679,9,32,female,9,20151114
user_0000680,1,27,,3,20170108
user_0000681,3,31,male,4,20160109
user_0000682,18,32,male,3,20161119
user_0000683,4,1000,female,7,20160405
user_0000684,13,44,,3,20150115
user_0000685,15,29,female,3,20150210
user_0000686,16,39,,9,20160321
user_0000687,7,44,,4,20150203
user_0000688,4,41,female,4,20160302
user_0000689,1,37,male,13,20150409
user_0000690,3,36,male,3,20151205
user_0000691,1,43,male,3,20150421
user_0000692,5,44,female,4,20150221
user_0000693,19,27,male,3,20150610
user_0000694,13,31,male,3,20170122
user_0000695,20,46,female,4,20160423
user_0000696,8,36,female,13,20150928
user_0000697,1,21,female,4,20150929
user_0000698,3,33,female,7,20160901
user_0000699,19,39,male,3,20161024
user_0000700,13,37,,4,20151124
user_0000701,1,33,female,7,20161028
user_0000702,21,31,female,4,20150811
user_0000703,9,29,male,9,20161110
user_0000704,2,22,female,4,20151027
user_0000705,1,36,female,3,20161008
user_0000706,1,2015,male,4,20160218
user_0000707,16,25,male,4,20170129
user_0000708,4,25,female,3,20160724
user_0000709,8,26,female,7,20160223
user_0000710,1,29,female,9,20150102
user_0000711,1,48,female,3,20151028
user_0000712,15,33,female,4,20150627
user_0000713,6,37,female,7,20151124
user_0000714,10,32,male,4,20150412
user_0000715,20,33,,3,20150324
user_0000716,1,31,,3,20150704
user_0000717,1,17,,4,20150503
user_0000718,1,42,male,7,20150124
user_0000719,19,38,,4,20170102
user_0000720,1,1000,,3,20150130
user_0000721,19,37,female,9,20160622
user_0000722,19,42,male,13,20160608
user_0000723,2,28,female,3,20161101
user_0000724,12,39,,3,20150119
user_0000725,12,55,female,3,20161104
user_0000726,1,46,male,9,20151217
user_0000727,17,35,male,9,20160925
user_0000728,1,18,male,3,20161022
user_0000729,1,15,male,3,20151008
user_0000730,15,28,,3,20150126
user_0000731,1,38,male,4,20150207
user_0000732,12,29,male,13,20160610
user_0000733,16,36,female,3,20151128
user_0000734,7,37,male,3,20150501
user_0000735,1,0,female,4,20170116
user_0000736,2,45,male,4,20161214
user_0000737,17,36,,7,20150403
user_0000738,13,29,female,4,20170113
user_0000739,16,30,male,3,20160213
user_0000740,2,25,male,3,20170114
user_0000741,21,58,female,13,20150506
user_0000742,3,41,male,7,20160105
user_0000743,6,40,female,3,20160912
user_0000744,8,20,male,9,20150505
user_0000745,12,22,female,3,20161004
user_0000746,14,35,female,9,20160616
user_0000747,1,39,female,3,20150329
user_0000748,1,39,male,9,20160120
user_0000749,17,46,male,3,20160426
user_0000750,1,38,male,4,20160708
user_0000751,1,31,female,7,20170124
user_0000752,1,32,male,4,20150728
user_0000753,1,40,female,3,20150830
user_0000754,1,44,,3,20151014
user_0000755,1,45,female,3,20160115
user_0000756,1,39,male,3,20150114
user_0000757,16,1000,female,3,20151129
user_0000758,4,28,male,3,20150909
user_0000759,21,36,female,4,20151019
user_0000760,1,26,male,3,20161013
user_0000761,8,31,female,4,20160117
user_0000762,21,49,male,3,20150323
user_0000763,18,22,male,3,20150601
user_0000764,4,32,,3,20160516
user_0000765,18,31,,7,20160120
user_0000766,21,34,female,3,20160912
user_0000767,1,38,female,4,20151205
user_0000768,6,25,female,7,20160814
user_0000769,1,28,,4,20161218
user_0000770,1,27,female,9,20150420
user_0000771,4,23,female,9,20151023
user_0000772,1,31,female,3,20160528
user_0000773,13,2015,male,7,20161123
user_0000774,16,28,male,3,20150303
user_0000775,8,23,male,3,20160622
user_0000776,1,20,female,4,20150519
user_0000777,14,21,female,7,20161201
user_0000778,18,21,,13,20150423
user_0000779,10,23,male,3,20161223
user_0000780,1,19,female,7,20150119
user_0000781,1,22,female,4,20161025
user_0000782,14,47,female,3,20151024
user_0000783,14,21,female,13,20151226
user_0000784,1,37,male,7,20160919
user_0000785,6,2015,female,3,20160531
user_0000786,10,43,,9,20150227
user_0000787,21,38,male,3,20150511
user_0000788,17,30,female,3,20160621
user_0000789,17,0,male,3,20161225
user_0000790,14,32,,13,20151122
user_0000791,12,33,female,3,20161009
user_0000792,6,17,female,9,20150115
user_0000793,21,35,male,7,20151230
user_0000794,1,37,male,3,20160511
user_0000795,12,17,,4,20160906
user_0000796,10,34,,4,20150807
user_0000797,1,36,male,4,20160426
user_0000798,18,35,,7,20150609
user_0000799,8,21,female,7,20150217
user_0000800,17,28,male,13,20151111
user_0000801,14,44,female,3,20150823
user_0000802,1,38,,9,20150708
user_0000803,4,20,male,4,20150212
user_0000804,19,35,female,9,20160813
user_0000805,20,15,,9,20160503
user_0000806,7,37,male,13,20160326
user_0000807,1,44,male,3,20161011
user_0000808,8,2015,male,4,20150714
user_0000809,11,28,female,13,20150424
user_0000810,17,32,female,13,20170111
user_0000811,13,31,male,3,20150330
user_0000812,1,24,male,13,20150508
user_0000813,4,-1,female,4,20150218
user_0000814,18,37,,3,20160729
user_0000815,1,27,female,7,20160127
user_0000816,1,31,female,4,20160321
user_0000817,15,27,male,4,20170111
user_0000818,1,27,,4,20150301
user_0000819,1,23,,4,20161221
user_0000820,16,28,male,3,20150224
user_0000821,1,0,,3,20160518
user_0000822,16,44,female,7,20161109
user_0000823,1,50,,4,20150910
user_0000824,19,17,,7,20150908
user_0000825,19,21,female,9,20161029
user_0000826,6,-1,female,3,20161223
user_0000827,18,2015,male,3,20150116
user_0000828,10,26,male,3,20150818
user_0000829,1,38,female,3,20160109
user_0000830,18,32,male,7,20151124
user_0000831,13,18,male,3,20160319
user_0000832,1,36,male,3,20161103
user_0000833,1,34,male,7,20170124
user_0000834,1,32,male,3,20150112
user_0000835,21,35,male,3,20150920
user_0000836,17,17,,7,20150102
user_0000837,7,40,female,7,20170118
user_0000838,18,-1,male,3,20160603
user_0000839,11,44,male,7,20151022
user_0000840,15,1000,male,3,20151005
user_0000841,21,2015,male,4,20161226
user_0000842,16,25,male,4,20160308
user_0000843,1,21,male,3,20160322
user_0000844,15,35,,3,20161226
user_0000845,14,23,male,7,20150904
user_0000846,1,-1,,4,20150816
user_0000847,3,31,male,3,20160220
user_0000848,1,15,male,7,20150525
user_0000849,7,35,male,3,20160412
user_0000850,1,40,,13,20150512
user_0000851,1,2015,female,3,20151031
user_0000852,12,0,female,3,20160517
user_0000853,11,34,female,3,20150412
user_0000854,1,27,,13,20150817
user_0000855,12,-1,female,3,20150119
user_0000856,2,20,female,7,20160303
user_0000857,1,27,female,13,20160207
user_0000858,12,28,female,13,20150626
user_0000859,1,28,male,3,20161225
user_0000860,2,43,,4,20150912
user_0000861,1,25,,7,20150329
user_0000862,3,17,male,7,20160402
user_0000863,1,21,female,3,20150727
user_0000864,15,23,,3,20170118
user_0000865,1,35,female,3,20160226
user_0000866,7,44,male,3,20160419
user_0000867,2,32,male,4,20150530
user_0000868,1,41,female,3,20160418
user_0000869,15,24,male,3,20151207
user_0000870,21,39,male,3,20150606
user_0000871,20,31,male,3,20161024
user_0000872,6,31,female,3,20151019
user_0000873,18,1000,female,13,20151128
user_0000874,17,30,male,4,20150505
user_0000875,18,41,female,3,20160915
user_0000876,6,28,,7,20160808
user_0000877,21,1000,female,3,20161210
user_0000878,14,29,female,3,20160819
user_0000879,19,28,female,13,20161117
user_0000880,9,2015,,9,20161215
user_0000881,7,15,female,7,20151018
user_0000882,11,34,female,3,20160220
user_0000883,1,0,male,3,20160703
user_0000884,1,20,male,3,20160227
user_0000885,17,30,male,3,20151008
user_0000886,1,33,male,3,20150714
user_0000887,1,21,,3,20160814
user_0000888,1,32,male,7,20150327
user_0000889,12,38,female,3,20160506
user_0000890,7,38,male,3,20160617
user_0000891,1,32,,9,20160601
user_0000892,1,46,male,3,20160616
user_0000893,4,40,female,3,20150720
user_0000894,14,26,male,3,20160404
user_0000895,1,32,female,9,20150831
user_0000896,17,46,female,7,20150724
user_0000897,10,37,male,4,20161130
user_0000898,16,30,male,7,20150325
user_0000899,1,39,female,3,20160831
user_0000900,20,33,male,3,20150912
user_0000901,1,2015,male,4,20150915
user_0000902,15,-1,,13,20151013
user_0000903,4,28,,9,20160626
user_0000904,11,15,male,7,20151009
user_0000905,18,28,female,4,20150306
user_0000906,10,24,female,3,20160930
user_0000907,21,28,female,9,20150820
user_0000908,17,28,male,3,20161206
user_0000909,16,35,,3,20151112
user_0000910,18,30,female,7,20161122
user_0000911,1,29,female,9,20160303
user_0000912,6,32,male,9,20151213
user_0000913,20,34,female,4,20160604
user_0000914,15,26,,3,20160217
user_0000915,11,27,female,3,20150227
user_0000916,5,2015,male,9,20150326
user_0000917,1,34,female,13,20151128
user_0000918,4,35,male,3,20170104
user_0000919,18,17,female,9,20150608
user_0000920,10,25,female,4,20150617
user_0000921,1,28,male,3,20170110
user_0000922,19,17,female,4,20160507
user_0000923,1,2015,female,3,20150206
user_0000924,1,2015,male,4,20160111
user_0000925,14,23,male,3,20150831
user_0000926,13,25,male,7,20151211
user_0000927,1,41,female,4,20150716
user_0000928,6,2015,male,9,20150519
user_0000929,1,28,male,9,20150408
user_0000930,1,32,,3,20150918
user_0000931,18,30,male,3,20150727
user_0000932,17,36,female,13,20160720
user_0000933,9,34,female,4,20150530
user_0000934,9,20,male,3,20160915
user_0000935,7,0,male,3,20160404
user_0000936,9,0,,13,20150816
user_0000937,9,44,male,4,20160228
user_0000938,21,36,female,3,20160421
user_0000939,18,26,,4,20160524
user_0000940,7,41,male,4,20150222
user_0000941,18,29,female,4,20170127
user_0000942,1,27,male,13,20160104
user_0000943,9,31,female,13,20151017
user_0000944,1,31,female,3,20151012
user_0000945,10,27,,3,20161005
user_0000946,1,32,male,4,20170126
user_0000947,14,25,male,9,20160607
user_0000948,18,25,female,7,20160928
user_0000949,20,47,female,7,20160816
user_0000950,7,19,female,4,20150424
user_0000951,17,41,female,3,20160604
user_0000952,1,33,female,9,20160319
user_0000953,2,20,male,3,20150207
user_0000954,20,25,male,7,20160929
user_0000955,17,15,female,3,20161213
user_0000956,1,24,female,4,20151022
user_0000957,11,2015,,13,20160408
user_0000958,1,-1,female,4,20150731
user_0000959,10,36,female,3,20170108
user_0000960,1,31,female,4,20150217
user_0000961,1,20,,7,20161210
user_0000962,2,26,male,3,20150815
user_0000963,5,42,female,3,20150206
user_0000964,1,26,male,3,20150619
user_0000965,21,32,male,4,20150724
user_0000966,1,23,male,4,20151117
user_0000967,19,27,female,4,20151225
user_0000968,1,33,male,3,20150118
user_0000969,1,37,,7,20161007
user_0000970,1,-1,male,3,20160404
user_0000971,1,-1,male,9,20150425
user_0000972,16,40,,13,20150429
user_0000973,11,26,male,4,20160331
user_0000974,1,37,male,4,20160725
user_0000975,8,24,male,9,20150616
user_0000976,1,37,male,3,20150920
user_0000977,15,33,female,9,20151030
user_0000978,1,30,male,3,20160918
user_0000979,5,39,female,7,20150822
user_0000980,18,39,female,3,20160130
user_0000981,3,33,female,7,20150405
user_0000982,1,0,male,13,20150726
user_0000983,13,39,female,3,20161104
user_0000984,10,31,female,9,20151106
user_0000985,5,52,,4,20160522
user_0000986,1,15,,3,20150511
user_0000987,11,40,female,3,20161203
user_0000988,19,43,female,3,20160726
user_0000989,21,2015,male,3,20150516
user_0000990,1,15,female,7,20151128
user_0000991,16,37,male,3,20160507
user_0000992,19,0,male,7,20161001
user_0000993,4,37,,13,20160301
user_0000994,1,44,female,13,20150426
user_0000995,20,31,female,9,20161107
user_0000996,2,29,male,9,20151001
user_0000997,1,2015,male,3,20150524
user_0000998,1,27,male,13,20150908
user_0000999,5,27,male,3,20150624
user_0001000,12,33,,9,20150701
user_0001001,5,-1,male,9,20151103
user_0001002,4,40,male,7,20151106
user_0001003,1,43,,4,20170124
user_0001004,3,33,female,3,20150407
user_0001005,21,25,,4,20150609
user_0001006,1,0,,3,20150520
user_0001007,1,1000,female,3,20160120
user_0001008,1,41,,3,20170112
user_0001009,9,18,female,9,20150801
user_0001010,18,17,,13,20150820
user_0001011,1,33,,3,20150201
user_0001012,1,19,female,3,20160306
user_0001013,18,38,male,3,20160929
user_0001014,1,35,female,3,20150602
user_0001015,9,38,female,3,20151129
user_0001016,6,33,,4,20160213
user_0001017,1,29,male,4,20151005
user_0001018,13,21,,4,20160930
user_0001019,1,15,female,3,20161106
user_0001020,1,46,male,7,20160704
user_0001021,1,39,,3,20160506
user_0001022,19,15,female,4,20150209
user_0001023,1,34,male,4,20161224
user_0001024,1,28,female,9,20161207
user_0001025,2,37,female,3,20150507
user_0001026,1,36,male,7,20151014
user_0001027,5,1000,male,3,20160811
user_0001028,1,20,female,9,20150220
user_0001029,1,-1,,4,20150415
user_0001030,12,44,male,4,20160529
user_0001031,8,28,male,9,20160807
user_0001032,18,40,,7,20150714
user_0001033,1,42,female,3,20151208
user_0001034,10,29,male,3,20161116
user_0001035,6,30,female,13,20161111
user_0001036,1,39,female,3,20160712
user_0001037,3,21,male,3,20151002
user_0001038,17,15,female,13,20150827
user_0001039,21,34,male,3,20160908
user_0001040,9,21,male,3,20160515
user_0001041,10,29,,3,20150922
user_0001042,1,41,,3,20170129
user_0001043,1,41,female,4,20150302
user_0001044,8,48,female,4,20150730
user_0001045,1,36,,3,20160411
user_0001046,21,34,female,3,20150721
user_0001047,1,24,male,9,20150625
user_0001048,1,25,female,9,20160824
user_0001049,9,15,male,4,20160805
user_0001050,6,45,female,3,20150602
user_0001051,11,26,,4,20160817
user_0001052,12,-1,female,7,20161211
user_0001053,2,19,female,4,20151014
user_0001054,1,27,male,9,20161006
user_0001055,7,28,female,4,20150515
user_0001056,1,22,female,4,20160917
user_0001057,7,2015,male,3,20160910
user_0001058,16,0,female,4,20160927
user_0001059,1,0,female,7,20161201
user_0001060,10,15,male,7,20151201
user_0001061,1,22,,3,20161214
user_0001062,15,40,female,13,20160129
user_0001063,12,2015,female,7,20160810
user_0001064,16,15,female,4,20150619
user_0001065,15,19,,4,20150603
user_0001066,12,43,,7,20161022
user_0001067,10,38,male,3,20161021
user_0001068,2,30,female,7,20170115
user_0001069,1,-1,,7,20151029
user_0001070,19,-1,male,4,20160917
user_0001071,20,36,male,9,20160114
user_0001072,1,33,male,4,20150820
user_0001073,20,26,male,4,20150714
user_0001074,9,26,female,3,20160725
user_0001075,1,32,female,9,20160730
user_0001076,1,18,male,3,20151118
user_0001077,3,40,male,7,20170109
user_0001078,4,34,female,4,20160526
user_0001079,1,16,female,13,20151007
user_0001080,3,18,female,13,20161001
user_0001081,1,1000,female,3,20150527
user_0001082,21,21,male,13,20160610
user_0001083,1,32,female,7,20151230
user_0001084,14,15,female,3,20150425
user_0001085,1,21,male,4,20150525
user_0001086,5,28,male,3,20150815
user_0001087,1,28,female,4,20150421
user_0001088,11,28,female,3,20150522
user_0001089,13,25,female,3,20151226
user_0001090,4,45,female,3,20150114
user_0001091,9,24,,7,20151208
user_0001092,14,-1,,9,20150402
user_0001093,1,20,male,13,20150110
user_0001094,21,2015,female,3,20160723
user_0001095,21,-1,female,4,20161230
user_0001096,7,35,female,3,20150702
user_0001097,1,15,female,3,20170125
user_0001098,11,38,male,13,20160520
user_0001099,11,36,,3,20160918
user_0001100,4,25,male,9,20160622
user_0001101,1,38,,7,20150820
user_0001102,1,39,,3,20150901
user_0001103,1,26,female,7,20160429
user_0001104,4,36,male,3,20160327
user_0001105,1,32,female,9,20161204
user_0001106,6,36,male,3,20161220
user_0001107,13,32,,3,20160901
user_0001108,13,15,female,7,20150316
user_0001109,21,33,male,4,20170110
user_0001110,18,20,female,3,20150910
user_0001111,1,-1,female,4,20160715
user_0001112,1,43,female,3,20151006
user_0001113,6,30,male,4,20150904
user_0001114,11,29,,7,20160204
user_0001115,13,15,female,9,20150801
user_0001116,1,27,female,3,20150517
user_0001117,10,2015,male,4,20150629
user_0001118,14,26,female,13,20150612
user_0001119,10,24,male,4,20170110
user_0001120,17,33,male,7,20150314
user_0001121,1,25,female,3,20151028
user_0001122,1,22,male,9,20160221
user_0001123,1,18,male,4,20160327
user_0001124,1,21,female,9,20150417
user_0001125,16,31,male,9,20160802
user_0001126,1,42,female,9,20151111
user_0001127,1,27,female,3,20150131
user_0001128,9,22,male,7,20161019
user_0001129,1,30,,3,20150729
user_0001130,17,18,male,3,20160822
user_0001131,12,25,female,3,20161115
user_0001132,1,25,male,4,20160128
user_0001133,9,34,female,7,20151206
user_0001134,14,0,,13,20150306
user_0001135,5,34,,3,20150814
user_0001136,8,25,male,3,20150426
user_0001137,21,2015,male,3,20160507
user_0001138,8,31,female,9,20150723
user_0001139,18,0,female,4,20150612
user_0001140,1,32,,4,20160328
user_0001141,5,1000,male,7,20160730
user_0001142,1,36,male,7,20150420
user_0001143,16,25,female,3,20160516
user_0001144,19,31,,3,20160306
user_0001145,1,46,,4,20161109
user_0001146,21,41,male,9,20161230
user_0001147,15,38,male,4,20150601
user_0001148,1,0,male,3,20150204
user_0001149,1,25,female,4,20150419
user_0001150,19,28,male,4,20151008
user_0001151,12,38,male,4,20160612
user_0001152,12,39,female,4,20170115
user_0001153,21,34,female,13,20160229
user_0001154,17,2015,female,3,20160213
user_0001155,8,22,male,4,20161201
user_0001156,12,40,female,7,20170107
user_0001157,11,0,male,9,20161213
user_0001158,1,1000,male,7,20150518
user_0001159,1,25,male,4,20161128
user_0001160,1,26,male,9,20150923
user_0001161,11,31,male,4,20150127
user_0001162,21,58,female,13,20150215
user_0001163,13,28,male,3,20160712
user_0001164,3,-1,female,3,20151223
user_0001165,1,24,female,9,20160829
user_0001166,14,43,male,3,20151214
user_0001167,1,25,female,9,20160524
user_0001168,11,39,male,7,20160524
user_0001169,1,33,male,4,20150704
user_0001170,13,38,male,3,20150106
user_0001171,1,1000,male,9,20151107
user_0001172,18,18,,3,20160307
user_0001173,9,23,female,13,20151218
user_0001174,1,31,male,9,20160424
user_0001175,18,38,,3,20150411
user_0001176,10,2015,male,3,20161010
user_0001177,13,28,female,9,20160422
user_0001178,21,38,male,4,20160602
user_0001179,6,23,male,3,20150613
user_0001180,13,33,,4,20151026
user_0001181,19,31,female,3,20150622
user_0001182,1,38,male,4,20150624
user_0001183,2,15,female,7,20160510
user_0001184,19,-1,female,9,20151119
user_0001185,1,45,male,9,20151002
user_0001186,8,16,male,3,20150707
user_0001187,14,29,female,4,20160922
user_0001188,13,29,female,4,20150722
user_0001189,1,24,male,13,20150107
user_0001190,7,24,female,3,20160223
user_0001191,6,0,male,4,20161226
user_0001192,5,48,female,9,20150723
user_0001193,11,32,male,4,20160614
user_0001194,1,36,male,3,20160615
user_0001195,1,26,,4,20150828
user_0001196,1,18,female,3,20161225
user_0001197,5,0,female,13,20151108
user_0001198,10,38,male,3,20161116
user_0001199,1,23,female,3,20161102
user_0001200,1,21,female,3,20160930
user_0001201,4,45,male,7,20161222
user_0001202,17,37,female,3,20160205
user_0001203,1,30,male,9,20150812
user_0001204,12,37,female,9,20150322
user_0001205,1,-1,female,13,20160518
user_0001206,9,39,,3,20151201
user_0001207,1,41,male,3,20151228
user_0001208,2,39,male,4,20160428
user_0001209,2,30,male,13,20160703
user_0001210,1,25,female,7,20150523
user_0001211,1,48,,3,20160730
user_0001212,11,0,male,7,20160420
user_0001213,3,26,female,9,20151121
user_0001214,18,34,male,13,20160819
user_0001215,1,26,female,7,20150422
user_0001216,13,31,male,9,20150529
user_0001217,1,32,female,9,20150408
user_0001218,1,33,female,3,20160114
user_0001219,2,37,male,3,20160923
user_0001220,17,44,,7,20150926
user_0001221,15,49,female,3,20151213
user_0001222,1,37,female,4,20160601
user_0001223,1,34,,13,20160926
user_0001224,1,34,female,4,20151227
user_0001225,1,27,female,4,20160926
user_0001226,15,27,male,13,20170120
user_0001227,4,0,male,3,20160708
user_0001228,7,38,male,13,20150406
user_0001229,12,41,male,9,20150513
user_0001230,19,26,,3,20170102
user_0001231,1,36,female,3,20170124
user_0001232,2,1000,male,3,20160908
user_0001233,1,49,male,9,20151114
user_0001234,10,2015,male,3,20160210
user_0001235,4,42,male,3,20170107
user_0001236,1,22,male,9,20150131
user_0001237,9,22,female,4,20150111
user_0001238,4,32,,7,20161203
user_0001239,11,-1,female,7,20160802
user_0001240,1,19,,3,20151129
user_0001241,1,35,male,3,20161101
user_0001242,20,36,male,4,20161129
user_0001243,1,36,female,3,20160928
user_0001244,16,45,,4,20160728
user_0001245,5,19,female,7,20160510
user_0001246,1,22,female,7,20160804
user_0001247,12,36,,7,20170129
user_0001248,1,2015,female,3,20150612
user_0001249,1,36,male,3,20150705
user_0001250,19,38,,9,20150129
user_0001251,1,16,male,3,20151208
user_0001252,19,48,male,4,20160530
user_0001253,2,46,male,3,20150626
user_0001254,11,18,male,13,20150223
user_0001255,12,27,male,3,20160905
user_0001256,1,40,female,4,20160812
user_0001257,1,28,,4,20160229
user_0001258,11,36,,7,20160811
user_0001259,1,24,female,13,20160816
user_0001260,1,2015,male,7,20150823
user_0001261,1,20,,3,20150226
user_0001262,19,30,male,3,20161101
user_0001263,16,34,female,7,20150204
user_0001264,21,19,male,13,20160507
user_0001265,1,34,female,3,20150304
user_0001266,9,34,male,7,20161120
user_0001267,3,38,male,3,20161015
user_0001268,16,18,,4,20160526
user_0001269,2,44,male,4,20160210
user_0001270,17,24,male,7,20150528
user_0001271,12,25,,13,20150217
user_0001272,1,27,male,7,20160624
user_0001273,1,37,female,4,20150212
user_0001274,6,29,male,7,20150518
user_0001275,20,29,male,4,20160712
user_0001276,18,36,female,4,20160106
user_0001277,12,29,male,3,20150517
user_0001278,4,26,female,4,20161225
user_0001279,7,25,female,3,20160525
user_0001280,16,29,male,3,20150208
user_0001281,15,33,female,3,20150529
user_0001282,2,42,,4,20161031
user_0001283,14,0,male,3,20161117
user_0001284,13,41,female,9,20161127
user_0001285,1,38,,9,20150914
user_0001286,3,45,male,3,20151106
user_0001287,14,34,male,7,20160803
user_0001288,2,-1,male,9,20150428
user_0001289,17,15,male,3,20150823
user_0001290,11,30,female,4,20150524
user_0001291,6,36,female,4,20150106
user_0001292,10,37,male,7,20150126
user_0001293,1,18,,13,20150503
user_0001294,1,25,female,3,20150825
user_0001295,13,24,male,13,20160901
user_0001296,8,27,female,7,20150328
user_0001297,19,38,male,9,20150921
user_0001298,15,37,female,7,20161009
user_0001299,1,42,female,9,20160618
user_0001300,2,18,female,3,20160903
user_0001301,8,17,male,7,20150523
user_0001302,2,31,female,3,20170107
user_0001303,1,25,male,4,20151203
user_0001304,4,31,female,7,20150602
user_0001305,1,32,female,3,20160223
user_0001306,6,-1,female,3,20150123
user_0001307,5,41,male,9,20160801
user_0001308,7,27,female,9,20160713
user_0001309,1,35,female,7,20161211
user_0001310,14,36,female,3,20150722
user_0001311,19,44,female,7,20151007
user_0001312,8,34,male,3,20151016
user_0001313,1,17,male,7,20150813
user_0001314,5,35,female,4,20160927
user_0001315,8,29,,7,20150614
user_0001316,1,19,female,4,20150813
user_0001317,13,-1,female,3,20160610
user_0001318,1,26,male,7,20160410
user_0001319,12,32,female,4,20160527
user_0001320,1,27,male,7,20150323
user_0001321,4,32,,3,20150727
user_0001322,1,35,female,3,20160310
user_0001323,1,36,female,4,20150603
user_0001324,9,50,,7,20151021
user_0001325,5,1000,female,13,20150316
user_0001326,6,27,female,9,20160130
user_0001327,1,40,,3,20150402
user_0001328,9,1000,female,7,20160201
user_0001329,2,40,male,3,20160805
user_0001330,6,37,male,7,20150707
user_0001331,20,33,male,3,20160829
user_0001332,1,29,male,3,20160829
user_0001333,10,25,male,4,20151226
user_0001334,18,26,female,4,20160511
user_0001335,21,37,,7,20160808
user_0001336,7,27,male,7,20160201
user_0001337,7,40,female,7,20160209
user_0001338,13,23,female,4,20150911
user_0001339,1,40,male,7,20160403
user_0001340,7,0,male,3,20161226
user_0001341,16,23,,7,20161025
user_0001342,11,-1,female,4,20150803
user_0001343,1,47,female,4,20151218
user_0001344,14,42,male,3,20150925
user_0001345,1,1000,,4,20160207
user_0001346,17,45,female,3,20160710
user_0001347,1,29,male,4,20170125
user_0001348,7,16,female,3,20160226
user_0001349,7,49,female,7,20170122
user_0001350,13,29,female,9,20160925
user_0001351,6,24,male,3,20160412
user_0001352,6,41,,3,20160313
user_0001353,20,1000,,7,20160114
user_0001354,2,18,,3,20150124
user_0001355,10,39,female,9,20150113
user_0001356,17,23,male,3,20160225
user_0001357,17,2015,female,3,20151214
user_0001358,1,1000,male,4,20150407
user_0001359,21,33,female,3,20150808
user_0001360,1,27,female,3,20161115
user_0001361,5,22,female,3,20151206
user_0001362,13,31,female,7,20150216
user_0001363,12,43,,13,20150628
user_0001364,4,28,female,3,20151119
user_0001365,6,43,female,9,20170121
user_0001366,1,27,,3,20160127
user_0001367,19,33,female,4,20150627
user_0001368,14,33,female,4,20160606
user_0001369,9,23,male,3,20160518
user_0001370,13,0,male,9,20150518
user_0001371,9,36,male,7,20150122
user_0001372,1,34,female,3,20150317
user_0001373,1,33,male,3,20151107
user_0001374,16,34,male,9,20160724
user_0001375,13,39,male,13,20170126
user_0001376,3,44,male,7,20150715
user_0001377,17,34,,9,20151020
user_0001378,2,35,,13,20160326
user_0001379,19,2015,,7,20150313
user_0001380,18,22,male,7,20160824
user_0001381,1,2015,male,3,20160531
user_0001382,1,19,male,3,20150204
user_0001383,1,-1,male,7,20161014
user_0001384,19,33,female,13,20161219
user_0001385,17,1000,male,3,20150202
user_0001386,1,33,,4,20150702
user_0001387,1,1000,female,3,20160415
user_0001388,11,25,female,7,20151025
user_0001389,1,15,female,4,20150305
user_0001390,1,46,female,9,20161020
user_0001391,18,2015,male,3,20160827
user_0001392,1,20,female,7,20150521
user_0001393,1,36,male,7,20160408
user_0001394,15,24,female,4,20150811
user_0001395,5,25,female,3,20160918
user_0001396,1,33,male,4,20160126
user_0001397,1,41,female,7,20161221
user_0001398,6,40,,3,20160710
user_0001399,1,33,female,3,20160721
user_0001400,1,26,male,4,20150308
user_0001401,13,27,female,3,20160831
user_0001402,17,27,male,9,20160111
user_0001403,11,1000,female,9,20151125
user_0001404,18,28,,13,20150223
user_0001405,13,23,female,9,20150829
user_0001406,6,37,male,7,20160609
user_0001407,1,0,male,3,20161212
user_0001408,1,19,female,9,20150228
user_0001409,2,43,male,7,20150827
user_0001410,10,41,male,7,20170130
user_0001411,6,17,,7,20161030
user_0001412,1,30,female,9,20170111
user_0001413,7,24,,3,20151219
user_0001414,9,42,male,7,20150227
user_0001415,19,29,,4,20150118
user_0001416,15,0,male,3,20160509
user_0001417,17,2015,,3,20160329
user_0001418,1,35,male,3,20160111
user_0001419,7,55,male,4,20160725
user_0001420,18,45,male,3,20150126
user_0001421,1,2015,female,4,20150119
user_0001422,1,45,female,9,20160112
user_0001423,10,-1,male,7,20170122
user_0001424,1,37,male,7,20161214
user_0001425,3,34,male,13,20150914
user_0001426,9,28,male,3,20150810
user_0001427,17,32,female,4,20151215
user_0001428,3,46,female,3,20150601
user_0001429,1,41,male,4,20160720
user_0001430,1,31,,13,20160929
user_0001431,17,41,female,3,20160318
user_0001432,1,52,female,7,20160120
user_0001433,15,26,female,9,20151226
user_0001434,21,30,,4,20150622
user_0001435,8,27,female,9,20170105
user_0001436,14,48,female,4,20150620
user_0001437,13,27,female,3,20150411
user_0001438,17,30,male,4,20150602
user_0001439,19,-1,,3,20160630
user_0001440,14,29,female,3,20160615
user_0001441,11,-1,female,3,20150112
user_0001442,3,25,male,13,20150117
user_0001443,1,25,male,3,20160807
user_0001444,1,25,female,3,20150618
user_0001445,3,44,female,13,20160627
user_0001446,16,46,female,3,20160121
user_0001447,4,61,female,13,20151109
user_0001448,8,19,male,9,20151119
user_0001449,14,39,,7,20151111
user_0001450,4,18,female,4,20150203
user_0001451,19,-1,male,3,20160310
user_0001452,17,26,female,3,20150402
user_0001453,10,28,male,3,20161117
user_0001454,5,16,female,3,20160502
user_0001455,20,48,female,4,20150429
user_0001456,5,37,male,13,20150113
user_0001457,7,31,male,4,20151021
user_0001458,1,30,male,13,20150511
user_0001459,8,27,female,7,20151216
user_0001460,13,46,,3,20150204
user_0001461,10,35,,4,20150927
user_0001462,9,27,female,3,20150604
user_0001463,21,44,male,3,20150703
user_0001464,1,43,male,13,20160203
user_0001465,20,43,female,3,20160106
user_0001466,21,29,male,3,20160420
user_0001467,3,34,female,3,20150913
user_0001468,7,31,male,7,20160828
user_0001469,1,49,male,4,20160325
user_0001470,6,46,male,3,20150803
user_0001471,17,49,female,7,20151126
user_0001472,19,37,male,3,20150524
user_0001473,12,36,female,9,20160925
user_0001474,21,39,female,4,20150402
user_0001475,1,19,male,4,20160928
user_0001476,12,41,female,4,20160531
user_0001477,6,1000,male,7,20160219
user_0001478,1,36,male,13,20160229
user_0001479,1,27,male,9,20161027
user_0001480,7,2015,female,3,20150914
user_0001481,1,46,male,4,20160123
user_0001482,13,37,male,3,20150313
user_0001483,1,20,male,3,20150927
user_0001484,7,29,female,3,20160321
user_0001485,2,35,female,3,20160313
user_0001486,1,37,female,13,20160608
user_0001487,10,30,male,7,20161009
user_0001488,1,28,,9,20160415
user_0001489,17,39,female,7,20160219
user_0001490,16,32,male,3,20160206
user_0001491,4,31,female,4,20160902
user_0001492,11,37,female,4,20161103
user_0001493,20,0,female,3,20150926
user_0001494,8,27,male,4,20160129
user_0001495,14,22,,7,20160521
user_0001496,1,40,female,3,20150822
user_0001497,6,25,male,3,20160305
user_0001498,11,2015,female,4,20151021
user_0001499,14,24,female,7,20160513
user_0001500,15,-1,female,7,20160605
user_0001501,18,32,,7,20151206
user_0001502,14,2015,female,3,20160710
user_0001503,10,16,female,3,20150410
user_0001504,19,37,,3,20161118
user_0001505,10,1000,male,3,20150113
user_0001506,20,38,female,7,20160210
user_0001507,5,41,female,13,20150308
user_0001508,4,-1,female,7,20150310
user_0001509,3,30,male,3,20150224
user_0001510,1,36,female,3,20151008
user_0001511,1,22,female,9,20151120
user_0001512,1,38,female,13,20160408
user_0001513,1,37,male,4,20151014
user_0001514,16,1000,male,3,20150611
user_0001515,15,0,female,3,20160424
user_0001516,19,39,,7,20151113
user_0001517,8,20,male,9,20161227
user_0001518,21,38,male,3,20150419
user_0001519,18,-1,male,3,20151112
user_0001520,18,43,male,3,20151031
user_0001521,18,26,male,3,20150905
user_0001522,20,45,female,9,20160411
user_0001523,1,2015,male,7,20160415
user_0001524,1,41,male,13,20160519
user_0001525,9,40,female,3,20160203
user_0001526,7,34,male,3,20160220
user_0001527,2,47,female,9,20150209
user_0001528,12,-1,male,7,20160218
user_0001529,6,15,,3,20160824
user_0001530,7,40,male,4,20150219
user_0001531,7,40,female,7,20150925
user_0001532,1,34,male,7,20151120
user_0001533,17,33,male,4,20160220
user_0001534,1,0,,3,20151022
user_0001535,1,2015,female,13,20160509
user_0001536,12,34,female,4,20151120
user_0001537,5,25,male,7,20161209
user_0001538,3,35,male,4,20150108
user_0001539,1,2015,female,3,20150901
user_0001540,14,20,male,3,20160111
user_0001541,21,30,female,3,20151222
user_0001542,21,1000,female,3,20160922
user_0001543,13,29,female,3,20161025
user_0001544,4,36,male,4,20150307
user_0001545,21,-1,female,3,20161222
user_0001546,19,44,,3,20150510
user_0001547,5,32,,9,20160709
user_0001548,20,34,,3,20150201
user_0001549,15,18,male,3,20160921
user_0001550,1,31,,9,20160707
user_0001551,15,26,male,4,20150126
user_0001552,18,40,female,4,20150408
user_0001553,1,37,female,3,20160315
user_0001554,18,2015,female,4,20161220
user_0001555,1,0,,3,20150819
user_0001556,14,36,,9,20160307
user_0001557,10,28,male,9,20160330
user_0001558,1,24,male,3,20160412
user_0001559,14,44,male,3,20160426
user_0001560,18,35,,9,20150531
user_0001561,20,45,,3,20151104
user_0001562,1,35,,7,20150223
user_0001563,4,34,male,9,20161015
user_0001564,13,-1,,9,20160821
user_0001565,10,31,female,9,20160912
user_0001566,15,0,male,4,20150819
user_0001567,1,46,female,9,20150215
user_0001568,21,-1,female,4,20170110
user_0001569,1,32,male,3,20161107
user_0001570,20,40,female,4,20150831
user_0001571,9,0,male,3,20160719
user_0001572,1,48,female,7,20160111
user_0001573,1,26,,9,20161008
user_0001574,12,-1,male,3,20150424
user_0001575,13,-1,,3,20150821
user_0001576,12,22,female,4,20150128
user_0001577,1,34,male,4,20151106
user_0001578,1,19,female,13,20150212
user_0001579,1,22,female,13,20160722
user_0001580,16,26,female,13,20160708
user_0001581,17,46,male,7,20161021
user_0001582,9,18,male,7,20161009
user_0001583,4,43,female,3,20150812
user_0001584,21,15,female,3,20150611
user_0001585,2,34,,3,20160602
user_0001586,1,29,female,9,20160906
user_0001587,11,34,female,3,20151026
user_0001588,7,31,male,3,20160930
user_0001589,1,25,male,3,20151224
user_0001590,4,28,female,3,20161028
user_0001591,19,27,male,7,20160107
user_0001592,11,25,male,3,20151205
user_0001593,5,22,,3,20151021
user_0001594,9,2015,,9,20150620
user_0001595,8,30,male,9,20161107
user_0001596,2,47,male,7,20150731
user_0001597,1,28,female,4,20160928
user_0001598,1,30,male,3,20160504
user_0001599,1,27,female,9,20150202
user_0001600,18,27,male,7,20151115
user_0001601,6,26,female,4,20150218
user_0001602,5,32,,3,20161126
user_0001603,1,31,female,3,20150303
user_0001604,14,30,male,3,20150914
user_0001605,1,-1,male,3,20150422
user_0001606,15,51,,3,20150509
user_0001607,9,30,male,4,20150613
user_0001608,19,32,male,4,20150311
user_0001609,7,38,,3,20150531
user_0001610,19,35,male,4,20160515
user_0001611,4,15,female,3,20150804
user_0001612,1,25,,3,20151031
user_0001613,21,31,male,7,20151024
user_0001614,1,25,,4,20160711
user_0001615,1,1000,male,3,20160705
user_0001616,1,38,male,9,20160506
user_0001617,4,20,female,4,20160330
user_0001618,7,34,male,4,20150604
user_0001619,1,43,,7,20150406
user_0001620,9,0,male,7,20150718
user_0001621,19,16,female,9,20160527
user_0001622,8,-1,male,9,20160505
user_0001623,10,27,female,7,20160318
user_0001624,1,16,male,7,20160409
user_0001625,2,25,,3,20150102
user_0001626,4,29,female,7,20160505
user_0001627,13,30,female,3,20161023
user_0001628,13,1000,,3,20150411
user_0001629,17,35,female,3,20150608
user_0001630,9,20,female,4,20150530
user_0001631,6,31,,3,20160117
user_0001632,9,38,,7,20150826
user_0001633,21,26,female,7,20160130
user_0001634,4,27,male,7,20150102
user_0001635,15,2015,,3,20150214
user_0001636,16,27,male,7,20150122
user_0001637,6,20,female,9,20150421
user_0001638,1,34,male,3,20160606
user_0001639,19,34,male,3,20150511
user_0001640,5,36,male,3,20150515
user_0001641,1,29,female,4,20161202
user_0001642,20,25,male,3,20161018
user_0001643,6,-1,female,4,20161114
user_0001644,1,34,male,3,20170118
user_0001645,18,0,female,7,20161102
user_0001646,16,42,female,4,20150803
user_0001647,1,40,male,7,20150708
user_0001648,6,18,male,3,20161208
user_0001649,16,29,female,7,20151114
user_0001650,17,28,female,7,20150912
user_0001651,1,44,,7,20160219
user_0001652,3,22,male,3,20161013
user_0001653,15,28,,13,20150211
user_0001654,9,32,male,4,20150714
user_0001655,19,49,,3,20150413
user_0001656,17,18,male,4,20151114
user_0001657,1,20,male,4,20151227
user_0001658,20,21,male,4,20160223
user_0001659,10,16,male,3,20150325
user_0001660,13,18,female,3,20151103
user_0001661,5,24,female,3,20151218
user_0001662,1,23,female,9,20160516
user_0001663,1,30,,4,20160208
user_0001664,1,25,female,3,20160408
user_0001665,14,17,male,4,20150124
user_0001666,1,36,male,3,20170101
user_0001667,11,37,,3,20160813
user_0001668,1,2015,female,13,20151218
user_0001669,14,44,female,3,20151021
user_0001670,1,0,male,4,20150830
user_0001671,1,34,,3,20151228
user_0001672,1,-1,male,3,20150315
user_0001673,1,25,male,9,20160514
user_0001674,4,35,male,13,20150226
user_0001675,1,32,female,3,20161024
user_0001676,4,41,male,4,20150720
user_0001677,1,35,female,3,20150502
user_0001678,1,27,male,3,20160401
user_0001679,14,45,female,7,20150517
user_0001680,1,24,male,9,20150721
user_0001681,6,23,,7,20160427
user_0001682,1,35,female,7,20151003
user_0001683,1,29,,3,20161107
user_0001684,5,26,female,3,20150512
user_0001685,21,32,female,4,20150615
user_0001686,11,19,,7,20170119
user_0001687,14,38,female,4,20151223
user_0001688,12,28,female,4,20150401
user_0001689,1,28,,9,20150131
user_0001690,19,36,male,3,20161216
user_0001691,1,15,female,3,20150107
user_0001692,18,37,male,3,20160409
user_0001693,10,33,female,13,20161207
user_0001694,1,35,female,3,20160122
user_0001695,1,41,,3,20160803
user_0001696,5,29,female,4,20150318
user_0001697,1,33,female,7,20160614
user_0001698,10,45,male,3,20160724
user_0001699,12,35,,9,20150210
user_0001700,20,-1,female,3,20160807
user_0001701,15,2015,male,7,20160616
user_0001702,1,29,female,3,20160309
user_0001703,4,40,male,9,20160630
user_0001704,1,33,female,3,20150917
user_0001705,1,38,female,7,20150916
user_0001706,19,39,female,9,20150220
user_0001707,9,0,,3,20160907
user_0001708,1,15,male,3,20160506
user_0001709,1,1000,female,4,20170128
user_0001710,19,43,female,4,20160808
user_0001711,12,23,,4,20150709
user_0001712,21,38,male,9,20160302
user_0001713,1,37,male,4,20150129
user_0001714,14,1000,male,4,20150905
user_0001715,1,19,,4,20150808
user_0001716,2,43,,4,20150731
user_0001717,1,30,female,4,20160530
user_0001718,13,42,male,3,20160304
user_0001719,1,29,,3,20161115
user_0001720,11,21,male,3,20150725
user_0001721,12,30,male,3,20161217
user_0001722,14,32,,9,20170123
user_0001723,9,1000,male,3,20160909
user_0001724,19,42,male,3,20160125
user_0001725,10,34,female,4,20160411
user_0001726,3,0,male,3,20150216
user_0001727,18,0,female,3,20150610
user_0001728,13,22,male,3,20160609
user_0001729,14,42,female,4,20150901
user_0001730,1,31,male,7,20160522
user_0001731,18,42,,13,20150609
user_0001732,21,36,female,9,20160623
user_0001733,1,39,female,4,20160315
user_0001734,1,2015,male,4,20151014
user_0001735,4,24,male,4,20150314
user_0001736,21,2015,female,3,20150804
user_0001737,11,24,male,13,20160828
user_0001738,4,23,female,3,20161231
user_0001739,8,29,male,3,20160505
user_0001740,1,24,female,7,20161024
user_0001741,18,28,male,4,20160828
user_0001742,1,47,male,3,20150901
user_0001743,12,27,female,13,20160623
user_0001744,7,37,female,4,20150604
user_0001745,1,20,female,4,20160521
user_0001746,17,21,female,3,20160228
user_0001747,18,53,female,9,20150829
user_0001748,4,42,female,3,20150519
user_0001749,12,2015,male,4,20161120
user_0001750,3,27,male,9,20150331
user_0001751,1,22,male,13,20160804
user_0001752,10,1000,male,9,20150819
user_0001753,1,50,female,9,20150404
user_0001754,10,24,female,3,20150723
user_0001755,12,22,male,3,20150626
user_0001756,4,27,male,4,20150112
user_0001757,16,30,female,3,20150316
user_0001758,1,30,female,13,20160129
user_0001759,3,28,male,3,20160530
user_0001760,12,24,male,3,20160608
user_0001761,1,27,male,3,20151212
user_0001762,11,-1,female,3,20160214
user_0001763,8,38,female,4,20150629
user_0001764,17,17,male,3,20150408
user_0001765,12,-1,male,9,20160621
user_0001766,13,44,,7,20160725
user_0001767,15,38,male,3,20150326
user_0001768,12,35,,9,20150324
user_0001769,3,50,,9,20170121
user_0001770,1,18,male,3,20150625
user_0001771,18,30,male,9,20161227
user_0001772,19,24,female,13,20160326
user_0001773,4,44,male,7,20150316
user_0001774,10,23,female,3,20160531
user_0001775,20,39,male,9,20160531
user_0001776,1,19,male,13,20150912
user_0001777,20,44,female,3,20160409
user_0001778,21,28,female,3,20161122
user_0001779,1,-1,male,9,20150819
user_0001780,1,2015,female,7,20160806
user_0001781,1,26,female,3,20150912
user_0001782,1,29,male,4,20160305
user_0001783,1,32,male,3,20161228
user_0001784,15,21,male,9,20160521
user_0001785,11,45,,3,20150303
user_0001786,1,35,male,3,20161226
user_0001787,4,25,,3,20161116
user_0001788,15,39,male,3,20160817
user_0001789,1,42,male,13,20160109
user_0001790,9,35,female,3,20160517
user_0001791,3,2015,,4,20160223
user_0001792,1,31,,13,20150303
user_0001793,19,28,male,3,20160121
user_0001794,1,2015,male,3,20150813
user_0001795,9,32,,9,20160820
user_0001796,9,23,female,3,20150330
user_0001797,12,25,,13,20150526
user_0001798,10,35,male,9,20160706
user_0001799,12,15,female,3,20150626
user_0001800,21,37,female,4,20160212
user_0001801,21,22,female,4,20150326
user_0001802,10,0,,7,20170115
user_0001803,3,27,male,3,20151209
user_0001804,18,19,female,4,20150708
user_0001805,13,54,male,3,20150131
user_0001806,19,55,male,3,20151231
user_0001807,1,15,,3,20170107
user_0001808,1,37,female,9,20150522
user_0001809,5,15,,9,20151201
user_0001810,5,34,male,3,20150615
user_0001811,8,27,male,7,20150924
user_0001812,20,31,female,4,20150315
user_0001813,16,30,female,3,20161207
user_0001814,17,26,male,3,20161210
user_0001815,13,20,female,13,20161015
user_0001816,1,33,,3,20161120
user_0001817,1,37,male,4,20150616
user_0001818,6,28,male,13,20170115
user_0001819,2,44,male,3,20150228
user_0001820,11,24,,9,20160929
user_0001821,2,38,,3,20160701
user_0001822,1,2015,female,7,20160102
user_0001823,1,20,female,9,20150930
user_0001824,1,2015,female,9,20150704
user_0001825,1,25,male,13,20160921
user_0001826,8,1000,female,7,20160312
user_0001827,13,55,male,13,20151016
user_0001828,8,37,male,3,20150803
user_0001829,4,31,male,4,20150817
user_0001830,6,20,,3,20160914
user_0001831,1,2015,male,3,20151216
user_0001832,7,28,male,4,20150524
user_0001833,5,30,female,7,20150202
user_0001834,20,30,female,7,20170109
user_0001835,18,53,male,3,20150514
user_0001836,3,-1,female,13,20151115
user_0001837,3,2015,male,3,20150424
user_0001838,3,36,female,3,20160506
user_0001839,7,22,male,9,20160622
user_0001840,1,38,male,9,20151223
user_0001841,18,32,male,7,20150817
user_0001842,1,23,,3,20160213
user_0001843,1,39,male,4,20160912
user_0001844,18,15,female,9,20160209
user_0001845,9,29,male,3,20161222
user_0001846,1,26,female,9,20150726
user_0001847,8,20,female,9,20160112
user_0001848,10,26,female,4,20161020
user_0001849,3,30,female,9,20150523
user_0001850,1,38,female,4,20160909
user_0001851,14,40,,7,20150112
user_0001852,1,37,male,7,20161125
user_0001853,11,44,female,3,20170102
user_0001854,19,15,female,4,20150508
user_0001855,18,17,female,7,20150402
user_0001856,18,33,male,4,20160430
user_0001857,1,21,female,3,20160721
user_0001858,4,31,male,13,20150717
user_0001859,6,1000,male,13,20150115
user_0001860,6,46,male,3,20160723
user_0001861,4,38,,13,20161127
user_0001862,10,36,male,4,20150426
user_0001863,12,35,female,3,20160301
user_0001864,15,24,female,9,20160218
user_0001865,1,27,male,4,20160515
user_0001866,5,20,male,7,20151221
user_0001867,1,31,female,9,20160414
user_0001868,1,33,male,4,20150228
user_0001869,1,22,female,3,20150629
user_0001870,1,37,female,9,20160812
user_0001871,3,1000,male,7,20150331
user_0001872,1,46,female,9,20150427
user_0001873,1,32,male,3,20160927
user_0001874,13,24,male,9,20161208
user_0001875,1,38,male,9,20160226
user_0001876,21,45,,3,20160503
user_0001877,1,33,male,4,20160308
user_0001878,7,31,,3,20160618
user_0001879,1,22,male,3,20150327
user_0001880,2,22,male,3,20160804
user_0001881,16,18,female,3,20161221
user_0001882,14,29,male,3,20150620
user_0001883,17,48,female,7,20160614
user_0001884,3,29,,4,20160705
user_0001885,1,17,male,4,20151119
user_0001886,1,34,male,3,20151009
user_0001887,1,31,male,3,20150206
user_0001888,12,41,male,7,20150129
user_0001889,4,36,male,4,20151224
user_0001890,11,16,male,4,20150916
user_0001891,1,33,male,4,20170114
user_0001892,3,33,male,4,20150914
user_0001893,2,23,,9,20160802
user_0001894,7,43,male,3,20150227
user_0001895,2,32,male,4,20150118
user_0001896,1,26,male,7,20150429
user_0001897,5,0,female,3,20160723
user_0001898,3,38,male,13,20151025
user_0001899,4,42,female,4,20161024
user_0001900,15,0,male,3,20150208
user_0001901,15,2015,,7,20150715
user_0001902,1,36,,9,20160827
user_0001903,18,22,,7,20161002
user_0001904,9,30,female,9,20160615
user_0001905,11,27,,3,20170109
user_0001906,1,27,male,4,20160310
user_0001907,6,50,male,7,20151115
user_0001908,1,38,,9,20151230
user_0001909,8,31,male,7,20150320
user_0001910,11,1000,male,7,20161124
user_0001911,10,40,,4,20151010
user_0001912,1,32,,4,20160604
user_0001913,1,26,male,4,20161120
user_0001914,17,26,female,9,20170110
user_0001915,16,1000,,9,20151220
user_0001916,1,15,female,7,20150214
user_0001917,21,21,male,13,20150816
user_0001918,1,36,male,3,20161208
user_0001919,12,26,male,7,20151203
user_0001920,13,25,female,4,20161125
user_0001921,1,23,female,7,20160925
user_0001922,2,45,,3,20150509
user_0001923,12,25,male,4,20160407
user_0001924,1,33,,9,20160215
user_0001925,1,38,female,3,20150329
user_0001926,1,27,male,3,20150405
user_0001927,1,24,female,4,20150830
user_0001928,11,51,,9,20161020
user_0001929,3,37,,3,20150806
user_0001930,14,39,male,9,20160829
user_0001931,8,26,,3,20160806
user_0001932,11,57,female,3,20150310
user_0001933,2,38,male,4,20160126
user_0001934,20,22,male,7,20160101
user_0001935,1,17,male,9,20150225
user_0001936,1,0,female,9,20150928
user_0001937,17,2015,male,3,20150115
user_0001938,17,43,female,7,20160430
user_0001939,1,-1,male,7,20151005
user_0001940,14,2015,female,4,20160129
user_0001941,13,45,,7,20160307
user_0001942,1,-1,male,9,20161012
user_0001943,3,38,male,4,20160314
user_0001944,13,31,male,9,20160904
user_0001945,16,42,male,3,20151020
user_0001946,11,32,female,3,20160220
user_0001947,1,31,female,7,20151110
user_0001948,1,1000,,3,20150215
user_0001949,1,29,female,4,20150819
user_0001950,1,36,female,4,20160802
user_0001951,12,55,female,3,20150501
user_0001952,2,31,female,7,20150517
user_0001953,14,43,female,7,20150908
user_0001954,8,27,male,3,20160110
user_0001955,8,24,,3,20160515
user_0001956,19,30,female,9,20160403
user_0001957,1,41,male,9,20150813
user_0001958,1,42,,9,20160621
user_0001959,10,2015,male,4,20161121
user_0001960,17,28,female,3,20160908
user_0001961,4,2015,male,4,20160302
user_0001962,15,31,male,3,20151001
user_0001963,4,48,,4,20150504
user_0001964,6,38,male,3,20160929
user_0001965,10,34,female,3,20151219
user_0001966,11,32,male,4,20151223
user_0001967,4,28,male,3,20150515
user_0001968,19,32,,4,20150102
user_0001969,6,49,male,7,20150411
user_0001970,14,19,male,7,20150724
user_0001971,1,2015,male,13,20150325
user_0001972,21,37,male,9,20160306
user_0001973,16,20,female,7,20150510
user_0001974,1,39,female,9,20150803
user_0001975,12,38,female,4,20150524
user_0001976,3,18,female,9,20160906
user_0001977,1,41,,3,20170107
user_0001978,7,29,male,4,20150806
user_0001979,5,27,male,13,20150207
user_0001980,12,24,female,4,20150220
user_0001981,9,32,male,4,20151211
user_0001982,19,42,female,9,20170102
user_0001983,6,2015,female,3,20160509
user_0001984,1,44,,9,20160209
user_0001985,1,51,female,3,20150224
user_0001986,19,42,female,3,20150602
user_0001987,11,2015,,3,20150906
user_0001988,15,36,male,3,20150501
user_0001989,2,-1,,13,20151104
user_0001990,1,18,female,3,20151106
user_0001991,1,34,,3,20151227
user_0001992,5,15,,4,20160818
user_0001993,15,32,male,7,20160531
user_0001994,12,21,female,7,20160510
user_0001995,14,17,male,4,20160125
user_0001996,1,28,male,3,20160105
user_0001997,15,25,female,9,20160202
user_0001998,14,43,female,3,20160313
user_0001999,6,42,female,3,20150803
user_0002000,1,51,female,3,20160622
user_0002001,9,33,female,4,20150210
user_0002002,4,28,,13,20150109
user_0002003,11,32,female,7,20160518
user_0002004,15,42,female,4,20160609
user_0002005,6,31,male,4,20160205
user_0002006,1,43,male,7,20150723
user_0002007,14,-1,male,7,20160127
user_0002008,8,27,male,3,20160325
user_0002009,1,44,female,3,20160317
user_0002010,1,38,female,3,20160804
user_0002011,14,37,female,9,20161212
user_0002012,1,31,,7,20151020
user_0002013,17,29,,9,20160730
user_0002014,8,34,female,3,20160514
user_0002015,14,23,male,9,20160109
user_0002016,10,29,male,4,20150103
user_0002017,2,23,female,13,20150606
user_0002018,1,35,,4,20160511
user_0002019,1,0,,4,20150506
user_0002020,7,-1,male,9,20161006
user_0002021,5,27,female,7,20160316
user_0002022,7,23,male,7,20150616
user_0002023,4,26,male,3,20160817
user_0002024,1,19,,7,20160724
user_0002025,6,55,female,3,20160527
user_0002026,18,1000,male,3,20161201
user_0002027,6,2015,female,3,20160802
user_0002028,1,36,male,4,20160408
user_0002029,2,31,female,3,20150301
user_0002030,19,1000,female,7,20150317
user_0002031,1,40,,3,20150305
user_0002032,4,36,male,3,20161111
user_0002033,9,33,,13,20160305
user_0002034,19,32,male,3,20160527
user_0002035,12,23,female,4,20160810
user_0002036,1,22,male,3,20150413
user_0002037,1,33,female,3,20150602
user_0002038,1,36,male,4,20161110
user_0002039,6,47,female,9,20170122
user_0002040,12,15,,3,20161119
user_0002041,14,36,female,9,20151225
user_0002042,11,31,female,13,20151121
user_0002043,2,24,female,4,20150215
user_0002044,8,29,male,3,20161002
user_0002045,1,38,female,3,20160403
user_0002046,1,28,male,3,20151112
user_0002047,1,30,female,3,20170129
user_0002048,1,29,female,9,20150913
user_0002049,15,30,male,3,20170119
user_0002050,1,56,female,9,20160713
user_0002051,15,53,male,7,20170111
user_0002052,9,-1,,3,20160121
user_0002053,1,16,male,3,20151204
user_0002054,1,49,male,7,20151116
user_0002055,1,29,male,7,20161030
user_0002056,20,35,male,3,20160519
user_0002057,2,27,,9,20150914
user_0002058,1,36,male,3,20150602
user_0002059,12,22,female,4,20161025
user_0002060,4,2015,male,3,20170121
user_0002061,12,37,female,7,20160201
user_0002062,1,27,female,3,20150220
user_0002063,5,30,male,3,20151018
user_0002064,17,2015,female,7,20150121
user_0002065,1,32,female,4,20150202
user_0002066,1,30,,7,20161121
user_0002067,1,27,male,7,20151025
user_0002068,1,24,female,7,20150718
user_0002069,20,31,male,3,20160523
user_0002070,11,28,male,7,20161224
user_0002071,1,31,male,3,20150521
user_0002072,1,25,male,3,20161225
user_0002073,6,45,male,4,20151208
user_0002074,5,0,male,3,20170126
user_0002075,16,43,male,3,20150708
user_0002076,1,33,female,7,20151221
user_0002077,1,39,female,7,20150506
user_0002078,5,15,female,3,20161016
user_0002079,1,49,female,4,20150918
user_0002080,1,15,male,3,20150331
user_0002081,1,27,female,4,20150506
user_0002082,1,25,male,4,20160909
user_0002083,1,41,female,13,20160326
user_0002084,1,39,female,3,20160911
user_0002085,1,22,female,9,20160520
user_0002086,5,38,,13,20161123
user_0002087,1,40,male,3,20150912
user_0002088,13,26,male,7,20160227
user_0002089,9,29,male,9,20150309
user_0002090,16,30,female,7,20160817
user_0002091,12,31,,3,20150822
user_0002092,17,37,female,7,20150529
user_0002093,1,38,,9,20150411
user_0002094,1,26,male,3,20150806
user_0002095,13,32,male,4,20160426
user_0002096,6,34,male,3,20160210
user_0002097,1,32,female,9,20161028
user_0002098,1,18,female,7,20160228
user_0002099,1,21,,3,20150214
user_0002100,13,25,female,7,20151221
user_0002101,12,28,male,7,20151205
user_0002102,13,38,female,3,20160927
user_0002103,1,2015,male,4,20160107
user_0002104,8,53,female,7,20160121
user_0002105,1,21,male,3,20150201
user_0002106,18,32,,4,20161221
user_0002107,15,-1,female,13,20170121
user_0002108,12,21,,7,20160416
user_0002109,1,40,female,4,20150331
user_0002110,2,34,female,3,20170112
user_0002111,3,27,male,3,20150331
user_0002112,1,28,male,9,20160417
user_0002113,2,21,male,7,20150220
user_0002114,13,41,male,9,20160819
user_0002115,5,32,female,4,20151014
user_0002116,21,24,male,4,20150408
user_0002117,11,39,male,4,20160519
user_0002118,10,15,male,7,20160730
user_0002119,1,-1,female,3,20160206
user_0002120,13,36,,4,20150327
user_0002121,10,31,male,4,20151119
user_0002122,8,35,female,7,20150715
user_0002123,21,40,female,3,20150705
user_0002124,8,41,female,3,20150606
user_0002125,19,25,male,3,20160927
user_0002126,1,40,,3,20150708
user_0002127,1,27,male,9,20150708
user_0002128,11,27,female,7,20151110
user_0002129,13,-1,female,7,20151207
user_0002130,18,27,male,4,20160404
user_0002131,12,38,female,3,20160528
user_0002132,1,37,female,4,20160319
user_0002133,17,38,male,9,20150118
user_0002134,19,23,male,4,20150729
user_0002135,10,34,female,7,20150428
user_0002136,8,39,male,3,20160627
user_0002137,4,41,male,3,20151217
user_0002138,1,49,female,7,20151204
user_0002139,11,42,female,4,20150725
user_0002140,20,20,male,3,20150124
user_0002141,2,31,male,3,20150524
user_0002142,13,33,male,7,20160905
user_0002143,1,20,female,3,20170106
user_0002144,1,27,male,4,20150404
user_0002145,1,20,male,3,20150111
user_0002146,7,27,female,7,20150707
user_0002147,1,45,female,3,20150823
user_0002148,1,32,male,4,20161108
user_0002149,5,22,male,13,20150509
user_0002150,3,18,female,7,20150116
user_0002151,9,26,male,7,20150612
user_0002152,2,52,male,3,20160307
user_0002153,1,27,female,9,20161212
user_0002154,14,29,male,4,20151020
user_0002155,1,57,male,13,20151002
user_0002156,19,0,female,9,20160820
user_0002157,2,0,female,7,20160322
user_0002158,12,31,male,9,20150511
user_0002159,9,21,male,4,20160420
user_0002160,1,40,male,7,20150619
user_0002161,11,31,male,3,20161124
user_0002162,14,2015,male,13,20150306
user_0002163,11,20,,9,20161205
user_0002164,17,25,male,3,20160723
user_0002165,18,1000,male,3,20150920
user_0002166,19,34,female,4,20160317
user_0002167,1,15,female,7,20160517
user_0002168,7,43,male,3,20150106
user_0002169,21,41,male,13,20150319
user_0002170,15,15,,3,20160407
user_0002171,4,21,female,13,20160518
user_0002172,15,32,male,7,20151029
user_0002173,6,37,female,4,20150702
user_0002174,14,40,female,3,20151020
user_0002175,15,31,,3,20150109
user_0002176,13,1000,,3,20160303
user_0002177,1,22,female,7,20160809
user_0002178,2,36,,7,20160622
user_0002179,7,2015,,9,20170127
user_0002180,18,2015,female,3,20170130
user_0002181,12,25,,13,20160615
user_0002182,20,33,,3,20160218
user_0002183,1,46,male,13,20160819
user_0002184,17,37,female,9,20160327
user_0002185,1,22,male,3,20161210
user_0002186,11,42,male,9,20151201
user_0002187,14,41,,7,20150923
user_0002188,16,0,female,7,20150917
user_0002189,21,26,male,9,20161031
user_0002190,2,41,female,4,20161208
user_0002191,1,26,female,4,20160110
user_0002192,3,29,,3,20150224
user_0002193,7,42,female,9,20160128
user_0002194,1,40,male,9,20161024
user_0002195,19,44,female,3,20150225
user_0002196,18,24,,7,20151208
user_0002197,3,48,,3,20150731
user_0002198,5,15,male,3,20161110
user_0002199,8,35,male,3,20151031
user_0002200,7,34,male,4,20150319
user_0002201,19,25,male,3,20160222
user_0002202,8,18,male,3,20161231
user_0002203,1,31,female,3,20150622
user_0002204,1,38,female,3,20150403
user_0002205,1,0,female,7,20170112
user_0002206,2,35,male,3,20160911
user_0002207,10,35,female,4,20161024
user_0002208,3,28,male,7,20160627
user_0002209,1,25,male,3,20150420
user_0002210,11,44,female,3,20160929
user_0002211,1,23,female,9,20150325
user_0002212,9,41,,13,20160505
user_0002213,1,24,,9,20150208
user_0002214,19,30,male,3,20160216
user_0002215,19,32,,7,20150529
user_0002216,3,2015,female,4,20160701
user_0002217,1,27,male,3,20160812
user_0002218,15,39,male,4,20161208
user_0002219,20,0,female,13,20150629
user_0002220,13,44,female,9,20160125
user_0002221,18,24,male,4,20160329
user_0002222,7,0,female,3,20150325
user_0002223,19,1000,male,9,20160304
user_0002224,20,21,male,13,20151125
user_0002225,3,42,,4,20170101
user_0002226,1,24,female,3,20160408
user_0002227,1,25,male,4,20151126
user_0002228,2,22,,7,20150406
user_0002229,14,24,female,4,20150608
user_0002230,14,29,,3,20160409
user_0002231,6,38,,3,20160129
user_0002232,4,0,female,3,20170110
user_0002233,3,33,female,3,20151013
user_0002234,19,20,male,3,20150328
user_0002235,1,39,female,13,20150330
user_0002236,13,2015,female,3,20160215
user_0002237,11,36,male,7,20161101
user_0002238,1,2015,male,9,20160207
user_0002239,14,25,male,4,20150923
user_0002240,1,0,,4,20160315
user_0002241,3,40,female,3,20150107
user_0002242,9,33,female,7,20150114
user_0002243,9,31,female,7,20161009
user_0002244,12,15,male,7,20150227
user_0002245,16,25,male,4,20161006
user_0002246,1,24,,13,20160512
user_0002247,15,42,male,9,20151025
user_0002248,3,2015,male,4,20160725
user_0002249,1,40,female,7,20160825
user_0002250,2,0,female,3,20161016
user_0002251,1,42,female,13,20160115
user_0002252,1,28,male,7,20160208
user_0002253,1,33,,9,20160407
user_0002254,3,16,male,3,20150824
user_0002255,8,37,,13,20151223
user_0002256,1,37,female,3,20160315
user_0002257,20,20,female,4,20150408
user_0002258,6,39,male,3,20150321
user_0002259,14,29,,3,20161224
user_0002260,11,15,female,7,20161024
user_0002261,1,30,female,3,20150112
user_0002262,20,39,female,4,20150316
user_0002263,4,0,female,3,20150122
user_0002264,5,-1,,9,20160809
user_0002265,18,35,male,3,20151208
user_0002266,20,27,female,3,20150715
user_0002267,1,26,male,9,20150531
user_0002268,1,17,female,7,20160716
user_0002269,19,34,female,7,20160928
user_0002270,1,32,male,13,20150615
user_0002271,1,47,female,3,20161024
user_0002272,1,36,male,7,20150727
user_0002273,7,30,male,7,20150822
user_0002274,13,19,female,7,20160920
user_0002275,12,15,female,7,20150310
user_0002276,20,27,,3,20150425
user_0002277,14,-1,female,3,20160220
user_0002278,2,36,female,7,20160708
user_0002279,5,31,female,7,20151015
user_0002280,7,32,male,3,20150615
user_0002281,21,42,male,3,20170122
user_0002282,12,34,female,4,20150101
user_0002283,2,35,male,3,20151018
user_0002284,10,33,female,7,20150519
user_0002285,12,35,female,3,20160417
user_0002286,1,30,female,9,20150629
user_0002287,2,46,female,3,20161231
user_0002288,3,33,female,4,20160615
user_0002289,1,2015,male,3,20161118
user_0002290,6,43,female,9,20150918
user_0002291,17,29,male,4,20150416
user_0002292,1,26,female,3,20160714
user_0002293,17,37,male,13,20151124
user_0002294,1,44,male,7,20160524
user_0002295,1,1000,female,3,20160204
user_0002296,18,2015,male,9,20150720
user_0002297,1,47,male,3,20160728
user_0002298,1,30,,13,20160207
user_0002299,7,31,,3,20161014
user_0002300,8,37,,13,20150825
user_0002301,1,31,,3,20161114
user_0002302,1,23,male,7,20160508
user_0002303,20,28,female,3,20160323
user_0002304,1,57,male,4,20160911
user_0002305,5,37,male,7,20160909
user_0002306,2,38,male,3,20161016
user_0002307,1,22,male,3,20161023
user_0002308,8,28,male,3,20151118
user_0002309,1,-1,male,7,20150324
user_0002310,5,33,female,3,20160730
user_0002311,21,2015,female,4,20170116
user_0002312,1,19,female,3,20150413
user_0002313,4,34,female,3,20150912
user_0002314,10,-1,male,13,20160328
user_0002315,1,42,,4,20150113
user_0002316,15,15,female,7,20150216
user_0002317,16,41,female,7,20150728
user_0002318,1,1000,male,9,20160702
user_0002319,1,25,male,3,20160508
user_0002320,1,44,male,3,20150412
user_0002321,9,46,male,4,20151016
user_0002322,1,0,male,3,20160209
user_0002323,8,31,male,3,20160327
user_0002324,13,25,male,9,20150725
user_0002325,6,27,female,7,20160823
user_0002326,9,28,,4,20161213
user_0002327,1,15,female,3,20150830
user_0002328,1,29,male,7,20160811
user_0002329,1,45,female,4,20150606
user_0002330,3,24,female,3,20150301
user_0002331,11,1000,female,13,20160722
user_0002332,1,0,female,13,20160814
user_0002333,5,29,female,13,20150307
user_0002334,8,30,male,9,20160925
user_0002335,1,35,female,4,20161206
user_0002336,18,36,male,3,20150204
user_0002337,16,34,female,7,20160926
user_0002338,1,0,,3,20150120
user_0002339,6,38,,7,20150918
user_0002340,10,-1,female,3,20160629
user_0002341,1,29,female,3,20160116
user_0002342,9,20,male,7,20150307
user_0002343,1,2015,male,3,20160714
user_0002344,5,1000,female,7,20150409
user_0002345,17,24,female,7,20161116
user_0002346,16,35,male,9,20150303
user_0002347,3,23,female,7,20170116
user_0002348,1,26,female,9,20150120
user_0002349,11,37,male,7,20160119
user_0002350,14,33,male,13,20160917
user_0002351,5,43,male,9,20151114
user_0002352,1,36,,3,20160501
user_0002353,2,20,female,3,20150216
user_0002354,14,43,female,4,20160109
user_0002355,20,38,male,3,20170127
user_0002356,14,16,,3,20150223
user_0002357,1,-1,female,9,20150723
user_0002358,12,30,,3,20161202
user_0002359,17,47,female,3,20150617
user_0002360,2,31,,7,20160404
user_0002361,1,-1,male,3,20161107
user_0002362,12,40,male,3,20150927
user_0002363,1,34,male,13,20160725
user_0002364,19,1000,,7,20150329
user_0002365,12,34,,4,20160106
user_0002366,1,34,,3,20150921
user_0002367,1,37,female,3,20160501
user_0002368,1,28,male,13,20150902
user_0002369,14,33,female,9,20161211
user_0002370,1,38,,3,20150925
user_0002371,2,22,male,7,20151225
user_0002372,9,19,,3,20151108
user_0002373,14,-1,male,7,20150214
user_0002374,1,15,female,3,20170122
user_0002375,7,38,female,3,20170130
user_0002376,18,21,female,3,20160906
user_0002377,1,36,,3,20170109
user_0002378,1,37,male,9,20160321
user_0002379,8,23,male,9,20161118
user_0002380,7,29,,7,20150328
user_0002381,21,28,male,7,20150601
user_0002382,12,30,male,3,20160518
user_0002383,13,34,,3,20150817
user_0002384,4,35,female,9,20161107
user_0002385,9,35,male,13,20150207
user_0002386,8,31,female,4,20160302
user_0002387,14,36,male,7,20160311
user_0002388,10,44,male,13,20150927
user_0002389,1,25,male,13,20161206
user_0002390,1,49,female,3,20150614
user_0002391,12,1000,,7,20160217
user_0002392,1,32,female,4,20170108
user_0002393,9,36,female,4,20150326
user_0002394,16,33,,4,20160420
user_0002395,1,15,female,3,20150411
user_0002396,18,24,male,3,20151013
user_0002397,1,1000,male,7,20160803
user_0002398,1,39,female,7,20160502
user_0002399,1,39,female,9,20150626
user_0002400,19,49,,3,20160323
user_0002401,1,43,female,3,20160806
user_0002402,2,40,female,4,20151110
user_0002403,6,41,male,13,20160326
user_0002404,1,31,,4,20151014
user_0002405,10,34,male,3,20151023
user_0002406,21,41,female,4,20160213
user_0002407,5,47,,13,20151204
user_0002408,1,0,male,9,20151010
user_0002409,7,29,female,9,20160920
user_0002410,1,0,female,4,20161226
user_0002411,2,41,male,3,20170102
user_0002412,5,27,male,9,20170116
user_0002413,1,18,,9,20150428
user_0002414,15,27,male,9,20150723
user_0002415,7,36,,4,20160815
user_0002416,15,0,female,3,20161202
user_0002417,4,34,male,3,20160413
user_0002418,21,48,,9,20161222
user_0002419,5,-1,,9,20150629
user_0002420,6,24,male,3,20160212
user_0002421,1,36,male,9,20150602
user_0002422,7,44,female,4,20150708
user_0002423,4,16,male,4,20150614
user_0002424,5,52,female,4,20160815
user_0002425,1,30,male,3,20161228
user_0002426,1,2015,,3,20150827
user_0002427,2,1000,female,3,20160706
user_0002428,1,39,male,3,20150615
user_0002429,4,56,male,4,20150102
user_0002430,1,30,male,3,20150904
user_0002431,18,47,female,9,20151116
user_0002432,1,28,female,3,20150414
user_0002433,9,39,male,4,20160718
user_0002434,11,40,female,7,20160415
user_0002435,1,32,female,3,20150605
user_0002436,1,21,female,4,20160830
user_0002437,19,29,,4,20151130
user_0002438,7,16,male,4,20151229
user_0002439,1,28,,9,20150901
user_0002440,1,48,female,9,20150805
user_0002441,19,35,male,3,20160118
user_0002442,1,27,male,9,20151105
user_0002443,6,23,,4,20150316
user_0002444,19,26,female,7,20150430
user_0002445,1,-1,female,3,20160518
user_0002446,1,1000,male,4,20170129
user_0002447,11,26,,7,20150322
user_0002448,7,31,,9,20150704
user_0002449,14,34,female,9,20160122
user_0002450,1,23,male,3,20150330
user_0002451,2,45,,9,20150507
user_0002452,16,29,male,4,20150803
user_0002453,10,15,,7,20160404
user_0002454,20,40,female,9,20161112
user_0002455,20,2015,male,4,20150223
user_0002456,19,18,male,9,20150725
user_0002457,11,37,female,9,20150709
user_0002458,1,30,male,9,20151030
user_0002459,1,35,male,3,20160811
user_0002460,17,2015,female,4,20160826
user_0002461,7,26,male,3,20150321
user_0002462,14,28,female,7,20151006
user_0002463,7,23,male,9,20150610
user_0002464,5,32,female,3,20150124
user_0002465,7,35,,7,20160416
user_0002466,1,36,female,7,20170114
user_0002467,12,-1,female,3,20160325
user_0002468,1,31,female,9,20150331
user_0002469,14,26,male,4,20150221
user_0002470,10,26,male,3,20160820
user_0002471,12,25,male,3,20160218
user_0002472,20,28,female,9,20160119
user_0002473,13,0,female,3,20161206
user_0002474,1,-1,female,4,20151117
user_0002475,10,46,male,3,20150330
user_0002476,3,0,female,7,20160205
user_0002477,16,25,female,4,20151014
user_0002478,10,28,female,9,20160903
user_0002479,13,22,male,7,20150129
user_0002480,14,18,male,7,20161111
user_0002481,1,21,male,3,20160518
user_0002482,5,40,female,3,20150426
user_0002483,20,41,,9,20150309
user_0002484,12,2015,male,13,20150502
user_0002485,12,39,female,7,20151024
user_0002486,1,30,female,13,20150101
user_0002487,1,31,male,7,20150524
user_0002488,4,39,,7,20161017
user_0002489,20,40,,4,20160802
user_0002490,1,40,male,3,20151111
user_0002491,7,33,male,4,20150524
user_0002492,3,0,male,3,20160107
user_0002493,3,40,female,4,20150809
user_0002494,4,15,,4,20151210
user_0002495,1,36,female,3,20160527
user_0002496,9,24,,4,20150327
user_0002497,10,17,,3,20150302
user_0002498,1,35,male,7,20160504
user_0002499,1,30,male,9,20160220
user_0002500,1,21,male,7,20160916
user_0002501,9,34,female,7,20150503
user_0002502,14,25,male,7,20170130
user_0002503,6,1000,female,3,20150517
user_0002504,1,21,male,3,20150622
user_0002505,3,35,,9,20170128
user_0002506,1,36,male,13,20150327
user_0002507,1,21,male,3,20150302
user_0002508,12,43,female,3,20150926
user_0002509,11,18,male,13,20150711
user_0002510,14,36,,9,20160511
user_0002511,13,24,,7,20150918
user_0002512,1,26,male,9,20150705
user_0002513,1,21,male,4,20160626
user_0002514,1,30,female,9,20160802
user_0002515,1,29,female,3,20150529
user_0002516,14,24,,4,20160617
user_0002517,1,35,male,7,20150410
user_0002518,2,36,male,3,20150708
user_0002519,1,29,male,7,20150725
user_0002520,1,35,female,3,20150922
user_0002521,1,19,female,7,20160402
user_0002522,10,33,,9,20160227
user_0002523,13,32,female,4,20170107
user_0002524,14,1000,male,13,20151007
user_0002525,21,23,,7,20160316
user_0002526,21,35,female,7,20160411
user_0002527,21,27,female,3,20150112
user_0002528,5,41,female,3,20151130
user_0002529,1,35,male,7,20151016
user_0002530,1,38,female,13,20151108
user_0002531,7,35,female,7,20160219
user_0002532,6,16,female,9,20150308
user_0002533,21,26,female,3,20160902
user_0002534,12,30,female,9,20150109
user_0002535,1,26,male,9,20170118
user_0002536,18,26,female,7,20150124
user_0002537,7,54,,4,20150414
user_0002538,1,24,male,7,20160122
user_0002539,14,40,female,3,20160912
user_0002540,18,32,,7,20161017
user_0002541,4,30,male,7,20160622
user_0002542,3,45,,4,20150129
user_0002543,5,32,female,3,20160506
user_0002544,1,20,male,3,20150302
user_0002545,12,33,female,3,20160223
user_0002546,21,-1,female,9,20151227
user_0002547,11,46,female,3,20160508
user_0002548,8,36,female,3,20160831
user_0002549,15,31,male,3,20150904
user_0002550,1,35,female,4,20150626
user_0002551,11,40,,4,20150223
user_0002552,1,24,female,9,20150612
user_0002553,2,31,,9,20150717
user_0002554,1,28,male,13,20161208
user_0002555,18,34,,9,20150119
user_0002556,1,1000,male,4,20150911
user_0002557,19,44,female,3,20160817
user_0002558,1,23,female,13,20160730
user_0002559,10,40,,3,20150723
user_0002560,16,28,male,7,20150522
user_0002561,1,1000,female,3,20161126
user_0002562,14,31,,9,20161215
user_0002563,1,1000,female,3,20160310
user_0002564,8,27,female,4,20150713
user_0002565,1,21,male,3,20160612
user_0002566,1,26,male,9,20150414
user_0002567,1,42,,7,20160124
user_0002568,6,36,female,7,20150222
user_0002569,17,15,female,3,20161021
user_0002570,1,24,female,3,20161129
user_0002571,7,31,,9,20160804
user_0002572,8,29,female,7,20160720
user_0002573,1,38,female,7,20150409
user_0002574,9,2015,female,13,20160603
user_0002575,17,25,,4,20160605
user_0002576,8,29,female,3,20170126
user_0002577,1,24,male,7,20160922
user_0002578,8,43,female,3,20161123
user_0002579,5,33,,4,20160615
user_0002580,13,26,female,4,20150225
user_0002581,12,23,female,4,20160925
user_0002582,3,28,male,13,20160903
user_0002583,20,34,female,9,20160607
user_0002584,1,-1,,4,20160329
user_0002585,14,31,male,9,20151212
user_0002586,7,46,male,9,20150622
user_0002587,9,28,female,7,20150225
user_0002588,1,44,,4,20161215
user_0002589,5,49,,9,20150630
user_0002590,1,35,female,4,20150202
user_0002591,9,22,female,3,20160630
user_0002592,10,38,male,3,20151215
user_0002593,1,22,male,7,20150812
user_0002594,14,30,male,3,20151106
user_0002595,21,26,male,4,20160803
user_0002596,1,1000,male,4,20170127
user_0002597,18,43,female,3,20160910
user_0002598,8,28,female,3,20150304
user_0002599,10,50,male,3,20170126
user_0002600,9,31,male,7,20161006
user_0002601,21,22,male,3,20161112
user_0002602,1,34,female,4,20170125
user_0002603,9,23,female,13,20170114
user_0002604,20,32,female,7,20151001
user_0002605,21,50,male,9,20150705
user_0002606,4,47,,7,20151022
user_0002607,14,0,male,13,20150313
user_0002608,18,23,male,3,20160929
user_0002609,16,21,male,4,20160928
user_0002610,14,30,female,13,20151004
user_0002611,4,29,male,4,20150905
user_0002612,1,-1,,13,20160401
user_0002613,4,-1,,3,20161106
user_0002614,18,2015,male,3,20150608
user_0002615,13,23,female,9,20160628
user_0002616,19,21,male,4,20150616
user_0002617,9,40,,4,20170119
user_0002618,17,26,,13,20150716
user_0002619,12,48,female,3,20150606
user_0002620,11,-1,male,13,20161019
user_0002621,14,35,male,4,20150803
user_0002622,1,34,female,3,20150419
user_0002623,15,-1,female,3,20160603
user_0002624,14,54,female,4,20161015
user_0002625,16,-1,female,4,20150107
user_0002626,1,42,male,9,20150825
user_0002627,1,41,male,3,20160602
user_0002628,11,41,male,3,20160416
user_0002629,12,40,male,3,20160223
user_0002630,1,23,male,7,20170117
user_0002631,21,15,female,9,20160106
user_0002632,1,-1,female,4,20151216
user_0002633,3,21,female,7,20150225
user_0002634,3,37,female,7,20160404
user_0002635,1,39,female,3,20160721
user_0002636,5,29,male,3,20150530
user_0002637,15,25,female,13,20150210
user_0002638,16,38,female,3,20151222
user_0002639,1,41,female,13,20160614
user_0002640,20,35,female,4,20150426
user_0002641,20,40,female,3,20160904
user_0002642,1,23,male,3,20160730
user_0002643,2,25,female,3,20150713
user_0002644,19,44,female,3,20150206
user_0002645,17,-1,female,4,20161020
user_0002646,13,-1,,4,20150117
user_0002647,1,54,male,4,20150627
user_0002648,16,33,female,4,20150222
user_0002649,15,41,female,3,20151014
user_0002650,1,35,male,3,20160901
user_0002651,5,34,male,13,20160905
user_0002652,9,30,female,3,20160519
user_0002653,3,41,female,7,20161104
user_0002654,16,35,,4,20170130
user_0002655,21,34,male,7,20161203
user_0002656,1,15,female,3,20170101
user_0002657,1,2015,male,3,20160810
user_0002658,5,29,male,4,20150219
user_0002659,19,28,,9,20150116
user_0002660,15,-1,female,3,20150901
user_0002661,8,29,male,3,20161006
user_0002662,8,45,male,3,20160817
user_0002663,18,32,male,9,20161019
user_0002664,18,18,male,3,20151225
user_0002665,15,18,female,3,20161123
user_0002666,18,33,female,4,20150812
user_0002667,1,37,,9,20150915
user_0002668,8,34,male,4,20150517
user_0002669,6,37,female,3,20150415
user_0002670,15,29,female,4,20160418
user_0002671,2,39,male,3,20160909
user_0002672,16,35,male,3,20151128
user_0002673,2,-1,,13,20150729
user_0002674,2,44,male,4,20151029
user_0002675,1,38,female,3,20151108
user_0002676,13,20,female,9,20151212
user_0002677,1,33,male,13,20161112
user_0002678,2,33,male,9,20150301
user_0002679,12,24,male,3,20150518
user_0002680,4,28,female,3,20160317
user_0002681,9,41,male,4,20150801
user_0002682,15,27,male,4,20161108
user_0002683,8,32,male,9,20150910
user_0002684,8,1000,female,13,20150530
user_0002685,5,27,female,9,20160908
user_0002686,16,30,male,3,20150222
user_0002687,5,37,male,4,20161224
user_0002688,10,33,male,3,20160602
user_0002689,1,25,female,4,20150508
user_0002690,1,40,female,3,20160422
user_0002691,15,29,female,3,20150804
user_0002692,1,20,female,3,20151223
user_0002693,12,-1,female,3,20160809
user_0002694,2,43,male,3,20151226
user_0002695,15,2015,male,7,20150612
user_0002696,17,1000,male,3,20150501
user_0002697,5,40,male,3,20160331
user_0002698,15,31,,7,20170118
user_0002699,14,39,female,7,20151213
user_0002700,20,27,,7,20150809
user_0002701,13,35,female,7,20160930
user_0002702,5,21,,7,20151203
user_0002703,1,32,male,4,20150720
user_0002704,1,2015,female,7,20160302
user_0002705,18,42,male,3,20160202
user_0002706,3,31,female,3,20150609
user_0002707,8,31,female,7,20160322
user_0002708,1,2015,male,3,20150424
user_0002709,1,31,female,4,20150131
user_0002710,20,35,female,3,20150506
user_0002711,19,33,male,4,20150219
user_0002712,1,17,male,9,20170101
user_0002713,16,2015,male,7,20150605
user_0002714,5,39,male,4,20160504
user_0002715,1,44,male,3,20150201
user_0002716,1,0,male,9,20160428
user_0002717,3,0,male,7,20151020
user_0002718,13,21,female,4,20151016
user_0002719,6,2015,male,9,20160304
user_0002720,1,37,,7,20160612
user_0002721,4,28,male,13,20160106
user_0002722,1,29,,7,20150808
user_0002723,13,25,male,9,20160430
user_0002724,1,44,male,4,20160806
user_0002725,1,1000,male,7,20160316
user_0002726,9,34,male,9,20150806
user_0002727,5,39,,3,20160628
user_0002728,18,25,male,4,20170107
user_0002729,4,1000,female,7,20161010
user_0002730,1,19,female,3,20160405
user_0002731,21,28,female,9,20150117
user_0002732,7,0,female,7,20170130
user_0002733,1,15,female,13,20150220
user_0002734,1,17,male,3,20150325
user_0002735,11,-1,female,4,20150123
user_0002736,18,40,,9,20160305
user_0002737,1,38,male,4,20160228
user_0002738,12,38,male,9,20160801
user_0002739,1,25,,4,20150429
user_0002740,11,29,male,3,20161203
user_0002741,1,31,female,3,20160108
user_0002742,18,38,,3,20160924
user_0002743,5,33,female,4,20150731
user_0002744,1,28,female,3,20150522
user_0002745,9,24,male,9,20151116
user_0002746,7,35,,13,20151226
user_0002747,3,33,female,3,20151129
user_0002748,1,0,male,3,20150625
user_0002749,17,34,female,3,20160328
user_0002750,15,28,female,13,20150208
user_0002751,1,47,female,3,20150119
user_0002752,14,23,,7,20150604
user_0002753,1,26,female,3,20160117
user_0002754,12,31,male,3,20160310
user_0002755,19,20,male,3,20150818
user_0002756,1,22,female,7,20160101
user_0002757,8,19,female,3,20160227
user_0002758,1,24,,9,20150303
user_0002759,14,28,female,4,20151031
user_0002760,10,51,male,3,20150831
user_0002761,16,44,male,3,20150115
user_0002762,1,19,,7,20160823
user_0002763,1,23,,7,20151204
user_0002764,8,42,female,3,20160811
user_0002765,18,1000,male,3,20160223
user_0002766,12,35,male,4,20150707
user_0002767,11,32,male,9,20161020
user_0002768,12,45,male,4,20160128
user_0002769,4,46,,9,20151228
user_0002770,1,41,male,7,20160122
user_0002771,1,33,female,4,20150802
user_0002772,21,34,female,4,20150301
user_0002773,1,34,female,7,20150119
user_0002774,13,32,female,4,20151102
user_0002775,1,17,female,7,20150504
user_0002776,2,26,male,3,20160702
user_0002777,3,2015,male,3,20161221
user_0002778,4,32,female,9,20160927
user_0002779,1,37,male,4,20160219
user_0002780,1,37,male,9,20160213
user_0002781,6,2015,,13,20161124
user_0002782,4,40,male,4,20150331
user_0002783,6,20,male,3,20150325
user_0002784,5,35,female,7,20160905
user_0002785,1,31,male,7,20150502
user_0002786,17,1000,,3,20150113
user_0002787,6,39,male,9,20161031
user_0002788,1,41,female,4,20170116
user_0002789,14,25,male,3,20150203
user_0002790,18,31,male,3,20160310
user_0002791,11,31,female,3,20151230
user_0002792,1,37,female,7,20150528
user_0002793,1,16,,9,20160513
user_0002794,1,19,male,3,20151022
user_0002795,1,52,female,3,20160208
user_0002796,1,38,female,7,20150903
user_0002797,1,32,male,4,20160519
user_0002798,12,31,female,4,20160403
user_0002799,1,2015,male,9,20150206
user_0002800,5,22,male,9,20160603
user_0002801,17,29,female,13,20160223
user_0002802,1,31,female,7,20150814
user_0002803,1,27,male,3,20160211
user_0002804,7,26,female,3,20150507
user_0002805,11,26,,4,20160814
user_0002806,5,58,female,13,20150204
user_0002807,1,39,male,3,20160103
user_0002808,20,21,male,4,20150406
user_0002809,1,28,,4,20150904
user_0002810,6,34,female,4,20150213
user_0002811,1,26,male,3,20151213
user_0002812,9,37,male,3,20160316
user_0002813,1,50,male,3,20150508
user_0002814,19,15,female,3,20151031
user_0002815,1,1000,female,4,20160815
user_0002816,1,32,female,4,20160915
user_0002817,7,20,male,7,20160214
user_0002818,1,25,female,7,20161201
user_0002819,1,15,male,13,20150722
user_0002820,2,20,,3,20161129
user_0002821,9,46,male,9,20160612
user_0002822,21,21,male,4,20150511
user_0002823,14,15,female,7,20150827
user_0002824,18,0,male,9,20151027
user_0002825,21,44,male,4,20160122
user_0002826,1,45,female,4,20160129
user_0002827,9,18,female,7,20170122
user_0002828,9,-1,male,3,20150227
user_0002829,12,-1,male,4,20161210
user_0002830,19,36,female,3,20160814
user_0002831,2,-1,,3,20151207
user_0002832,19,37,male,7,20161010
user_0002833,1,42,female,13,20150719
user_0002834,12,30,male,13,20160721
user_0002835,1,36,,3,20160719
user_0002836,14,45,female,3,20150331
user_0002837,16,29,male,4,20170108
user_0002838,12,42,male,4,20150828
user_0002839,17,28,male,3,20161018
user_0002840,1,32,,7,20160419
user_0002841,20,31,female,7,20160329
user_0002842,1,1000,male,4,20150913
user_0002843,1,35,female,7,20160728
user_0002844,1,34,female,4,20150524
user_0002845,17,32,,7,20170129
user_0002846,1,-1,,13,20150319
user_0002847,3,37,female,13,20150813
user_0002848,4,22,male,13,20151203
user_0002849,1,23,male,9,20150312
user_0002850,15,31,female,3,20160212
user_0002851,10,37,,4,20160725
user_0002852,11,23,female,9,20161014
user_0002853,3,37,female,3,20161202
user_0002854,7,27,male,7,20161203
user_0002855,1,29,female,3,20160316
user_0002856,12,37,female,3,20160617
user_0002857,5,1000,female,4,20150819
user_0002858,7,27,female,3,20150805
user_0002859,8,36,female,4,20151022
user_0002860,1,33,male,3,20160916
user_0002861,18,25,female,9,20150105
user_0002862,5,15,male,3,20160623
user_0002863,7,43,male,4,20160721
user_0002864,17,1000,male,9,20160425
user_0002865,1,32,male,4,20170116
user_0002866,21,1000,male,3,20160109
user_0002867,16,17,male,3,20150419
user_0002868,1,38,female,7,20160107
user_0002869,6,40,male,3,20160321
user_0002870,18,26,,3,20150802
user_0002871,9,32,male,7,20151127
user_0002872,12,1000,male,4,20150131
user_0002873,11,2015,male,3,20160427
user_0002874,9,21,,4,20151023
user_0002875,8,30,male,7,20170108
user_0002876,3,-1,male,3,20160806
user_0002877,4,22,male,3,20160918
user_0002878,1,32,female,3,20150804
user_0002879,13,26,female,9,20160421
user_0002880,4,42,male,3,20150124
user_0002881,18,42,female,3,20150129
user_0002882,19,47,female,3,20150627
user_0002883,4,1000,male,7,20150913
user_0002884,1,30,female,9,20150222
user_0002885,1,28,female,3,20150907
user_0002886,14,45,female,9,20160422
user_0002887,6,41,female,7,20160703
user_0002888,5,40,female,3,20160103
user_0002889,13,22,,9,20150415
user_0002890,1,42,,3,20161219
user_0002891,21,38,,9,20150630
user_0002892,18,25,female,3,20170127
user_0002893,18,37,female,4,20150329
user_0002894,19,28,,4,20160512
user_0002895,11,34,female,9,20160608
user_0002896,1,35,female,9,20160926
user_0002897,15,27,female,4,20150102
user_0002898,6,33,male,3,20151010
user_0002899,21,27,male,4,20151014
user_0002900,16,37,male,3,20161115
user_0002901,13,32,male,13,20150924
user_0002902,1,53,,7,20170102
user_0002903,2,27,female,4,20161110
user_0002904,1,1000,male,3,20150802
user_0002905,16,18,female,7,20150211
user_0002906,18,20,female,3,20161025
user_0002907,9,28,,9,20160714
user_0002908,21,-1,female,7,20150726
user_0002909,14,16,female,4,20151207
user_0002910,1,-1,female,7,20161118
user_0002911,18,43,male,4,20150903
user_0002912,1,46,male,3,20150608
user_0002913,5,30,male,4,20150125
user_0002914,3,39,,3,20160726
user_0002915,4,22,female,3,20151026
user_0002916,1,49,female,4,20160522
user_0002917,4,33,female,9,20170106
user_0002918,1,42,male,3,20161102
user_0002919,3,1000,,4,20160721
user_0002920,6,0,,13,20150616
user_0002921,13,16,male,9,20150430
user_0002922,17,28,,9,20151208
user_0002923,1,58,male,7,20150408
user_0002924,13,38,,4,20151015
user_0002925,18,40,female,4,20160215
user_0002926,18,33,male,7,20160503
user_0002927,1,34,female,4,20160504
user_0002928,1,42,male,3,20150130
user_0002929,1,26,male,3,20161207
user_0002930,2,26,,3,20160825
user_0002931,1,37,male,3,20161221
user_0002932,14,-1,female,7,20150425
user_0002933,2,30,,4,20161022
user_0002934,2,36,male,3,20150910
user_0002935,20,-1,female,9,20150408
user_0002936,1,31,male,3,20160505
user_0002937,1,34,male,13,20151205
user_0002938,11,35,female,7,20150704
user_0002939,1,-1,male,4,20150616
user_0002940,12,32,female,4,20160517
user_0002941,1,35,,9,20160412
user_0002942,3,18,male,3,20160912
user_0002943,17,30,female,3,20150711
user_0002944,1,34,female,4,20160731
user_0002945,2,35,female,3,20151126
user_0002946,1,37,,4,20161223
user_0002947,5,27,male,4,20161110
user_0002948,20,40,female,3,20160911
user_0002949,1,2015,male,13,20150720
user_0002950,9,32,female,7,20150927
user_0002951,18,1000,,3,20161029
user_0002952,2,-1,male,7,20161101
user_0002953,9,0,male,4,20160409
user_0002954,21,41,,7,20150212
user_0002955,15,-1,female,7,20150720
user_0002956,4,36,male,13,20150506
user_0002957,7,25,female,3,20160602
user_0002958,8,45,,13,20161122
user_0002959,10,27,male,4,20160514
user_0002960,17,29,,3,20150614
user_0002961,14,39,male,3,20151025
user_0002962,9,34,female,3,20160302
user_0002963,2,15,female,9,20161002
user_0002964,20,31,female,4,20151127
user_0002965,18,44,female,3,20160801
user_0002966,6,15,,7,20160902
user_0002967,1,34,female,4,20160329
user_0002968,21,16,,9,20160809
user_0002969,14,1000,male,3,20160529
user_0002970,19,15,male,9,20151118
user_0002971,8,39,female,9,20160917
user_0002972,10,1000,male,3,20150627
user_0002973,5,38,,4,20160313
user_0002974,1,58,male,3,20160830
user_0002975,1,28,female,4,20160709
user_0002976,1,30,male,3,20160704
user_0002977,7,39,,9,20160108
user_0002978,13,2015,female,3,20160617
user_0002979,19,32,male,7,20151206
user_0002980,11,-1,male,7,20161222
user_0002981,2,40,male,3,20151006
user_0002982,1,40,female,3,20151130
user_0002983,1,34,,9,20151011
user_0002984,1,23,,3,20151030
user_0002985,14,15,female,3,20160921
user_0002986,5,24,female,3,20161116
user_0002987,1,38,male,4,20151003
user_0002988,21,21,female,3,20150908
user_0002989,1,31,female,3,20160305
user_0002990,9,27,female,4,20150416
user_0002991,1,44,female,7,20151015
user_0002992,18,1000,,7,20150511
user_0002993,18,42,male,4,20160326
user_0002994,11,2015,female,3,20151116
user_0002995,1,28,female,3,20150406
user_0002996,5,2015,female,4,20161002
user_0002997,14,29,male,7,20150123
user_0002998,1,18,male,4,20160601
user_0002999,17,27,male,13,20151001
user_0003000,21,31,female,3,20150128
user_0003001,2,29,male,9,20150720
user_0003002,8,37,female,7,20160414
user_0003003,15,1000,male,9,20161014
user_0003004,1,-1,female,13,20160507
user_0003005,11,36,male,3,20160814
user_0003006,18,22,female,13,20161206
user_0003007,18,27,male,4,20161015
user_0003008,19,15,male,7,20170110
user_0003009,18,22,,13,20160104
user_0003010,1,26,,4,20160301
user_0003011,17,16,male,4,20160511
user_0003012,16,31,,3,20160513
user_0003013,1,51,male,4,20160731
user_0003014,13,46,male,3,20161216
user_0003015,1,32,male,4,20150902
user_0003016,10,39,female,3,20161022
user_0003017,1,24,female,13,20150321
user_0003018,3,37,female,7,20160224
user_0003019,18,28,male,7,20170106
user_0003020,16,36,female,3,20160216
user_0003021,9,25,,3,20161210
user_0003022,8,40,female,9,20151223
user_0003023,21,1000,male,3,20150221
user_0003024,1,44,female,13,20160828
user_0003025,6,2015,male,4,20150513
user_0003026,16,25,male,4,20161018
user_0003027,1,41,male,4,20160926
user_0003028,1,34,female,4,20170105
user_0003029,20,39,male,4,20160516
user_0003030,21,46,male,4,20160318
user_0003031,20,0,,7,20160826
user_0003032,1,35,female,3,20160803
user_0003033,2,30,male,3,20160104
user_0003034,2,30,female,4,20150130
user_0003035,6,36,male,3,20150620
user_0003036,21,38,male,4,20161129
user_0003037,1,46,female,4,20150517
user_0003038,2,42,male,9,20160916
user_0003039,10,49,female,3,20161122
user_0003040,16,36,male,4,20151123
user_0003041,1,15,male,9,20160217
user_0003042,20,34,,3,20160913
user_0003043,20,21,female,9,20160206
user_0003044,11,32,female,7,20160107
user_0003045,1,34,male,3,20160409
user_0003046,11,32,male,4,20160906
user_0003047,16,49,male,7,20160604
user_0003048,2,-1,female,4,20151008
user_0003049,1,25,male,7,20150729
user_0003050,1,36,female,13,20160910
user_0003051,9,36,female,7,20150303
user_0003052,14,40,female,4,20160816
user_0003053,1,1000,male,9,20161202
user_0003054,1,35,female,4,20161010
user_0003055,1,39,female,3,20150517
user_0003056,1,35,male,3,20160727
user_0003057,10,36,female,4,20160716
user_0003058,2,27,,13,20160723
user_0003059,1,15,female,7,20151204
user_0003060,1,29,female,3,20161001
user_0003061,9,38,,13,20150907
user_0003062,12,22,male,4,20150805
user_0003063,16,26,,3,20161203
user_0003064,1,44,,4,20151025
user_0003065,18,39,male,3,20160706
user_0003066,21,36,male,3,20160814
user_0003067,5,30,female,7,20160813
user_0003068,1,27,female,7,20160226
user_0003069,4,33,female,13,20150811
user_0003070,1,16,female,3,20160925
user_0003071,16,1000,male,9,20160628
user_0003072,1,48,male,9,20150712
user_0003073,12,0,female,3,20151004
user_0003074,9,23,male,4,20160521
user_0003075,18,36,female,7,20160729
user_0003076,7,39,female,3,20150131
user_0003077,5,27,male,3,20161023
user_0003078,21,36,female,9,20150114
user_0003079,7,20,male,3,20150307
user_0003080,1,27,female,4,20160511
user_0003081,17,26,male,4,20160906
user_0003082,2,44,male,9,20151213
user_0003083,4,30,female,4,20150925
user_0003084,8,27,female,4,20161021
user_0003085,1,26,,13,20150129
user_0003086,12,31,male,3,20150711
user_0003087,13,47,,7,20160615
user_0003088,2,37,,3,20160505
user_0003089,5,31,female,7,20160910
user_0003090,15,31,male,7,20150103
user_0003091,1,43,female,9,20150630
user_0003092,18,2015,female,4,20160113
user_0003093,1,15,,3,20160531
user_0003094,20,28,male,7,20161124
user_0003095,4,24,male,9,20160508
user_0003096,19,29,male,3,20150803
user_0003097,17,-1,male,3,20160229
user_0003098,1,16,female,3,20160619
user_0003099,1,40,female,13,20161109
user_0003100,17,31,male,3,20160319
user_0003101,2,19,female,3,20160715
user_0003102,5,33,,3,20151214
user_0003103,1,28,male,9,20160221
user_0003104,20,0,female,4,20170111
user_0003105,11,15,female,7,20170110
user_0003106,1,19,,7,20150507
user_0003107,1,52,male,4,20150122
user_0003108,1,25,female,7,20160309
user_0003109,1,-1,female,4,20160505
user_0003110,21,43,male,4,20160615
user_0003111,1,47,male,3,20160527
user_0003112,3,42,male,3,20160909
user_0003113,1,25,female,4,20160529
user_0003114,9,36,female,3,20160513
user_0003115,6,-1,,3,20160818
user_0003116,5,44,male,9,20150731
user_0003117,12,40,,3,20160114
user_0003118,1,25,male,3,20150805
user_0003119,18,22,male,7,20150417
user_0003120,6,45,,4,20151130
user_0003121,17,20,,3,20160430
user_0003122,19,37,,3,20150811
user_0003123,14,2015,male,7,20150303
user_0003124,1,20,male,3,20161024
user_0003125,18,29,male,13,20161008
user_0003126,16,23,male,9,20161102
user_0003127,16,45,female,4,20160628
user_0003128,1,23,female,9,20160505
user_0003129,18,37,,3,20150327
user_0003130,4,29,female,3,20150412
user_0003131,1,43,female,9,20160623
user_0003132,1,37,female,4,20161124
user_0003133,2,39,female,3,20150612
user_0003134,17,33,male,4,20150801
user_0003135,1,2015,,7,20160825
user_0003136,1,27,male,7,20161126
user_0003137,1,0,male,3,20150201
user_0003138,20,36,female,3,20151128
user_0003139,1,33,male,4,20150117
user_0003140,9,32,male,3,20161219
user_0003141,10,15,male,3,20151019
user_0003142,5,40,male,7,20150103
user_0003143,21,1000,male,4,20151120
user_0003144,12,47,male,3,20150817
user_0003145,1,36,male,9,20151104
user_0003146,15,0,male,3,20161206
user_0003147,13,40,male,9,20150105
user_0003148,1,22,male,7,20150205
user_0003149,2,25,,7,20150101
user_0003150,21,35,male,4,20150529
user_0003151,1,20,,7,20151222
user_0003152,7,44,male,3,20160525
user_0003153,1,2015,,3,20160603
user_0003154,21,28,male,9,20150708
user_0003155,15,1000,male,3,20170101
user_0003156,1,43,female,4,20160629
user_0003157,7,32,male,7,20160824
user_0003158,20,52,female,3,20150812
user_0003159,6,26,,3,20150907
user_0003160,1,-1,female,9,20160618
user_0003161,16,26,male,3,20151222
user_0003162,11,22,female,3,20150420
user_0003163,1,1000,female,9,20160713
user_0003164,4,31,male,3,20160812
user_0003165,16,2015,male,3,20150914
user_0003166,7,29,,9,20161127
user_0003167,21,-1,female,3,20160402
user_0003168,17,33,male,13,20160812
user_0003169,1,21,female,9,20151031
user_0003170,11,28,male,9,20161118
user_0003171,1,49,male,3,20160710
user_0003172,1,2015,female,3,20160426
user_0003173,2,-1,male,7,20151007
user_0003174,19,1000,female,9,20150809
user_0003175,1,1000,female,3,20150326
user_0003176,13,32,male,3,20150927
user_0003177,5,2015,female,3,20151211
user_0003178,1,26,,3,20160116
user_0003179,12,2015,male,4,20151206
user_0003180,1,35,female,4,20150514
user_0003181,16,35,,7,20160302
user_0003182,6,0,female,3,20160827
user_0003183,1,39,male,3,20150815
user_0003184,14,20,male,3,20160202
user_0003185,2,0,,3,20150907
user_0003186,3,15,female,3,20161022
user_0003187,8,35,,13,20160824
user_0003188,1,-1,male,3,20160117
user_0003189,2,24,female,3,20160808
user_0003190,20,43,male,7,20150503
user_0003191,1,32,female,13,20150130
user_0003192,7,33,female,9,20160412
user_0003193,12,24,female,7,20160112
user_0003194,1,2015,male,3,20150514
user_0003195,2,1000,female,4,20160810
user_0003196,3,2015,male,3,20150930
user_0003197,5,29,,9,20150214
user_0003198,4,39,female,9,20151006
user_0003199,7,27,female,4,20151215
user_0003200,1,49,female,9,20161214
user_0003201,19,29,male,7,20150524
user_0003202,1,41,female,7,20160109
user_0003203,1,38,male,3,20160218
user_0003204,19,44,female,3,20161017
user_0003205,11,28,male,3,20151103
user_0003206,1,39,,9,20150930
user_0003207,1,43,female,9,20160426
user_0003208,21,23,male,9,20161016
user_0003209,7,26,male,9,20160426
user_0003210,10,16,,9,20150204
user_0003211,1,29,,4,20150216
user_0003212,13,0,female,7,20160425
user_0003213,17,0,male,3,20151013
user_0003214,17,17,female,7,20150714
user_0003215,4,22,male,3,20150213
user_0003216,7,15,male,13,20160201
user_0003217,10,18,male,9,20161227
user_0003218,16,38,female,3,20160111
user_0003219,2,24,female,7,20150206
user_0003220,21,27,male,9,20161204
user_0003221,20,44,male,3,20150528
user_0003222,1,39,male,4,20161012
user_0003223,1,35,male,4,20150402
user_0003224,1,36,,7,20160412
user_0003225,1,-1,male,9,20150410
user_0003226,17,1000,male,7,20150315
user_0003227,1,41,male,3,20160224
user_0003228,1,37,male,4,20170130
user_0003229,1,-1,male,4,20150705
user_0003230,3,44,female,3,20150417
user_0003231,1,36,female,3,20160703
user_0003232,1,33,male,3,20150326
user_0003233,11,26,female,3,20170112
user_0003234,4,37,male,3,20150409
user_0003235,8,1000,female,7,20160922
user_0003236,21,48,female,13,20160601
user_0003237,14,31,male,4,20150821
user_0003238,2,33,,7,20150121
user_0003239,10,32,,7,20150710
user_0003240,1,17,male,7,20150324
user_0003241,16,-1,,7,20150425
user_0003242,1,41,female,3,20161027
user_0003243,1,36,male,9,20160629
user_0003244,1,38,female,3,20160405
user_0003245,19,18,female,3,20150314
user_0003246,20,35,male,4,20160214
user_0003247,4,26,male,4,20170123
user_0003248,4,40,,7,20161113
user_0003249,10,30,,3,20160911
user_0003250,6,29,male,13,20160718
user_0003251,8,29,female,7,20160704
user_0003252,9,37,,9,20150304
user_0003253,5,39,,4,20161222
user_0003254,1,17,female,3,20150912
user_0003255,21,2015,,3,20150107
user_0003256,4,22,male,7,20160720
user_0003257,1,1000,female,4,20150418
user_0003258,1,0,female,4,20161008
user_0003259,1,28,male,3,20160115
user_0003260,20,15,female,3,20161202
user_0003261,1,33,male,4,20160520
user_0003262,5,37,male,3,20160430
user_0003263,8,56,female,9,20150322
user_0003264,10,31,,3,20150421
user_0003265,1,32,male,13,20160212
user_0003266,6,58,male,9,20150831
user_0003267,8,39,female,4,20150216
user_0003268,1,29,female,7,20160806
user_0003269,12,40,male,4,20151022
user_0003270,7,2015,female,4,20150327
user_0003271,7,29,male,9,20150417
user_0003272,1,21,male,9,20160305
user_0003273,20,50,female,3,20160822
user_0003274,17,38,female,9,20150826
user_0003275,1,30,male,3,20160803
user_0003276,6,20,female,3,20150806
user_0003277,11,26,female,4,20160917
user_0003278,11,0,female,3,20150214
user_0003279,1,48,male,4,20151103
user_0003280,18,22,male,4,20150118
user_0003281,7,34,female,4,20150502
user_0003282,14,36,female,9,20150404
user_0003283,20,39,female,9,20160728
user_0003284,7,31,,3,20150512
user_0003285,14,26,female,3,20151122
user_0003286,21,43,female,7,20161205
user_0003287,1,47,female,3,20150407
user_0003288,9,23,female,4,20150816
user_0003289,19,37,female,7,20150115
user_0003290,4,37,,3,20160321
user_0003291,2,27,,7,20150812
user_0003292,1,37,female,7,20150228
user_0003293,21,36,,4,20160413
user_0003294,2,2015,,3,20151225
user_0003295,1,32,male,4,20160108
user_0003296,1,30,male,3,20161007
user_0003297,21,29,male,9,20151102
user_0003298,2,37,,4,20150308
user_0003299,15,39,female,3,20150110
user_0003300,11,47,female,9,20150103
user_0003301,1,15,male,7,20160215
user_0003302,5,23,male,3,20170113
user_0003303,3,29,male,4,20170130
user_0003304,12,34,female,4,20161014
user_0003305,14,41,female,13,20150519
user_0003306,9,-1,female,3,20161104
user_0003307,3,33,male,4,20160816
user_0003308,14,15,male,13,20161213
user_0003309,11,44,male,4,20150305
user_0003310,1,0,male,9,20161225
user_0003311,1,27,female,3,20160730
user_0003312,6,-1,male,4,20161117
user_0003313,21,26,,3,20151120
user_0003314,9,2015,male,9,20151011
user_0003315,3,31,male,4,20160705
user_0003316,2,24,female,3,20160730
user_0003317,1,29,male,3,20160503
user_0003318,7,-1,male,4,20150827
user_0003319,9,42,female,3,20150917
user_0003320,12,27,male,4,20150927
user_0003321,1,23,male,7,20160930
user_0003322,1,25,,3,20160403
user_0003323,1,47,male,3,20151216
user_0003324,1,45,female,3,20150130
user_0003325,1,23,male,3,20170119
user_0003326,9,31,,9,20160913
user_0003327,1,41,female,3,20160812
user_0003328,1,31,,7,20160206
user_0003329,1,2015,male,3,20150114
user_0003330,1,1000,male,7,20150613
user_0003331,4,34,female,7,20160731
user_0003332,1,41,female,3,20160102
user_0003333,17,29,male,7,20160319
user_0003334,1,22,female,13,20150727
user_0003335,5,36,,4,20161120
user_0003336,1,-1,male,7,20150225
user_0003337,9,26,female,3,20160330
user_0003338,14,17,female,3,20150726
user_0003339,1,-1,male,7,20160413
user_0003340,11,21,,9,20150411
user_0003341,20,39,,3,20160408
user_0003342,21,36,,3,20150225
user_0003343,13,29,female,3,20150619
user_0003344,21,33,male,7,20170110
user_0003345,21,21,male,3,20160103
user_0003346,12,28,female,13,20170106
user_0003347,12,16,male,9,20161027
user_0003348,20,42,male,9,20161017
user_0003349,11,22,female,4,20150502
user_0003350,3,2015,female,7,20150922
user_0003351,6,19,male,13,20151023
user_0003352,1,31,female,3,20150912
user_0003353,11,43,male,4,20160816
user_0003354,1,-1,female,3,20150313
user_0003355,1,30,female,9,20161031
user_0003356,15,34,female,3,20160109
user_0003357,3,2015,male,7,20150514
user_0003358,9,25,,3,20151214
user_0003359,14,28,,7,20150722
user_0003360,13,29,female,7,20150803
user_0003361,14,2015,female,9,20160721
user_0003362,1,-1,male,9,20150409
user_0003363,8,31,male,4,20160729
user_0003364,9,34,,7,20150920
user_0003365,1,40,male,3,20150731
user_0003366,13,43,male,3,20150307
user_0003367,6,25,,7,20150408
user_0003368,1,26,,9,20150831
user_0003369,7,27,male,7,20150305
user_0003370,1,35,,4,20150815
user_0003371,12,31,female,7,20161201
user_0003372,18,36,,7,20160213
user_0003373,8,39,female,4,20161229
user_0003374,6,19,female,3,20160119
user_0003375,18,2015,male,9,20150112
user_0003376,9,28,female,3,20161227
user_0003377,1,35,male,9,20151021
user_0003378,10,31,,9,20150111
user_0003379,14,2015,male,9,20150806
user_0003380,4,36,female,9,20150101
user_0003381,17,41,female,13,20151122
user_0003382,1,27,female,13,20150717
user_0003383,14,35,male,4,20160214
user_0003384,20,-1,,3,20161103
user_0003385,1,27,male,7,20160101
user_0003386,15,39,female,13,20150731
user_0003387,5,38,,7,20160307
user_0003388,1,20,female,3,20160906
user_0003389,19,1000,male,3,20160207
user_0003390,1,26,,4,20151202
user_0003391,14,27,male,9,20160214
user_0003392,1,44,female,9,20150215
user_0003393,12,22,female,3,20161117
user_0003394,14,43,female,4,20151008
user_0003395,18,23,male,4,20150801
user_0003396,21,19,male,3,20160712
user_0003397,1,27,,3,20150527
user_0003398,14,23,female,4,20151224
user_0003399,1,29,female,4,20161013
user_0003400,1,33,male,9,20170102
user_0003401,14,20,male,3,20160109
user_0003402,6,28,female,9,20160608
user_0003403,15,41,male,3,20150311
user_0003404,18,25,male,4,20160825
user_0003405,1,49,female,7,20160708
user_0003406,10,30,female,3,20170115
user_0003407,6,1000,male,13,20160305
user_0003408,3,47,male,13,20150303
user_0003409,2,22,male,13,20160628
user_0003410,1,38,female,3,20160430
user_0003411,1,42,female,7,20150721
user_0003412,1,43,male,7,20160317
user_0003413,1,30,,9,20161105
user_0003414,1,18,female,3,20160819
user_0003415,1,39,male,3,20150517
user_0003416,1,32,female,9,20150131
user_0003417,17,0,male,3,20160906
user_0003418,11,34,male,3,20151205
user_0003419,7,23,male,3,20150817
user_0003420,9,1000,,7,20160209
user_0003421,5,30,female,4,20161018
user_0003422,13,39,male,7,20160224
user_0003423,18,2015,male,9,20160923
user_0003424,1,23,male,3,20150829
user_0003425,14,40,male,13,20160828
user_0003426,10,40,female,9,20170105
user_0003427,8,53,,13,20160619
user_0003428,1,37,male,7,20161205
user_0003429,1,33,female,4,20160818
user_0003430,5,2015,female,3,20150302
user_0003431,19,30,male,9,20160829
user_0003432,9,38,male,4,20150129
user_0003433,13,30,female,4,20160705
user_0003434,10,44,,7,20160808
user_0003435,14,30,female,7,20150314
user_0003436,3,22,male,7,20150616
user_0003437,14,27,female,7,20151013
user_0003438,1,50,male,4,20151016
user_0003439,1,42,male,7,20161027
user_0003440,1,22,female,4,20160723
user_0003441,1,32,female,3,20150117
user_0003442,21,30,female,9,20150403
user_0003443,15,53,male,9,20150514
user_0003444,10,1000,male,7,20160618
user_0003445,1,33,male,3,20160921
user_0003446,4,35,male,3,20160519
user_0003447,6,17,female,13,20161027
user_0003448,1,30,female,13,20160901
user_0003449,1,29,male,3,20160814
user_0003450,5,29,male,7,20160210
user_0003451,20,19,male,3,20160529
user_0003452,20,37,female,4,20160418
user_0003453,1,37,female,7,20160303
user_0003454,1,29,male,3,20160814
user_0003455,9,37,male,9,20150717
user_0003456,1,40,female,9,20160430
user_0003457,8,38,female,3,20151006
user_0003458,11,31,,7,20150516
user_0003459,20,0,female,3,20150717
user_0003460,17,0,male,3,20160215
user_0003461,3,31,male,3,20151129
user_0003462,1,23,,4,20160305
user_0003463,14,36,female,9,20160401
user_0003464,9,21,male,7,20160507
user_0003465,1,32,,3,20160106
user_0003466,1,2015,female,3,20151203
user_0003467,17,31,,13,20170130
user_0003468,3,16,,4,20170103
user_0003469,18,23,female,7,20161001
user_0003470,5,39,,3,20161222
user_0003471,5,30,male,9,20160313
user_0003472,13,-1,,4,20150425
user_0003473,15,35,,4,20150412
user_0003474,10,23,male,3,20161205
user_0003475,2,42,female,7,20150724
user_0003476,20,39,female,3,20160725
user_0003477,13,43,male,3,20150331
user_0003478,1,32,male,4,20151008
user_0003479,1,-1,male,9,20150527
user_0003480,19,20,,3,20150204
user_0003481,12,-1,,3,20151008
user_0003482,1,36,female,3,20160413
user_0003483,7,29,male,7,20150424
user_0003484,4,1000,male,7,20161203
user_0003485,18,35,male,3,20150530
user_0003486,8,15,female,4,20151214
user_0003487,3,28,female,4,20170122
user_0003488,6,40,female,3,20160907
user_0003489,21,43,male,4,20151228
user_0003490,5,39,male,3,20160206
user_0003491,2,56,male,3,20150411
user_0003492,5,29,female,13,20150606
user_0003493,21,30,,3,20161017
user_0003494,1,28,,3,20150313
user_0003495,1,30,male,7,20151226
user_0003496,15,-1,,4,20151014
user_0003497,1,24,male,3,20161218
user_0003498,8,24,male,9,20150331
user_0003499,20,31,female,3,20160517
user_0003500,3,25,,4,20150811
user_0003501,18,31,female,9,20160513
user_0003502,3,34,female,13,20150515
user_0003503,7,-1,female,9,20160911
user_0003504,9,32,female,4,20150809
user_0003505,1,40,female,7,20150226
user_0003506,3,-1,female,9,20151022
user_0003507,5,29,,3,20160211
user_0003508,19,27,female,13,20170108
user_0003509,1,0,,3,20160913
user_0003510,13,37,female,7,20150629
user_0003511,1,38,female,3,20150120
user_0003512,1,33,female,3,20150303
user_0003513,1,29,male,3,20160609
user_0003514,1,36,male,13,20161103
user_0003515,6,1000,male,3,20160130
user_0003516,1,42,female,9,20160405
user_0003517,1,17,,3,20150611
user_0003518,1,26,male,3,20170111
user_0003519,1,40,,3,20150606
user_0003520,18,23,male,13,20160807
user_0003521,16,35,female,3,20170120
user_0003522,5,35,male,9,20151004
user_0003523,9,0,male,3,20161117
user_0003524,1,41,male,13,20150821
user_0003525,18,15,male,7,20161121
user_0003526,7,32,male,3,20150519
user_0003527,12,-1,,4,20150228
user_0003528,20,29,female,3,20160812
user_0003529,17,34,male,4,20160608
user_0003530,8,27,,3,20160911
user_0003531,17,52,male,7,20160129
user_0003532,13,43,,4,20161230
user_0003533,18,49,male,3,20150222
user_0003534,18,40,female,3,20150701
user_0003535,1,32,male,13,20160823
user_0003536,16,30,male,3,20161126
user_0003537,14,39,female,3,20150329
user_0003538,1,19,male,3,20160517
user_0003539,4,22,male,4,20160822
user_0003540,17,-1,male,4,20160617
user_0003541,7,38,,4,20150429
user_0003542,5,1000,male,3,20160914
user_0003543,1,35,male,3,20161214
user_0003544,17,31,female,9,20161230
user_0003545,14,26,female,3,20160628
user_0003546,1,30,male,3,20160508
user_0003547,15,34,female,4,20160104
user_0003548,21,38,,3,20151030
user_0003549,21,37,female,7,20151108
user_0003550,7,16,female,3,20160901
user_0003551,4,1000,male,3,20160304
user_0003552,6,2015,male,4,20160817
user_0003553,3,50,female,3,20150216
user_0003554,20,38,male,9,20150704
user_0003555,5,42,female,3,20161030
user_0003556,16,40,male,4,20160201
user_0003557,1,0,male,4,20160819
user_0003558,19,23,male,9,20170123
user_0003559,8,30,male,3,20160930
user_0003560,1,1000,male,9,20160721
user_0003561,1,35,female,13,20161124
user_0003562,1,27,male,3,20150610
user_0003563,14,15,male,3,20160510
user_0003564,14,2015,male,9,20161011
user_0003565,5,20,male,3,20160402
user_0003566,8,54,male,3,20160724
user_0003567,15,2015,male,3,20160804
user_0003568,1,30,,7,20160619
user_0003569,20,26,male,13,20151012
user_0003570,10,41,female,9,20150108
user_0003571,13,29,male,4,20161107
user_0003572,20,15,female,4,20160902
user_0003573,7,21,female,13,20150630
user_0003574,17,30,,7,20160626
user_0003575,5,28,male,13,20160414
user_0003576,10,26,,7,20160625
user_0003577,9,19,female,7,20160213
user_0003578,1,27,female,7,20160321
user_0003579,1,0,,3,20160912
user_0003580,1,33,female,3,20160919
user_0003581,14,39,female,3,20161124
user_0003582,12,22,female,13,20160711
user_0003583,1,29,male,13,20150910
user_0003584,20,1000,male,7,20160408
user_0003585,21,33,female,3,20160113
user_0003586,20,43,male,3,20160710
user_0003587,1,27,female,4,20151018
user_0003588,14,32,,4,20150709
user_0003589,1,17,female,3,20150830
user_0003590,1,36,male,3,20150328
user_0003591,7,31,female,7,20161212
user_0003592,14,36,,9,20150708
user_0003593,1,33,female,3,20160506
user_0003594,10,39,male,3,20170118
user_0003595,1,-1,female,3,20160730
user_0003596,2,21,male,4,20150805
user_0003597,10,32,female,7,20150510
user_0003598,21,1000,female,4,20151203
user_0003599,10,43,female,9,20161011
user_0003600,1,22,female,4,20160602
user_0003601,1,32,male,3,20160905
user_0003602,11,33,,7,20150908
user_0003603,9,30,,9,20150623
user_0003604,1,2015,female,9,20160604
user_0003605,1,21,female,3,20150704
user_0003606,15,40,male,3,20160318
user_0003607,10,2015,,4,20160222
user_0003608,7,20,female,13,20160213
user_0003609,18,2015,,7,20160412
user_0003610,16,17,male,7,20150609
user_0003611,10,25,female,3,20150915
user_0003612,1,27,male,13,20161206
user_0003613,1,27,male,3,20161121
user_0003614,1,22,male,4,20150504
user_0003615,1,0,male,7,20160916
user_0003616,1,2015,male,9,20160322
user_0003617,17,29,female,9,20151119
user_0003618,4,1000,female,4,20150306
user_0003619,9,26,female,3,20150308
user_0003620,1,0,,13,20150512
user_0003621,20,35,female,4,20150630
user_0003622,1,31,female,3,20151128
user_0003623,1,0,female,3,20150718
user_0003624,9,38,female,9,20150728
user_0003625,20,15,male,9,20160424
user_0003626,21,-1,male,4,20160323
user_0003627,15,34,male,4,20160316
user_0003628,1,42,male,7,20150828
user_0003629,2,43,male,13,20170114
user_0003630,12,15,female,4,20160202
user_0003631,1,25,male,9,20160307
user_0003632,9,39,male,9,20150627
user_0003633,11,42,female,7,20151030
user_0003634,1,2015,male,4,20160806
user_0003635,20,1000,male,3,20160129
user_0003636,10,40,male,7,20161119
user_0003637,2,27,female,9,20160815
user_0003638,1,33,female,13,20160925
user_0003639,6,31,female,3,20160630
user_0003640,1,40,male,3,20150222
user_0003641,13,37,female,7,20161013
user_0003642,9,37,,9,20150318
user_0003643,4,34,male,3,20151023
user_0003644,1,30,male,7,20160310
user_0003645,10,0,male,3,20160321
user_0003646,19,25,female,13,20160331
user_0003647,20,1000,male,3,20160822
user_0003648,1,2015,female,3,20160330
user_0003649,8,43,female,9,20150311
user_0003650,9,19,,3,20150707
user_0003651,19,39,male,4,20151225
user_0003652,1,18,female,3,20150421
user_0003653,1,33,,3,20160522
user_0003654,1,2015,male,3,20160802
user_0003655,21,0,male,3,20160916
user_0003656,16,32,male,4,20150425
user_0003657,16,48,,3,20170111
user_0003658,12,40,female,7,20150218
user_0003659,5,47,female,9,20150308
user_0003660,1,40,,4,20160102
user_0003661,1,43,male,3,20170103
user_0003662,1,40,male,13,20151208
user_0003663,16,28,male,3,20150131
user_0003664,1,37,male,3,20160403
user_0003665,1,45,female,4,20160728
user_0003666,7,33,male,7,20160701
user_0003667,1,34,female,3,20150221
user_0003668,6,36,female,4,20151121
user_0003669,2,45,female,7,20150315
user_0003670,8,21,male,4,20160104
user_0003671,15,47,male,3,20151002
user_0003672,1,25,,4,20151122
user_0003673,9,29,male,4,20160920
user_0003674,3,39,male,3,20161231
user_0003675,7,24,male,7,20150902
user_0003676,8,41,male,4,20151003
user_0003677,1,35,female,4,20150106
user_0003678,1,38,female,7,20161211
user_0003679,6,27,male,9,20160118
user_0003680,2,0,male,7,20150115
user_0003681,9,33,female,3,20151023
user_0003682,6,25,,13,20160123
user_0003683,4,33,male,3,20150328
user_0003684,1,52,,9,20150922
user_0003685,20,38,female,4,20150104
user_0003686,12,32,male,4,20151128
user_0003687,15,33,male,9,20160718
user_0003688,1,43,male,7,20161013
user_0003689,15,22,female,13,20150908
user_0003690,16,15,,9,20160414
user_0003691,20,28,female,3,20150826
user_0003692,1,32,male,4,20161122
user_0003693,1,34,,7,20151213
user_0003694,1,31,male,3,20160526
user_0003695,3,21,female,4,20150320
user_0003696,1,0,female,13,20150608
user_0003697,17,51,female,3,20160706
user_0003698,6,1000,male,3,20150420
user_0003699,15,1000,female,3,20160324
user_0003700,1,0,,3,20160502
user_0003701,1,28,,3,20150617
user_0003702,16,30,male,4,20161125
user_0003703,6,38,female,9,20160418
user_0003704,1,33,female,4,20150710
user_0003705,9,0,,4,20151123
user_0003706,18,35,,3,20151029
user_0003707,11,26,female,3,20151011
user_0003708,19,47,,13,20150512
user_0003709,21,33,,3,20160103
user_0003710,1,32,,13,20160109
user_0003711,7,26,male,3,20161011
user_0003712,1,36,male,7,20150712
user_0003713,12,33,female,7,20150120
user_0003714,20,25,male,3,20160624
user_0003715,18,0,female,3,20150121
user_0003716,1,15,female,4,20150406
user_0003717,11,30,male,3,20150908
user_0003718,1,30,male,3,20161111
user_0003719,4,15,female,3,20150712
user_0003720,1,26,male,3,20150725
user_0003721,11,2015,male,4,20151215
user_0003722,1,26,male,3,20160611
user_0003723,1,43,female,3,20160714
user_0003724,1,15,female,4,20150722
user_0003725,16,34,male,7,20160104
user_0003726,19,23,male,3,20150902
user_0003727,14,22,female,13,20150930
user_0003728,1,35,male,4,20170126
user_0003729,16,36,female,13,20160428
user_0003730,8,16,,3,20150104
user_0003731,6,18,female,3,20160702
user_0003732,1,37,female,3,20160930
user_0003733,4,28,female,9,20161220
user_0003734,21,39,female,4,20151017
user_0003735,4,33,female,9,20160510
user_0003736,1,42,male,7,20151201
user_0003737,4,1000,male,3,20161128
user_0003738,19,22,male,3,20151231
user_0003739,18,37,male,3,20150131
user_0003740,6,32,,4,20150403
user_0003741,12,32,,7,20160814
user_0003742,20,35,female,3,20150502
user_0003743,1,37,,13,20150412
user_0003744,1,15,female,4,20160827
user_0003745,1,36,female,3,20150707
user_0003746,10,28,,7,20160509
user_0003747,15,42,,3,20170117
user_0003748,1,50,male,7,20150614
user_0003749,6,31,female,4,20161223
user_0003750,20,30,female,4,20150223
user_0003751,11,35,male,3,20150928
user_0003752,7,27,male,3,20160605
user_0003753,8,43,male,9,20160912
user_0003754,16,37,male,4,20150423
user_0003755,10,29,male,4,20151222
user_0003756,1,21,female,7,20150920
user_0003757,1,42,,9,20150509
user_0003758,10,34,,3,20160912
user_0003759,1,43,,13,20150313
user_0003760,11,16,,3,20150202
user_0003761,14,38,,7,20151011
user_0003762,12,29,female,3,20161118
user_0003763,16,27,female,3,20150815
user_0003764,5,2015,female,4,20160728
user_0003765,1,47,male,7,20160309
user_0003766,18,28,male,4,20160112
user_0003767,11,31,female,7,20160428
user_0003768,6,20,female,13,20160916
user_0003769,16,35,male,3,20170113
user_0003770,14,2015,female,3,20161217
user_0003771,10,34,,7,20151209
user_0003772,17,40,female,4,20160705
user_0003773,1,39,female,3,20160727
user_0003774,1,38,male,4,20170109
user_0003775,8,54,female,7,20160727
user_0003776,1,0,male,9,20151106
user_0003777,4,0,female,13,20150929
user_0003778,21,0,,9,20151017
user_0003779,13,33,female,3,20150222
user_0003780,1,18,male,9,20161129
user_0003781,15,0,,7,20160418
user_0003782,4,49,female,3,20150623
user_0003783,18,17,male,13,20161021
user_0003784,1,33,female,3,20151117
user_0003785,4,2015,male,7,20151107
user_0003786,1,44,male,7,20160706
user_0003787,3,39,female,9,20150511
user_0003788,15,34,female,7,20160330
user_0003789,11,40,,13,20150408
user_0003790,1,22,male,3,20150914
user_0003791,3,33,,3,20150805
user_0003792,16,28,male,3,20151105
user_0003793,13,21,female,4,20170126
user_0003794,1,1000,male,4,20160615
user_0003795,2,26,male,3,20161026
user_0003796,7,26,male,3,20150209
user_0003797,9,24,male,4,20161215
user_0003798,18,0,female,4,20150717
user_0003799,1,27,,7,20150618
user_0003800,1,37,female,4,20151103
user_0003801,20,30,male,9,20151011
user_0003802,15,24,male,7,20161120
user_0003803,14,19,female,4,20160526
user_0003804,4,20,female,3,20160425
user_0003805,1,15,female,3,20150509
user_0003806,19,25,female,3,20150108
user_0003807,1,37,female,3,20150312
user_0003808,10,38,male,3,20160107
user_0003809,2,40,,3,20150314
user_0003810,1,1000,,4,20150617
user_0003811,1,17,,3,20151226
user_0003812,8,1000,female,9,20161008
user_0003813,6,28,male,4,20160323
user_0003814,20,36,female,3,20160208
user_0003815,2,31,female,3,20150811
user_0003816,3,34,,3,20150410
user_0003817,5,23,male,3,20160809
user_0003818,9,35,male,4,20161202
user_0003819,20,22,male,3,20160207
user_0003820,12,48,female,3,20170101
user_0003821,1,29,,7,20151006
user_0003822,8,29,male,4,20160323
user_0003823,1,23,male,7,20150618
user_0003824,1,23,,4,20170126
user_0003825,4,34,,4,20160704
user_0003826,4,44,female,3,20150619
user_0003827,5,33,,4,20151027
user_0003828,8,30,male,4,20161202
user_0003829,1,24,female,3,20161016
user_0003830,1,29,male,9,20170112
user_0003831,17,2015,male,3,20170106
user_0003832,8,-1,male,3,20150817
user_0003833,21,32,,3,20160523
user_0003834,1,30,female,9,20160704
user_0003835,1,1000,female,9,20160803
user_0003836,4,26,female,4,20160617
user_0003837,18,17,male,3,20151127
user_0003838,1,26,female,7,20160524
user_0003839,1,25,female,9,20160904
user_0003840,19,27,female,3,20160909
user_0003841,1,15,female,7,20150822
user_0003842,11,34,,7,20160315
user_0003843,20,17,male,4,20150426
user_0003844,19,45,male,3,20160801
user_0003845,8,41,,7,20160601
user_0003846,1,2015,female,3,20150108
user_0003847,15,2015,,3,20160529
user_0003848,10,30,female,4,20150311
user_0003849,1,45,female,13,20150909
user_0003850,1,34,female,3,20150317
user_0003851,16,34,male,3,20160604
user_0003852,11,-1,,4,20160223
user_0003853,1,24,male,13,20161201
user_0003854,1,31,female,3,20160109
user_0003855,15,16,,7,20150818
user_0003856,1,15,male,3,20160318
user_0003857,12,29,male,4,20160710
user_0003858,12,20,female,3,20150903
user_0003859,1,29,female,7,20151230
user_0003860,1,23,male,3,20151118
user_0003861,8,46,,7,20150922
user_0003862,1,21,male,3,20160809
user_0003863,1,33,female,3,20170108
user_0003864,1,39,male,3,20150521
user_0003865,1,15,male,3,20160515
user_0003866,11,41,,3,20160106
user_0003867,13,30,,3,20150128
user_0003868,19,37,male,4,20150916
user_0003869,21,40,female,4,20160717
user_0003870,20,23,male,9,20150904
user_0003871,8,25,male,4,20160920
user_0003872,17,43,male,4,20160328
user_0003873,1,32,female,7,20160107
user_0003874,1,25,female,9,20160227
user_0003875,1,43,female,4,20150303
user_0003876,20,2015,,3,20160313
user_0003877,16,43,male,4,20160809
user_0003878,10,0,male,3,20161205
user_0003879,8,36,female,7,20151109
user_0003880,1,45,female,3,20161115
user_0003881,1,34,,4,20160909
user_0003882,4,0,female,3,20150721
user_0003883,15,28,male,9,20151104
user_0003884,16,1000,female,3,20150831
user_0003885,4,33,female,7,20151202
user_0003886,4,31,,7,20160125
user_0003887,14,49,female,3,20160710
user_0003888,15,27,,4,20161112
user_0003889,1,28,male,3,20150723
user_0003890,14,39,male,3,20161028
user_0003891,18,27,male,3,20161102
user_0003892,1,40,female,3,20161221
user_0003893,1,42,male,7,20150716
user_0003894,1,23,female,3,20160617
user_0003895,18,25,,3,20161022
user_0003896,4,31,female,3,20150128
user_0003897,14,34,male,9,20160816
user_0003898,18,1000,female,4,20170113
user_0003899,11,24,,4,20150809
user_0003900,7,0,female,4,20151024
user_0003901,1,29,male,9,20160707
user_0003902,17,38,,7,20160907
user_0003903,20,35,male,4,20160327
user_0003904,1,28,,3,20160502
user_0003905,5,46,male,4,20151003
user_0003906,20,26,female,13,20150828
user_0003907,10,1000,female,4,20160221
user_0003908,15,35,,4,20161017
user_0003909,2,29,,9,20150505
user_0003910,21,44,male,3,20150922
user_0003911,12,2015,male,3,20150113
user_0003912,11,33,male,9,20151228
user_0003913,3,32,male,13,20170109
user_0003914,3,41,male,3,20160406
user_0003915,1,39,,3,20160618
user_0003916,1,38,,3,20161209
user_0003917,1,2015,female,4,20160809
user_0003918,2,47,female,3,20151113
user_0003919,1,38,female,4,20150923
user_0003920,2,25,female,7,20160207
user_0003921,1,28,female,3,20150110
user_0003922,20,40,male,9,20150324
user_0003923,1,30,,3,20150124
user_0003924,1,39,male,4,20160725
user_0003925,11,2015,male,3,20150822
user_0003926,1,21,male,3,20160408
user_0003927,1,42,,4,20150710
user_0003928,1,40,female,3,20160124
user_0003929,2,32,female,4,20160115
user_0003930,15,38,female,3,20160524
user_0003931,18,30,male,3,20150729
user_0003932,9,43,male,3,20170101
user_0003933,3,2015,,3,20161125
user_0003934,6,33,female,7,20161129
user_0003935,12,27,male,13,20151015
user_0003936,9,28,,3,20160427
user_0003937,1,0,male,9,20150911
user_0003938,15,43,male,7,20160209
user_0003939,1,31,male,3,20151003
user_0003940,21,27,,3,20151031
user_0003941,1,39,male,9,20150702
user_0003942,3,-1,male,3,20160122
user_0003943,21,25,male,3,20150403
user_0003944,10,-1,female,7,20161109
user_0003945,15,34,,7,20160508
user_0003946,1,-1,female,9,20160601
user_0003947,13,1000,female,4,20150909
user_0003948,6,26,female,3,20150617
user_0003949,21,2015,,3,20151102
user_0003950,14,33,female,3,20161129
user_0003951,1,39,female,7,20161122
user_0003952,9,31,female,13,20170108
user_0003953,14,33,female,3,20160803
user_0003954,3,-1,female,4,20160212
user_0003955,13,30,,3,20161206
user_0003956,6,44,male,3,20160520
user_0003957,1,-1,,4,20160502
user_0003958,21,38,female,13,20150908
user_0003959,13,27,female,3,20160813
user_0003960,14,16,female,7,20160206
user_0003961,7,24,female,9,20160727
user_0003962,15,29,,3,20150928
user_0003963,2,41,female,9,20151210
user_0003964,1,34,male,7,20160924
user_0003965,2,0,male,7,20161027
user_0003966,14,33,male,3,20151016
user_0003967,1,35,female,3,20150921
user_0003968,14,35,male,3,20160423
user_0003969,4,41,female,9,20150822
user_0003970,13,35,female,9,20160515
user_0003971,1,25,,3,20160228
user_0003972,20,20,,4,20150120
user_0003973,3,23,female,3,20160328
user_0003974,8,40,male,7,20151025
user_0003975,1,45,,4,20160424
user_0003976,7,27,female,13,20150611
user_0003977,3,47,,7,20160331
user_0003978,10,34,female,3,20161209
user_0003979,9,32,female,3,20150223
user_0003980,1,34,male,4,20160109
user_0003981,1,36,male,9,20160918
user_0003982,7,1000,male,3,20150829
user_0003983,1,32,,3,20160803
user_0003984,13,31,female,3,20151203
user_0003985,13,15,female,3,20161216
user_0003986,1,29,male,3,20150128
user_0003987,8,45,female,3,20150808
user_0003988,16,38,,3,20161103
user_0003989,14,27,male,4,20150712
user_0003990,1,33,,9,20150730
user_0003991,18,37,male,13,20160807
user_0003992,1,28,male,3,20160209
user_0003993,3,37,male,4,20150407
user_0003994,2,30,male,7,20150801
user_0003995,10,1000,,3,20151002
user_0003996,6,0,,4,20150125
user_0003997,19,15,female,3,20170111
user_0003998,10,28,,3,20170111
user_0003999,19,0,female,3,20151003
user_0004000,1,41,male,9,20160208
user_0004001,1,16,,3,20160127
user_0004002,10,0,female,4,20150926
user_0004003,11,1000,female,4,20151127
user_0004004,8,37,,3,20150525
user_0004005,1,21,female,13,20160728
user_0004006,2,18,male,3,20150525
user_0004007,9,40,male,3,20160607
user_0004008,11,28,female,7,20150618
user_0004009,18,2015,female,4,20151011
user_0004010,1,33,male,7,20160324
user_0004011,18,29,,3,20160709
user_0004012,20,30,male,3,20150222
user_0004013,8,27,female,7,20160229
user_0004014,1,-1,male,4,20150816
user_0004015,19,15,male,9,20151017
user_0004016,1,26,male,3,20160718
user_0004017,1,34,,3,20151012
user_0004018,17,25,male,9,20150629
user_0004019,1,28,,3,20151218
user_0004020,2,39,female,3,20151003
user_0004021,20,24,male,3,20151212
user_0004022,1,38,female,7,20160617
user_0004023,3,39,male,3,20150107
user_0004024,3,39,male,4,20150429
user_0004025,13,37,female,9,20150112
user_0004026,13,24,male,7,20160803
user_0004027,1,22,male,7,20150530
user_0004028,5,40,male,13,20161025
user_0004029,1,33,female,3,20160604
user_0004030,1,50,male,9,20150228
user_0004031,15,1000,female,4,20170107
user_0004032,2,37,male,3,20150721
user_0004033,1,34,female,3,20150106
user_0004034,4,31,,3,20150223
user_0004035,12,33,male,3,20150104
user_0004036,6,29,female,7,20160308
user_0004037,1,31,,4,20160208
user_0004038,1,37,male,3,20160721
user_0004039,20,35,male,9,20160929
user_0004040,5,34,female,4,20150915
user_0004041,1,20,female,4,20161019
user_0004042,11,0,female,3,20160302
user_0004043,20,24,female,4,20150416
user_0004044,17,15,,9,20160513
user_0004045,2,22,female,4,20150826
user_0004046,7,25,,4,20160927
user_0004047,1,19,male,7,20160515
user_0004048,12,27,female,4,20150101
user_0004049,1,2015,female,7,20160925
user_0004050,14,18,male,3,20160608
user_0004051,4,31,male,3,20161018
user_0004052,2,21,female,3,20150707
user_0004053,4,32,female,9,20150918
user_0004054,1,20,male,3,20150315
user_0004055,10,26,male,3,20160529
user_0004056,16,37,,4,20160125
user_0004057,3,1000,male,4,20160402
user_0004058,7,37,,9,20150118
user_0004059,2,46,female,3,20150617
user_0004060,1,40,female,3,20150527
user_0004061,1,20,male,3,20160724
user_0004062,13,1000,,4,20160327
user_0004063,15,2015,female,3,20150419
user_0004064,1,2015,,4,20151216
user_0004065,17,46,female,7,20160611
user_0004066,15,2015,female,3,20150709
user_0004067,2,17,male,7,20151028
user_0004068,18,37,female,3,20150316
user_0004069,1,36,female,4,20160814
user_0004070,20,29,male,9,20160201
user_0004071,1,29,male,13,20160825
user_0004072,1,37,male,4,20161021
user_0004073,20,55,,13,20150424
user_0004074,10,30,,3,20150514
user_0004075,3,42,male,3,20160222
user_0004076,9,25,male,4,20160909
user_0004077,8,38,male,4,20161109
user_0004078,20,39,,9,20161015
user_0004079,1,21,,4,20160512
user_0004080,19,2015,female,3,20160622
user_0004081,9,41,female,7,20151201
user_0004082,17,38,male,3,20150125
user_0004083,1,39,female,9,20150525
user_0004084,7,47,female,3,20160412
user_0004085,1,31,,3,20150510
user_0004086,1,43,female,3,20150727
user_0004087,6,2015,,3,20160220
user_0004088,1,27,male,7,20150821
user_0004089,1,30,female,3,20160822
user_0004090,8,38,,3,20151221
user_0004091,16,0,female,4,20160909
user_0004092,1,29,male,7,20160904
user_0004093,1,48,male,3,20160918
user_0004094,1,30,male,4,20160619
user_0004095,13,-1,,3,20160424
user_0004096,12,41,female,3,20150405
user_0004097,19,31,female,3,20170101
user_0004098,19,32,male,3,20160326
user_0004099,1,26,male,9,20160226
user_0004100,10,23,female,3,20161005
user_0004101,1,39,male,7,20160212
user_0004102,15,41,female,7,20150418
user_0004103,17,-1,male,4,20161221
user_0004104,9,45,female,4,20150709
user_0004105,21,34,male,3,20160830
user_0004106,20,20,female,3,20151113
user_0004107,1,25,female,3,20160913
user_0004108,1,38,female,9,20150412
user_0004109,1,15,female,3,20151015
user_0004110,1,37,,3,20160528
user_0004111,1,37,female,7,20160228
user_0004112,1,43,female,4,20160219
user_0004113,1,19,male,4,20150322
user_0004114,18,42,female,3,20150806
user_0004115,11,42,female,3,20160915
user_0004116,8,24,male,9,20170129
user_0004117,13,37,female,3,20150729
user_0004118,10,33,,3,20160224
user_0004119,13,20,female,7,20160510
user_0004120,1,37,female,3,20160613
user_0004121,10,31,,13,20150125
user_0004122,1,19,female,3,20160522
user_0004123,4,35,female,4,20150924
user_0004124,3,31,male,4,20150218
user_0004125,2,37,,4,20150417
user_0004126,7,36,male,7,20160118
user_0004127,12,28,male,3,20151017
user_0004128,1,1000,male,4,20150223
user_0004129,13,-1,female,9,20160425
user_0004130,8,44,female,3,20160310
user_0004131,1,25,female,4,20160207
user_0004132,1,39,female,4,20150608
user_0004133,8,35,female,4,20150210
user_0004134,13,32,male,4,20160224
user_0004135,10,38,male,7,20160124
user_0004136,1,31,female,7,20170101
user_0004137,2,55,male,9,20150115
user_0004138,10,27,,7,20160823
user_0004139,15,35,female,13,20151203
user_0004140,17,-1,female,7,20150829
user_0004141,14,1000,male,3,20160823
user_0004142,8,24,male,3,20151223
user_0004143,9,15,,3,20160312
user_0004144,21,30,female,3,20151101
user_0004145,11,37,female,3,20151013
user_0004146,11,26,,7,20151004
user_0004147,2,33,male,7,20160505
user_0004148,16,1000,male,7,20150421
user_0004149,1,33,male,4,20160310
user_0004150,4,15,male,4,20150128
user_0004151,18,35,male,3,20151025
user_0004152,1,22,female,9,20150629
user_0004153,14,31,male,3,20151026
user_0004154,1,31,female,3,20150527
user_0004155,1,29,male,4,20160528
user_0004156,21,38,female,3,20151023
user_0004157,12,23,male,9,20160429
user_0004158,1,28,male,4,20150315
user_0004159,1,52,female,3,20160509
user_0004160,18,44,,3,20151217
user_0004161,2,-1,female,3,20150411
user_0004162,14,35,female,4,20151025
user_0004163,12,41,male,3,20161214
user_0004164,11,28,female,3,20160829
user_0004165,12,21,male,4,20161024
user_0004166,16,30,male,3,20151218
user_0004167,14,24,male,9,20150503
user_0004168,18,36,male,7,20150425
user_0004169,1,21,male,7,20160805
user_0004170,1,31,male,9,20160329
user_0004171,1,31,female,9,20151005
user_0004172,11,41,male,3,20150101
user_0004173,18,36,male,4,20160911
user_0004174,2,30,female,3,20160507
user_0004175,18,24,male,3,20160120
user_0004176,15,48,male,3,20150718
user_0004177,1,32,,3,20160429
user_0004178,6,35,,3,20160916
user_0004179,6,32,male,3,20160409
user_0004180,6,33,,7,20161112
user_0004181,13,27,,3,20160504
user_0004182,3,43,male,3,20150613
user_0004183,9,1000,female,4,20160419
user_0004184,1,31,male,3,20150912
user_0004185,20,41,female,7,20160508
user_0004186,13,1000,male,3,20161003
user_0004187,5,25,male,4,20160101
user_0004188,9,35,female,3,20160922
user_0004189,1,2015,female,4,20160129
user_0004190,19,38,male,9,20160604
user_0004191,19,22,female,3,20150419
user_0004192,19,-1,male,4,20160603
user_0004193,15,1000,female,4,20160421
user_0004194,14,35,,3,20151007
user_0004195,1,1000,male,3,20151019
user_0004196,1,26,male,9,20160229
user_0004197,1,0,female,3,20150212
user_0004198,15,38,female,7,20151005
user_0004199,1,2015,female,4,20160814
user_0004200,1,2015,,9,20160916
user_0004201,10,37,female,3,20160522
user_0004202,3,51,male,4,20160624
user_0004203,19,16,female,4,20151011
user_0004204,2,29,female,9,20161114
user_0004205,19,0,,3,20160522
user_0004206,7,-1,male,3,20160113
user_0004207,1,0,male,4,20170126
user_0004208,4,31,male,4,20150213
user_0004209,2,22,female,3,20150421
user_0004210,1,27,male,4,20160106
user_0004211,16,0,female,7,20160718
user_0004212,18,1000,female,7,20150602
user_0004213,1,31,male,3,20170129
user_0004214,1,33,female,4,20161103
user_0004215,18,28,male,3,20150326
user_0004216,3,1000,male,4,20150611
user_0004217,10,26,female,3,20150621
user_0004218,21,32,male,13,20160912
user_0004219,1,20,male,3,20150906
user_0004220,4,41,male,13,20151119
user_0004221,10,30,female,3,20170103
user_0004222,1,28,female,3,20161210
user_0004223,13,36,male,3,20150106
user_0004224,6,34,male,3,20160716
user_0004225,15,41,female,9,20160212
user_0004226,16,24,male,9,20150930
user_0004227,5,26,,13,20150708
user_0004228,19,22,female,4,20160301
user_0004229,1,15,male,3,20150425
user_0004230,18,27,female,7,20160729
user_0004231,1,19,male,9,20150108
user_0004232,1,33,male,3,20150421
user_0004233,5,15,female,9,20151101
user_0004234,5,35,female,3,20151105
user_0004235,17,37,male,7,20150825
user_0004236,12,19,female,4,20161028
user_0004237,7,0,male,9,20151002
user_0004238,21,29,female,9,20150623
user_0004239,18,-1,male,3,20160830
user_0004240,1,28,male,4,20160305
user_0004241,11,15,male,3,20151121
user_0004242,2,21,,4,20160515
user_0004243,16,44,female,3,20151019
user_0004244,1,35,male,3,20160701
user_0004245,19,27,female,4,20160213
user_0004246,17,30,female,3,20150717
user_0004247,1,31,male,4,20160109
user_0004248,8,35,female,9,20150225
user_0004249,4,34,male,3,20160629
user_0004250,15,28,male,13,20161206
user_0004251,10,-1,male,4,20160408
user_0004252,14,38,male,3,20160312
user_0004253,9,-1,female,13,20151122
user_0004254,20,30,,4,20160408
user_0004255,1,1000,female,4,20170126
user_0004256,9,32,male,3,20150512
user_0004257,15,17,female,9,20170102
user_0004258,19,35,male,3,20160721
user_0004259,1,55,female,3,20160514
user_0004260,1,36,female,3,20161116
user_0004261,6,-1,female,3,20160915
user_0004262,16,22,female,9,20160810
user_0004263,3,2015,female,4,20150510
user_0004264,3,15,female,7,20150316
user_0004265,1,22,male,9,20161215
user_0004266,1,23,male,4,20170101
user_0004267,1,37,female,3,20161029
user_0004268,13,1000,,4,20150621
user_0004269,1,25,female,4,20160202
user_0004270,1,0,male,3,20150110
user_0004271,12,37,female,3,20150704
user_0004272,21,29,female,3,20150915
user_0004273,7,34,female,7,20160223
user_0004274,4,37,male,3,20160319
user_0004275,18,43,male,13,20160718
user_0004276,1,32,,3,20161205
user_0004277,10,28,female,3,20160207
user_0004278,18,33,male,3,20150824
user_0004279,1,40,female,4,20160304
user_0004280,16,30,,3,20150704
user_0004281,1,46,female,7,20151029
user_0004282,9,39,female,9,20150111
user_0004283,6,27,male,3,20160426
user_0004284,1,34,female,9,20160425
user_0004285,1,0,male,3,20160831
user_0004286,1,34,female,4,20160920
user_0004287,8,2015,female,3,20160920
user_0004288,12,30,male,9,20161116
user_0004289,21,39,female,3,20150609
user_0004290,10,15,female,7,20150423
user_0004291,1,0,male,3,20161004
user_0004292,7,-1,female,7,20160802
user_0004293,18,0,,3,20160505
user_0004294,12,28,female,4,20161022
user_0004295,4,21,,7,20150914
user_0004296,1,26,male,3,20161024
user_0004297,1,28,female,4,20161017
user_0004298,3,46,male,9,20161218
user_0004299,16,24,female,3,20150614
user_0004300,1,1000,male,4,20161004
user_0004301,15,39,male,3,20150416
user_0004302,17,40,,3,20160504
user_0004303,10,39,female,4,20160730
user_0004304,1,16,female,4,20150824
user_0004305,1,1000,male,7,20170116
user_0004306,19,32,male,9,20150722
user_0004307,19,0,male,7,20150828
user_0004308,14,26,male,3,20160911
user_0004309,17,35,female,4,20160123
user_0004310,13,15,female,7,20151210
user_0004311,5,23,female,9,20150919
user_0004312,1,29,female,7,20160714
user_0004313,17,23,female,4,20160416
user_0004314,1,37,male,3,20160515
user_0004315,1,24,female,9,20161018
user_0004316,6,29,,3,20161209
user_0004317,20,36,male,4,20161031
user_0004318,3,30,female,9,20161118
user_0004319,7,15,male,3,20160527
user_0004320,18,29,,9,20150925
user_0004321,8,31,female,3,20160613
user_0004322,1,31,female,3,20150419
user_0004323,9,55,male,4,20150913
user_0004324,14,30,female,9,20150630
user_0004325,1,39,female,4,20151115
user_0004326,1,33,,9,20160901
user_0004327,21,30,male,4,20150204
user_0004328,1,50,,9,20160507
user_0004329,1,27,male,3,20150504
user_0004330,13,39,male,3,20161019
user_0004331,14,25,male,3,20150607
user_0004332,16,33,female,7,20170122
user_0004333,2,29,female,4,20160420
user_0004334,10,1000,female,7,20150811
user_0004335,1,31,,3,20160421
user_0004336,1,44,male,7,20151102
user_0004337,14,32,male,13,20150125
user_0004338,20,28,,3,20151105
user_0004339,18,32,female,3,20150712
user_0004340,10,43,male,9,20150921
user_0004341,6,39,male,9,20160620
user_0004342,1,21,female,9,20150208
user_0004343,1,-1,female,3,20161007
user_0004344,11,-1,female,4,20150225
user_0004345,1,2015,male,3,20160607
user_0004346,4,37,female,4,20151123
user_0004347,1,-1,male,4,20160212
user_0004348,4,1000,male,3,20160724
user_0004349,6,31,,4,20150123
user_0004350,1,-1,female,3,20160516
user_0004351,1,19,female,3,20151231
user_0004352,1,25,female,3,20170111
user_0004353,1,27,female,9,20170130
user_0004354,5,29,male,3,20151227
user_0004355,1,0,female,13,20150504
user_0004356,1,44,male,9,20160312
user_0004357,10,42,,13,20150629
user_0004358,17,49,female,9,20150201
user_0004359,18,0,male,3,20160909
user_0004360,1,43,female,3,20160622
user_0004361,20,27,female,3,20160823
user_0004362,15,35,female,3,20161116
user_0004363,1,33,male,3,20160910
user_0004364,6,22,male,9,20151209
user_0004365,1,29,male,9,20151127
user_0004366,1,31,male,7,20150203
user_0004367,1,22,female,3,20150119
user_0004368,20,35,female,9,20160906
user_0004369,7,34,female,9,20160820
user_0004370,13,25,female,3,20160621
user_0004371,1,21,male,3,20161129
user_0004372,11,41,male,3,20160512
user_0004373,2,2015,male,4,20160220
user_0004374,1,29,female,9,20160924
user_0004375,19,37,male,3,20151025
user_0004376,7,35,female,4,20170126
user_0004377,13,22,female,3,20150419
user_0004378,1,33,male,9,20150310
user_0004379,17,29,female,3,20150803
user_0004380,1,36,male,7,20160107
user_0004381,14,25,male,3,20160203
user_0004382,16,20,female,7,20151218
user_0004383,10,23,female,9,20160809
user_0004384,6,21,female,9,20170117
user_0004385,17,34,male,9,20150320
user_0004386,6,1000,female,3,20151024
user_0004387,6,38,female,3,20151228
user_0004388,10,31,female,3,20150218
user_0004389,17,43,,3,20150115
user_0004390,5,41,female,3,20150210
user_0004391,1,26,male,9,20160222
user_0004392,15,39,male,3,20160427
user_0004393,11,43,male,3,20160115
user_0004394,8,38,male,9,20161116
user_0004395,12,37,female,7,20160104
user_0004396,1,2015,female,13,20161008
user_0004397,12,33,,4,20150710
user_0004398,1,49,female,3,20151203
user_0004399,6,24,female,9,20150416
user_0004400,17,39,female,3,20160806
user_0004401,16,-1,male,7,20161101
user_0004402,18,20,female,3,20160328
user_0004403,21,38,male,3,20161219
user_0004404,9,49,female,4,20160524
user_0004405,1,43,female,7,20160222
user_0004406,1,53,male,4,20170130
user_0004407,10,43,,4,20161226
user_0004408,1,46,female,4,20160404
user_0004409,1,33,male,3,20151030
user_0004410,1,31,male,3,20160530
user_0004411,1,1000,female,3,20151017
user_0004412,17,33,female,4,20160519
user_0004413,2,31,male,3,20151006
user_0004414,19,31,female,3,20160731
user_0004415,1,2015,female,4,20150305
user_0004416,21,31,male,4,20160508
user_0004417,1,1000,male,3,20150915
user_0004418,10,20,female,13,20160617
user_0004419,8,30,female,13,20151118
user_0004420,1,50,male,3,20160214
user_0004421,21,43,male,4,20160620
user_0004422,8,32,female,3,20160812
user_0004423,10,33,female,3,20150821
user_0004424,12,41,male,3,20160920
user_0004425,17,15,female,3,20151023
user_0004426,8,47,female,3,20161218
user_0004427,7,1000,male,3,20160729
user_0004428,3,35,female,7,20150809
user_0004429,5,21,male,3,20160112
user_0004430,21,49,female,9,20161221
user_0004431,1,37,,9,20160410
user_0004432,7,43,female,3,20160304
user_0004433,1,15,male,7,20151116
user_0004434,16,29,male,13,20151024
user_0004435,19,43,female,3,20150527
user_0004436,1,19,male,4,20150404
user_0004437,1,46,,4,20151103
user_0004438,1,35,male,3,20161106
user_0004439,16,0,male,3,20160226
user_0004440,15,51,male,3,20150525
user_0004441,1,25,male,7,20161017
user_0004442,17,34,female,3,20150402
user_0004443,1,30,female,4,20151012
user_0004444,14,24,female,13,20160620
user_0004445,1,50,male,3,20150407
user_0004446,10,15,male,3,20150513
user_0004447,3,33,,13,20150121
user_0004448,7,0,,4,20150704
user_0004449,11,17,male,4,20170115
user_0004450,12,32,male,3,20150909
user_0004451,1,30,female,7,20160419
user_0004452,12,28,female,3,20170111
user_0004453,10,1000,male,4,20160921
user_0004454,1,53,female,4,20150725
user_0004455,2,33,male,3,20160909
user_0004456,13,36,female,9,20151212
user_0004457,1,15,,7,20160302
user_0004458,1,22,male,13,20160313
user_0004459,10,21,male,3,20150607
user_0004460,9,1000,,3,20151121
user_0004461,15,2015,male,3,20160104
user_0004462,9,-1,female,3,20151217
user_0004463,9,28,male,3,20150309
user_0004464,10,33,male,3,20151225
user_0004465,3,37,male,3,20160227
user_0004466,21,65,male,3,20160621
user_0004467,1,27,male,9,20161206
user_0004468,5,29,male,4,20161222
user_0004469,1,52,male,9,20151116
user_0004470,19,38,,3,20150607
user_0004471,17,26,,3,20160106
user_0004472,12,35,,13,20150521
user_0004473,2,27,male,3,20150725
user_0004474,6,39,male,3,20160709
user_0004475,16,20,female,4,20160921
user_0004476,8,0,,3,20161124
user_0004477,1,1000,female,3,20161110
user_0004478,5,43,male,7,20150326
user_0004479,19,45,female,7,20160307
user_0004480,16,47,,3,20151001
user_0004481,14,-1,male,4,20151126
user_0004482,1,24,,4,20150523
user_0004483,17,33,female,9,20150419
user_0004484,16,30,male,3,20160711
user_0004485,13,-1,male,3,20160413
user_0004486,1,44,female,4,20150217
user_0004487,4,1000,female,3,20150518
user_0004488,8,-1,,9,20160922
user_0004489,5,29,female,13,20150803
user_0004490,21,22,,3,20160313
user_0004491,18,28,female,7,20150915
user_0004492,7,33,male,3,20160604
user_0004493,17,33,,13,20150715
user_0004494,1,25,female,3,20150205
user_0004495,1,15,,3,20160609
user_0004496,11,25,male,3,20160222
user_0004497,1,19,female,4,20160410
user_0004498,19,2015,male,3,20151207
user_0004499,13,47,,13,20161016
user_0004500,1,29,female,7,20170105
user_0004501,3,25,male,4,20160810
user_0004502,17,33,female,7,20151123
user_0004503,11,45,,4,20160906
user_0004504,3,1000,,9,20160121
user_0004505,10,21,male,7,20150706
user_0004506,1,39,female,4,20160927
user_0004507,21,15,female,3,20160319
user_0004508,1,16,female,3,20160716
user_0004509,6,30,female,3,20161012
user_0004510,8,29,female,3,20160306
user_0004511,8,29,male,3,20160331
user_0004512,18,38,female,13,20150528
user_0004513,1,50,male,3,20150718
user_0004514,1,41,,4,20150607
user_0004515,1,38,male,3,20160704
user_0004516,1,42,male,4,20150201
user_0004517,1,37,male,7,20150929
user_0004518,1,48,male,3,20151014
user_0004519,1,32,female,13,20160424
user_0004520,17,40,female,3,20161026
user_0004521,1,0,male,3,20160926
user_0004522,1,35,male,7,20160919
user_0004523,1,39,female,3,20160209
user_0004524,20,31,female,9,20151026
user_0004525,16,34,,3,20151217
user_0004526,12,17,male,3,20150210
user_0004527,1,31,female,7,20151225
user_0004528,6,31,male,9,20150715
user_0004529,7,29,male,9,20160502
user_0004530,1,17,female,3,20161110
user_0004531,7,19,female,4,20161126
user_0004532,18,24,male,4,20160510
user_0004533,7,1000,female,7,20160112
user_0004534,1,21,male,3,20150210
user_0004535,10,24,male,9,20160501
user_0004536,19,39,male,7,20160506
user_0004537,1,0,,3,20160604
user_0004538,20,33,female,3,20150419
user_0004539,5,17,male,3,20160823
user_0004540,17,22,,13,20150313
user_0004541,16,27,,4,20150315
user_0004542,1,23,male,7,20150929
user_0004543,1,1000,female,13,20160229
user_0004544,13,39,female,4,20150216
user_0004545,17,0,female,13,20150330
user_0004546,11,41,male,3,20150607
user_0004547,5,33,male,3,20150122
user_0004548,2,28,,3,20150621
user_0004549,16,25,female,7,20150428
user_0004550,1,40,male,4,20150722
user_0004551,1,32,male,9,20170117
user_0004552,21,37,male,4,20150704
user_0004553,1,0,,7,20160402
user_0004554,1,-1,female,3,20160310
user_0004555,1,61,female,4,20160819
user_0004556,9,0,,7,20160618
user_0004557,17,37,female,3,20160318
user_0004558,2,27,female,4,20151024
user_0004559,2,16,,9,20160424
user_0004560,14,37,female,13,20151216
user_0004561,7,45,female,3,20150924
user_0004562,13,35,female,3,20160909
user_0004563,1,0,,9,20160520
user_0004564,1,1000,,4,20160704
user_0004565,1,-1,male,13,20150730
user_0004566,16,41,,7,20150209
user_0004567,1,32,male,3,20160221
user_0004568,15,39,female,9,20151111
user_0004569,1,-1,male,4,20160131
user_0004570,5,46,female,7,20150127
user_0004571,21,30,female,9,20160211
user_0004572,11,39,female,4,20160330
user_0004573,3,25,female,13,20150405
user_0004574,12,1000,female,4,20160911
user_0004575,2,18,,3,20160126
user_0004576,1,32,female,7,20160930
user_0004577,10,43,female,4,20150730
user_0004578,1,39,male,7,20160810
user_0004579,7,21,,4,20150116
user_0004580,16,40,male,7,20150802
user_0004581,6,35,female,9,20160731
user_0004582,13,34,,4,20160209
user_0004583,11,52,female,9,20150405
user_0004584,8,37,,9,20160221
user_0004585,1,2015,female,9,20161223
user_0004586,8,1000,male,3,20150316
user_0004587,1,36,male,3,20160122
user_0004588,1,27,,7,20151031
user_0004589,2,15,male,3,20151006
user_0004590,9,29,female,9,20150908
user_0004591,3,2015,female,4,20150125
user_0004592,14,15,female,7,20160422
user_0004593,8,23,male,3,20150111
user_0004594,15,1000,male,7,20150129
user_0004595,12,26,,9,20160602
user_0004596,1,24,male,9,20160709
user_0004597,1,-1,male,3,20160612
user_0004598,1,26,,4,20160929
user_0004599,13,30,male,4,20150928
user_0004600,1,38,male,3,20160919
user_0004601,2,36,male,4,20161012
user_0004602,8,35,male,13,20150527
user_0004603,15,39,female,9,20150812
user_0004604,1,40,male,3,20160823
user_0004605,1,-1,female,7,20160204
user_0004606,19,37,female,13,20151218
user_0004607,8,39,female,3,20150419
user_0004608,1,37,male,9,20160103
user_0004609,3,47,male,9,20150927
user_0004610,21,38,female,9,20160523
user_0004611,14,30,male,3,20160705
user_0004612,1,40,female,13,20160824
user_0004613,1,40,female,13,20151127
user_0004614,7,29,,3,20160211
user_0004615,1,18,male,7,20150726
user_0004616,16,29,male,3,20160118
user_0004617,1,-1,male,7,20160119
user_0004618,4,-1,male,7,20160712
user_0004619,8,28,female,7,20160930
user_0004620,13,1000,female,9,20161229
user_0004621,1,21,female,3,20160320
user_0004622,1,45,male,3,20150406
user_0004623,2,30,female,9,20150723
user_0004624,9,41,,3,20160724
user_0004625,11,0,male,3,20161109
user_0004626,7,29,female,3,20150205
user_0004627,21,30,,7,20150325
user_0004628,1,-1,male,4,20150723
user_0004629,12,39,male,9,20160726
user_0004630,18,26,female,7,20151129
user_0004631,1,29,male,9,20151206
user_0004632,1,32,female,9,20161011
user_0004633,8,26,male,9,20160206
user_0004634,1,0,male,3,20150516
user_0004635,12,40,male,3,20150716
user_0004636,1,-1,male,7,20170124
user_0004637,12,40,female,4,20150718
user_0004638,1,2015,female,7,20150928
user_0004639,21,42,male,9,20150428
user_0004640,1,0,female,3,20150812
user_0004641,14,37,female,3,20160219
user_0004642,14,30,female,7,20150719
user_0004643,6,26,female,7,20160703
user_0004644,14,0,male,3,20150718
user_0004645,1,28,male,3,20150107
user_0004646,12,32,female,3,20160401
user_0004647,19,21,male,3,20150804
user_0004648,1,18,male,3,20160102
user_0004649,11,26,female,3,20160107
user_0004650,1,26,,3,20150621
user_0004651,1,35,female,3,20170107
user_0004652,4,38,female,3,20160616
user_0004653,11,40,female,3,20160119
user_0004654,1,19,female,3,20151216
user_0004655,11,-1,female,4,20160222
user_0004656,3,1000,female,9,20160416
user_0004657,1,21,female,9,20160213
user_0004658,1,33,female,4,20170122
user_0004659,18,22,,3,20150508
user_0004660,11,29,female,3,20160718
user_0004661,1,56,male,7,20160206
user_0004662,5,35,female,4,20160604
user_0004663,4,18,,4,20150503
user_0004664,3,2015,male,7,20150108
user_0004665,1,34,female,7,20160828
user_0004666,1,1000,,9,20150314
user_0004667,8,25,male,3,20160817
user_0004668,13,35,male,3,20160120
user_0004669,1,1000,male,3,20160807
user_0004670,1,32,male,4,20160329
user_0004671,15,16,,7,20150618
user_0004672,11,0,female,3,20151123
user_0004673,15,28,female,3,20151126
user_0004674,1,36,female,4,20150109
user_0004675,7,28,female,3,20150310
user_0004676,1,44,male,3,20170118
user_0004677,15,50,male,4,20160317
user_0004678,20,0,female,13,20151125
user_0004679,3,28,,3,20150602
user_0004680,6,23,female,7,20161015
user_0004681,5,33,female,3,20160917
user_0004682,12,29,male,4,20161218
user_0004683,13,37,female,3,20160217
user_0004684,19,34,female,3,20160417
user_0004685,1,27,female,7,20150618
user_0004686,1,2015,male,4,20160611
user_0004687,5,31,male,3,20160313
user_0004688,6,24,male,13,20150403
user_0004689,1,15,,9,20151104
user_0004690,7,25,female,3,20150518
user_0004691,5,40,male,4,20160521
user_0004692,20,29,,4,20150328
user_0004693,15,41,male,3,20161107
user_0004694,11,21,,4,20160617
user_0004695,14,2015,male,3,20150117
user_0004696,1,17,female,9,20170110
user_0004697,7,0,female,3,20150722
user_0004698,7,2015,female,13,20150312
user_0004699,1,25,male,3,20161023
user_0004700,1,-1,male,3,20161024
user_0004701,1,45,male,3,20150405
user_0004702,1,0,,9,20160401
user_0004703,10,2015,female,9,20160307
user_0004704,2,1000,male,3,20151209
user_0004705,18,29,,4,20161228
user_0004706,1,30,male,4,20150103
user_0004707,13,39,,7,20150615
user_0004708,16,24,male,3,20160720
user_0004709,3,15,male,13,20161117
user_0004710,1,43,male,3,20150628
user_0004711,20,44,female,9,20150721
user_0004712,9,-1,male,3,20151029
user_0004713,11,32,male,7,20160312
user_0004714,8,37,female,4,20150219
user_0004715,1,43,female,4,20160523
user_0004716,10,34,male,4,20160426
user_0004717,13,30,female,7,20150302
user_0004718,1,36,male,3,20161016
user_0004719,19,38,female,3,20161011
user_0004720,15,34,,13,20150129
user_0004721,12,38,female,3,20160922
user_0004722,1,41,female,3,20150301
user_0004723,19,0,male,3,20150120
user_0004724,16,51,male,7,20150209
user_0004725,1,40,male,13,20160103
user_0004726,20,15,female,4,20160229
user_0004727,20,33,male,3,20161204
user_0004728,17,37,male,3,20160615
user_0004729,1,33,,3,20150926
user_0004730,2,30,female,3,20150618
user_0004731,2,28,male,3,20151202
user_0004732,1,1000,male,3,20161024
user_0004733,5,33,male,13,20150902
user_0004734,13,30,male,3,20150530
user_0004735,10,30,,4,20150223
user_0004736,17,0,male,3,20150325
user_0004737,2,30,male,3,20150316
user_0004738,14,32,male,9,20151031
user_0004739,3,36,female,3,20160523
user_0004740,12,2015,male,3,20160102
user_0004741,12,19,female,9,20150725
user_0004742,8,34,,3,20160806
user_0004743,15,-1,male,3,20161226
user_0004744,20,33,,13,20150207
user_0004745,1,20,,3,20161117
user_0004746,11,-1,female,9,20150401
user_0004747,20,0,male,3,20160707
user_0004748,20,23,,4,20160905
user_0004749,1,27,male,3,20160115
user_0004750,1,15,female,3,20160407
user_0004751,17,21,female,13,20160803
user_0004752,12,1000,,9,20161109
user_0004753,2,24,male,3,20150110
user_0004754,5,22,,7,20151229
user_0004755,5,46,,3,20161221
user_0004756,1,37,female,3,20160714
user_0004757,8,27,male,3,20170112
user_0004758,7,33,female,7,20160525
user_0004759,12,1000,female,7,20160327
user_0004760,21,24,female,7,20160429
user_0004761,1,15,male,7,20160308
user_0004762,1,43,female,4,20160126
user_0004763,16,30,male,3,20160721
user_0004764,4,27,female,3,20160410
user_0004765,7,49,female,4,20150102
user_0004766,7,37,male,13,20150707
user_0004767,1,27,female,4,20160614
user_0004768,1,35,female,7,20150618
user_0004769,3,30,male,9,20151014
user_0004770,1,19,,9,20170102
user_0004771,2,57,,7,20150104
user_0004772,1,21,female,4,20150424
user_0004773,10,27,male,3,20151128
user_0004774,1,0,female,7,20160412
user_0004775,2,50,female,4,20161204
user_0004776,17,47,female,7,20151227
user_0004777,19,33,male,3,20160324
user_0004778,1,35,male,13,20161119
user_0004779,19,56,male,3,20150720
user_0004780,11,49,male,9,20150912
user_0004781,20,27,male,9,20160118
user_0004782,1,33,,3,20150514
user_0004783,18,27,male,9,20160920
user_0004784,18,27,male,7,20161010
user_0004785,14,34,male,7,20150422
user_0004786,17,46,male,3,20150112
user_0004787,17,25,female,3,20161231
user_0004788,12,15,female,3,20160318
user_0004789,12,15,,4,20150429
user_0004790,1,15,male,7,20150926
user_0004791,1,27,female,7,20150411
user_0004792,1,32,female,7,20151015
user_0004793,8,15,female,3,20150121
user_0004794,1,15,,3,20151108
user_0004795,6,34,female,7,20161106
user_0004796,1,33,,13,20161202
user_0004797,1,23,female,3,20160415
user_0004798,18,29,female,4,20161030
user_0004799,8,28,male,3,20160509
user_0004800,1,0,,13,20151028
user_0004801,1,40,female,3,20151102
user_0004802,1,15,female,9,20150527
user_0004803,3,21,female,7,20150321
user_0004804,1,39,male,3,20150430
user_0004805,19,1000,,7,20151009
user_0004806,5,25,,3,20160921
user_0004807,1,29,female,7,20150507
user_0004808,21,28,male,4,20160607
user_0004809,1,24,female,9,20160312
user_0004810,17,2015,female,4,20160319
user_0004811,15,20,male,9,20160516
user_0004812,1,18,female,4,20160519
user_0004813,1,28,male,3,20160212
user_0004814,1,26,female,13,20151109
user_0004815,13,1000,male,3,20151016
user_0004816,1,24,male,9,20150621
user_0004817,17,15,,13,20150718
user_0004818,1,33,,9,20161205
user_0004819,16,22,female,7,20160602
user_0004820,18,2015,male,7,20160515
user_0004821,16,29,male,13,20150518
user_0004822,1,20,female,4,20170120
user_0004823,14,18,,9,20161208
user_0004824,1,37,female,7,20160217
user_0004825,1,18,,9,20160117
user_0004826,19,34,female,4,20151024
user_0004827,1,37,male,7,20160212
user_0004828,21,24,male,3,20151218
user_0004829,1,24,,3,20161010
user_0004830,5,28,female,3,20150723
user_0004831,8,-1,male,7,20150401
user_0004832,1,-1,,3,20161120
user_0004833,1,19,,9,20161129
user_0004834,21,1000,,3,20150729
user_0004835,7,2015,female,3,20161112
user_0004836,1,34,male,9,20160306
user_0004837,4,0,female,4,20151013
user_0004838,12,18,male,3,20160201
user_0004839,1,32,male,9,20150510
user_0004840,21,19,male,3,20150528
user_0004841,13,20,female,13,20160829
user_0004842,10,32,female,3,20150308
user_0004843,6,15,male,9,20150203
user_0004844,6,26,male,4,20160415
user_0004845,17,31,,13,20160726
user_0004846,3,32,male,3,20160822
user_0004847,1,38,female,13,20160706
user_0004848,1,34,male,3,20161022
user_0004849,1,29,female,4,20150413
user_0004850,3,33,male,7,20161120
user_0004851,3,1000,male,4,20150102
user_0004852,11,27,male,7,20160911
user_0004853,1,31,male,7,20150329
user_0004854,20,36,male,3,20150828
user_0004855,1,47,female,3,20160622
user_0004856,1,37,male,7,20160403
user_0004857,1,36,female,7,20151127
user_0004858,1,28,male,4,20151128
user_0004859,11,25,male,4,20170108
user_0004860,17,-1,female,13,20150823
user_0004861,2,28,male,3,20150412
user_0004862,3,39,,9,20160117
user_0004863,1,39,male,3,20170101
user_0004864,1,31,female,7,20151214
user_0004865,1,21,female,13,20170104
user_0004866,1,34,male,3,20161213
user_0004867,1,34,male,7,20150823
user_0004868,6,30,female,3,20161102
user_0004869,15,40,female,3,20150216
user_0004870,16,42,male,4,20170129
user_0004871,2,44,female,7,20160926
user_0004872,1,37,female,3,20150112
user_0004873,16,50,female,13,20160509
user_0004874,1,31,female,3,20150104
user_0004875,11,31,male,3,20160627
user_0004876,3,31,female,3,20160512
user_0004877,10,21,female,3,20150519
user_0004878,12,34,female,3,20160723
user_0004879,2,37,male,3,20150210
user_0004880,11,28,male,3,20150510
user_0004881,5,27,male,3,20150731
user_0004882,12,15,female,7,20160518
user_0004883,12,47,,3,20161024
user_0004884,1,25,female,7,20161205
user_0004885,14,1000,male,4,20150111
user_0004886,18,-1,,3,20160629
user_0004887,1,29,male,3,20160910
user_0004888,21,38,female,3,20150809
user_0004889,4,38,female,9,20150527
user_0004890,2,28,female,4,20150720
user_0004891,1,40,female,3,20150821
user_0004892,7,43,,3,20170127
user_0004893,1,33,male,9,20160307
user_0004894,1,-1,male,7,20160918
user_0004895,8,36,female,7,20161109
user_0004896,1,41,female,9,20150705
user_0004897,1,0,male,3,20160224
user_0004898,14,28,female,7,20160704
user_0004899,1,23,male,3,20160301
user_0004900,12,0,male,7,20161127
user_0004901,15,42,female,3,20160803
user_0004902,1,40,female,7,20150219
user_0004903,21,-1,female,3,20160618
user_0004904,19,33,female,3,20161016
user_0004905,11,22,female,7,20161007
user_0004906,12,0,,13,20150916
user_0004907,1,23,female,3,20150826
user_0004908,1,15,,3,20160112
user_0004909,13,20,female,3,20161226
user_0004910,1,21,female,7,20150621
user_0004911,1,23,,9,20170107
user_0004912,13,37,,3,20151013
user_0004913,1,29,male,3,20160703
user_0004914,5,24,male,3,20150208
user_0004915,1,37,female,13,20150211
user_0004916,19,31,female,3,20160414
user_0004917,6,17,male,3,20151021
user_0004918,1,38,male,7,20150121
user_0004919,1,29,male,13,20160826
user_0004920,9,31,male,7,20170125
user_0004921,14,2015,female,3,20150618
user_0004922,12,26,male,4,20150814
user_0004923,2,33,female,4,20160104
user_0004924,9,30,female,9,20150322
user_0004925,1,17,female,7,20150905
user_0004926,6,38,male,3,20150428
user_0004927,7,35,,4,20150504
user_0004928,6,17,male,7,20161007
user_0004929,21,31,,4,20160308
user_0004930,2,21,female,7,20160213
user_0004931,11,38,male,13,20151004
user_0004932,1,18,,13,20161022
user_0004933,7,41,male,9,20160916
user_0004934,5,21,male,4,20150221
user_0004935,1,36,female,3,20150309
user_0004936,15,40,,3,20150627
user_0004937,1,49,,3,20161113
user_0004938,4,34,male,7,20160704
user_0004939,1,33,male,7,20151015
user_0004940,7,36,female,9,20151125
user_0004941,11,1000,female,9,20160709
user_0004942,19,-1,female,3,20150723
user_0004943,11,-1,female,3,20150615
user_0004944,18,55,female,3,20160906
user_0004945,3,42,male,4,20150304
user_0004946,19,32,male,13,20161019
user_0004947,3,44,female,7,20150207
user_0004948,20,36,,4,20160114
user_0004949,2,35,male,3,20150721
user_0004950,12,35,,9,20151228
user_0004951,2,2015,male,9,20150615
user_0004952,3,33,male,7,20150615
user_0004953,10,33,female,3,20160426
user_0004954,16,43,female,4,20160530
user_0004955,1,44,male,4,20160414
user_0004956,1,18,male,9,20150122
user_0004957,4,27,female,3,20161117
user_0004958,11,27,female,4,20161229
user_0004959,12,34,,3,20160414
user_0004960,19,29,female,3,20150726
user_0004961,21,39,female,3,20160301
user_0004962,5,15,male,9,20160314
user_0004963,20,36,male,7,20150720
user_0004964,20,35,male,4,20151231
user_0004965,6,35,male,4,20150126
user_0004966,5,42,female,3,20150409
user_0004967,2,20,female,7,20160415
user_0004968,16,21,,4,20160225
user_0004969,10,29,female,3,20150508
user_0004970,4,37,male,7,20161220
user_0004971,1,38,,13,20170128
user_0004972,11,25,female,3,20170130
user_0004973,1,31,,13,20160602
user_0004974,18,30,female,3,20160301
user_0004975,21,18,male,3,20150126
user_0004976,7,43,male,13,20160723
user_0004977,13,40,female,13,20151129
user_0004978,2,40,female,3,20150802
user_0004979,18,1000,male,7,20150313
user_0004980,9,30,male,7,20150818
user_0004981,1,27,male,4,20150101
user_0004982,1,37,,9,20160103
user_0004983,15,16,female,7,20151028
user_0004984,13,2015,male,3,20150727
user_0004985,9,31,,4,20161206
user_0004986,13,42,female,7,20161012
user_0004987,6,27,male,7,20150410
user_0004988,19,34,female,4,20160815
user_0004989,17,27,,7,20170122
user_0004990,1,15,female,3,20161127
user_0004991,4,26,,3,20151207
user_0004992,1,37,male,3,20161119
user_0004993,20,40,,7,20150819
user_0004994,1,28,female,4,20160525
user_0004995,9,28,male,9,20161209
user_0004996,13,29,male,13,20150625
user_0004997,10,32,male,3,20150827
user_0004998,1,30,,3,20150214
user_0004999,9,27,female,4,20150426
user_0005000,1,34,male,4,20160412
user_0005001,1,53,female,9,20161127
user_0005002,1,0,male,4,20151120
user_0005003,1,41,,3,20161202
user_0005004,8,-1,female,7,20160305
user_0005005,2,35,female,3,20160816
user_0005006,17,24,male,4,20160731
user_0005007,3,0,male,3,20160806
user_0005008,4,38,male,4,20150812
user_0005009,16,42,female,4,20151219
user_0005010,10,31,,7,20150507
user_0005011,6,35,female,4,20161009
user_0005012,1,15,male,4,20151207
user_0005013,21,31,male,7,20151106
user_0005014,4,20,male,3,20160724
user_0005015,1,38,female,7,20160101
user_0005016,3,29,male,7,20160711
user_0005017,6,15,male,7,20150502
user_0005018,10,2015,female,4,20160611
user_0005019,1,0,,3,20160209
user_0005020,3,35,female,13,20160524
user_0005021,1,35,,9,20160627
user_0005022,1,16,female,13,20150817
user_0005023,1,-1,female,4,20150718
user_0005024,12,42,,9,20160816
user_0005025,1,33,female,9,20150414
user_0005026,2,1000,female,4,20160529
user_0005027,1,36,male,9,20150227
user_0005028,1,41,male,9,20160126
user_0005029,21,40,female,3,20151226
user_0005030,16,55,female,3,20150830
user_0005031,11,2015,male,4,20150324
user_0005032,3,0,,4,20160713
user_0005033,1,32,female,7,20151118
user_0005034,11,26,male,4,20150808
user_0005035,13,35,,9,20160409
user_0005036,6,26,female,9,20151206
user_0005037,1,50,female,3,20150215
user_0005038,20,0,female,3,20150127
user_0005039,15,30,female,9,20160824
user_0005040,1,37,male,7,20160205
user_0005041,1,19,male,3,20150314
user_0005042,11,36,male,7,20160310
user_0005043,1,38,male,3,20150401
user_0005044,21,30,male,4,20151001
user_0005045,17,15,male,13,20160512
user_0005046,3,33,female,3,20161216
user_0005047,14,-1,male,9,20161217
user_0005048,1,30,female,4,20170112
user_0005049,1,1000,male,13,20150329
user_0005050,1,30,female,9,20150926
user_0005051,19,2015,female,3,20160616
user_0005052,17,37,male,7,20150509
user_0005053,21,38,male,9,20151225
user_0005054,3,37,female,3,20150305
user_0005055,9,50,male,7,20150604
user_0005056,20,29,female,3,20150618
user_0005057,19,22,,3,20160308
user_0005058,13,35,female,3,20160308
user_0005059,9,35,female,3,20151123
user_0005060,11,0,,13,20150329
user_0005061,1,-1,male,3,20151018
user_0005062,8,53,male,4,20150807
user_0005063,20,1000,,4,20161021
user_0005064,20,39,male,7,20160509
user_0005065,5,23,male,13,20160301
user_0005066,8,20,male,7,20160717
user_0005067,12,28,,9,20160907
user_0005068,7,39,female,3,20160215
user_0005069,18,22,male,7,20150202
user_0005070,1,27,male,3,20151203
user_0005071,21,41,male,9,20161218
user_0005072,17,29,female,4,20151004
user_0005073,11,35,male,3,20150622
user_0005074,11,22,male,9,20160803
user_0005075,11,42,male,4,20160126
user_0005076,1,38,male,4,20150125
user_0005077,4,29,male,3,20150220
user_0005078,1,22,,9,20151230
user_0005079,3,-1,female,4,20150610
user_0005080,4,30,,9,20150715
user_0005081,6,32,female,3,20151231
user_0005082,18,0,male,7,20150916
user_0005083,13,35,male,3,20160724
user_0005084,1,29,,4,20161002
user_0005085,1,26,male,7,20160810
user_0005086,1,41,,9,20150912
user_0005087,1,46,male,13,20151225
user_0005088,1,24,male,3,20151024
user_0005089,6,41,female,9,20150708
user_0005090,21,2015,male,3,20150926
user_0005091,1,25,male,3,20160406
user_0005092,1,22,male,3,20160629
user_0005093,1,28,male,3,20151009
user_0005094,1,42,female,7,20151206
user_0005095,1,20,male,4,20150505
user_0005096,1,36,male,4,20150827
user_0005097,1,27,female,9,20160802
user_0005098,7,41,male,13,20161205
user_0005099,1,21,male,7,20160821
user_0005100,1,2015,male,7,20150121
user_0005101,1,35,male,9,20150510
user_0005102,14,34,,3,20150423
user_0005103,8,33,male,13,20150130
user_0005104,12,-1,male,3,20161127
user_0005105,15,19,male,3,20160718
user_0005106,7,41,male,9,20151203
user_0005107,20,45,male,3,20160904
user_0005108,4,22,female,3,20160715
user_0005109,2,29,female,4,20150224
user_0005110,1,28,male,3,20160612
user_0005111,13,2015,male,4,20151028
user_0005112,6,-1,male,3,20160917
user_0005113,4,54,male,3,20160612
user_0005114,13,28,male,7,20150627
user_0005115,1,23,male,4,20150911
user_0005116,9,49,female,3,20151104
user_0005117,20,32,,9,20160823
user_0005118,21,22,male,4,20170120
user_0005119,6,43,male,3,20150131
user_0005120,7,38,female,9,20151103
user_0005121,21,31,male,4,20160303
user_0005122,8,30,male,3,20160818
user_0005123,18,34,male,3,20150613
user_0005124,4,2015,male,3,20160209
user_0005125,10,-1,male,3,20160627
user_0005126,1,49,male,3,20160131
user_0005127,1,23,female,3,20150113
user_0005128,5,28,female,3,20150218
user_0005129,11,26,,7,20160620
user_0005130,14,33,female,3,20151218
user_0005131,3,25,female,3,20151214
user_0005132,18,0,,3,20151205
user_0005133,4,42,male,3,20160614
user_0005134,1,43,male,3,20160214
user_0005135,3,27,male,4,20150329
user_0005136,1,36,female,9,20150120
user_0005137,1,29,female,9,20160926
user_0005138,1,43,male,4,20150202
user_0005139,20,27,female,9,20160513
user_0005140,21,22,female,9,20150315
user_0005141,1,21,,7,20150128
user_0005142,1,32,male,9,20150128
user_0005143,19,36,,3,20161023
user_0005144,6,28,male,7,20150423
user_0005145,1,24,male,4,20150508
user_0005146,1,51,male,7,20160227
user_0005147,1,30,female,7,20151019
user_0005148,1,2015,,3,20150128
user_0005149,12,25,male,9,20150925
user_0005150,18,22,male,3,20151117
user_0005151,9,41,male,4,20160810
user_0005152,4,30,male,4,20150501
user_0005153,12,27,male,9,20160730
user_0005154,6,24,male,3,20151103
user_0005155,9,-1,female,7,20150306
user_0005156,16,28,male,3,20160406
user_0005157,1,43,,3,20161010
user_0005158,2,34,female,3,20160115
user_0005159,16,1000,female,7,20150502
user_0005160,1,30,male,3,20160623
user_0005161,2,15,female,9,20160629
user_0005162,4,35,male,3,20150104
user_0005163,1,40,male,3,20150405
user_0005164,17,26,,3,20150424
user_0005165,1,37,,3,20151108
user_0005166,14,-1,male,13,20160604
user_0005167,1,46,male,13,20150325
user_0005168,1,35,,9,20160822
user_0005169,16,57,female,3,20160523
user_0005170,1,41,female,9,20150510
user_0005171,5,26,male,3,20151101
user_0005172,20,2015,female,3,20150404
user_0005173,21,23,,7,20160304
user_0005174,16,43,female,3,20160903
user_0005175,1,21,female,3,20170129
user_0005176,1,32,,13,20160822
user_0005177,4,29,,3,20160919
user_0005178,1,25,,9,20150110
user_0005179,1,32,,4,20150602
user_0005180,9,30,male,3,20160310
user_0005181,1,2015,male,4,20151127
user_0005182,11,36,male,3,20170101
user_0005183,11,1000,female,3,20160308
user_0005184,1,40,female,3,20150829
user_0005185,1,27,male,4,20150914
user_0005186,2,30,male,3,20161031
user_0005187,4,19,female,3,20150216
user_0005188,10,29,,13,20150207
user_0005189,14,15,male,9,20150923
user_0005190,1,25,female,7,20150430
user_0005191,1,33,,3,20150731
user_0005192,17,34,male,7,20160517
user_0005193,9,36,female,7,20150601
user_0005194,1,-1,female,4,20160413
user_0005195,1,29,male,3,20150503
user_0005196,3,36,,3,20160424
user_0005197,20,40,male,4,20150323
user_0005198,1,34,male,3,20160807
user_0005199,1,48,male,9,20161003
user_0005200,19,27,male,4,20160904
user_0005201,15,43,,7,20151213
user_0005202,6,36,male,9,20160815
user_0005203,17,40,,7,20160708
user_0005204,20,48,female,3,20161006
user_0005205,10,33,female,3,20160814
user_0005206,4,29,male,13,20150629
user_0005207,8,0,female,3,20161011
user_0005208,15,27,male,3,20150617
user_0005209,7,15,male,7,20160322
user_0005210,16,19,male,9,20150112
user_0005211,9,2015,male,9,20161004
user_0005212,9,22,,7,20151109
user_0005213,21,38,,7,20150414
user_0005214,21,1000,male,3,20161017
user_0005215,1,32,,3,20150524
user_0005216,1,-1,male,7,20160611
user_0005217,14,29,male,3,20160507
user_0005218,21,42,female,9,20150722
user_0005219,1,38,female,3,20151014
user_0005220,6,39,male,3,20160104
user_0005221,17,2015,male,13,20150526
user_0005222,13,25,,3,20160401
user_0005223,12,27,male,4,20151010
user_0005224,12,22,male,3,20160105
user_0005225,6,21,female,13,20151029
user_0005226,17,32,female,3,20151118
user_0005227,14,37,female,7,20161107
user_0005228,18,37,female,9,20161214
user_0005229,13,48,female,3,20151125
user_0005230,6,26,male,3,20150226
user_0005231,15,31,female,3,20161110
user_0005232,21,21,female,3,20150127
user_0005233,5,2015,female,7,20150605
user_0005234,12,1000,female,4,20170126
user_0005235,9,35,male,9,20161024
user_0005236,21,41,male,7,20161130
user_0005237,9,24,female,4,20160919
user_0005238,4,16,female,3,20160811
user_0005239,12,53,female,3,20150516
user_0005240,1,22,male,13,20160610
user_0005241,6,1000,female,13,20160806
user_0005242,1,20,male,4,20161231
user_0005243,2,26,female,9,20160827
user_0005244,19,16,,7,20150707
user_0005245,21,32,,3,20160823
user_0005246,6,29,male,3,20160208
user_0005247,1,22,male,7,20161115
user_0005248,6,24,female,13,20160113
user_0005249,21,39,male,13,20151213
user_0005250,14,31,,3,20160216
user_0005251,6,-1,,3,20160110
user_0005252,13,45,male,3,20160220
user_0005253,1,38,female,3,20150712
user_0005254,5,45,male,13,20161129
user_0005255,13,23,male,3,20160115
user_0005256,1,23,male,9,20160515
user_0005257,9,32,male,3,20161204
user_0005258,7,33,male,13,20150313
user_0005259,1,15,female,4,20160423
user_0005260,7,23,female,9,20150729
user_0005261,1,28,male,4,20160905
user_0005262,1,28,female,7,20160818
user_0005263,1,50,male,3,20161022
user_0005264,13,44,female,3,20150618
user_0005265,14,25,,3,20160409
user_0005266,7,27,female,9,20160906
user_0005267,3,30,male,9,20160225
user_0005268,3,31,female,7,20150124
user_0005269,1,0,female,4,20150611
user_0005270,2,24,male,3,20160228
user_0005271,13,25,female,13,20160319
user_0005272,1,1000,female,7,20161206
user_0005273,11,45,,7,20160416
user_0005274,1,34,female,9,20160401
user_0005275,7,33,male,3,20150207
user_0005276,1,49,female,7,20160309
user_0005277,1,52,male,7,20150104
user_0005278,20,0,male,7,20161130
user_0005279,10,-1,female,3,20170112
user_0005280,1,1000,female,7,20160128
user_0005281,7,30,,9,20150209
user_0005282,1,18,male,7,20161109
user_0005283,18,18,male,3,20160907
user_0005284,1,48,,9,20160922
user_0005285,4,26,female,3,20160420
user_0005286,19,28,female,3,20160124
user_0005287,3,37,male,9,20160927
user_0005288,1,35,female,4,20170101
user_0005289,10,36,female,3,20160219
user_0005290,14,32,,9,20160422
user_0005291,7,41,male,7,20160227
user_0005292,3,32,female,3,20151201
user_0005293,21,40,female,3,20150618
user_0005294,7,26,female,9,20150314
user_0005295,7,44,female,9,20160327
user_0005296,1,2015,,3,20150923
user_0005297,14,26,male,4,20161110
user_0005298,10,-1,female,7,20151103
user_0005299,8,33,female,3,20150623
user_0005300,5,45,male,3,20150715
user_0005301,18,21,female,4,20161205
user_0005302,14,0,male,13,20160606
user_0005303,5,24,female,7,20150711
user_0005304,20,32,male,3,20160213
user_0005305,12,2015,female,9,20160503
user_0005306,11,15,male,7,20170101
user_0005307,10,18,male,3,20161127
user_0005308,1,36,male,3,20151212
user_0005309,8,23,female,3,20160918
user_0005310,17,30,male,4,20150921
user_0005311,16,33,male,3,20150825
user_0005312,15,58,female,3,20150623
user_0005313,12,28,female,9,20160303
user_0005314,11,27,female,7,20151102
user_0005315,15,25,,4,20160826
user_0005316,1,41,female,13,20160130
user_0005317,4,-1,female,7,20170116
user_0005318,4,28,female,13,20150527
user_0005319,14,30,female,9,20160716
user_0005320,4,29,female,7,20150115
user_0005321,16,33,female,7,20161203
user_0005322,6,39,male,7,20151004
user_0005323,1,41,female,7,20160129
user_0005324,21,22,male,9,20160813
user_0005325,21,32,female,3,20160415
user_0005326,20,31,female,3,20160712
user_0005327,1,26,male,3,20150712
user_0005328,16,16,female,13,20151221
user_0005329,21,20,male,9,20151027
user_0005330,1,51,male,4,20150618
user_0005331,5,37,male,4,20150926
user_0005332,9,1000,male,3,20150416
user_0005333,1,29,male,13,20170104
user_0005334,2,15,,7,20160108
user_0005335,9,31,male,13,20170103
user_0005336,13,0,female,7,20150311
user_0005337,5,29,,4,20161214
user_0005338,21,22,female,7,20151010
user_0005339,11,37,male,9,20151113
user_0005340,1,17,male,9,20150611
user_0005341,19,20,female,3,20161229
user_0005342,1,35,male,4,20160704
user_0005343,1,26,female,13,20160504
user_0005344,1,44,female,4,20150614
user_0005345,2,1000,female,9,20150604
user_0005346,2,29,female,4,20150324
user_0005347,1,48,female,9,20151231
user_0005348,1,1000,,3,20150313
user_0005349,6,44,female,3,20150323
user_0005350,1,30,female,3,20160909
user_0005351,21,23,male,4,20160209
user_0005352,18,22,male,3,20160503
user_0005353,5,28,male,13,20161224
user_0005354,1,40,male,13,20160526
user_0005355,3,41,male,3,20151113
user_0005356,1,26,female,9,20151203
user_0005357,21,42,female,4,20151015
user_0005358,1,29,male,9,20160819
user_0005359,13,43,male,3,20150227
user_0005360,11,26,,7,20160303
user_0005361,17,31,,3,20160107
user_0005362,9,0,female,4,20161021
user_0005363,11,54,female,3,20160601
user_0005364,11,2015,,3,20150524
user_0005365,11,34,,3,20161205
user_0005366,8,27,female,4,20160828
user_0005367,12,32,female,4,20150919
user_0005368,1,31,,4,20160916
user_0005369,11,38,male,7,20150710
user_0005370,5,26,male,9,20150107
user_0005371,3,-1,,13,20161213
user_0005372,4,1000,female,7,20160217
user_0005373,17,25,female,3,20150319
user_0005374,19,39,male,4,20161013
user_0005375,11,35,female,4,20151005
user_0005376,3,16,female,3,20160813
user_0005377,1,39,,3,20160107
user_0005378,15,29,,3,20160226
user_0005379,5,37,male,4,20161221
user_0005380,19,30,male,3,20150320
user_0005381,4,0,male,4,20160403
user_0005382,1,39,female,4,20160620
user_0005383,18,38,,3,20161027
user_0005384,3,27,female,3,20150316
user_0005385,21,18,male,13,20161117
user_0005386,4,0,male,4,20150425
user_0005387,2,34,male,3,20160726
user_0005388,14,31,female,4,20150818
user_0005389,3,24,,7,20160825
user_0005390,1,-1,male,3,20160327
user_0005391,10,50,male,4,20150605
user_0005392,8,15,male,3,20170117
user_0005393,18,-1,male,4,20160912
user_0005394,8,31,female,9,20151213
user_0005395,13,39,male,3,20160901
user_0005396,2,2015,male,3,20160321
user_0005397,11,40,,3,20150902
user_0005398,11,1000,female,7,20150423
user_0005399,1,46,male,3,20150606
user_0005400,1,32,,4,20170125
user_0005401,1,29,male,9,20150722
user_0005402,20,15,male,7,20151205
user_0005403,4,39,male,7,20161006
user_0005404,15,43,female,3,20160317
user_0005405,1,31,,4,20160616
user_0005406,17,40,male,3,20161109
user_0005407,9,29,female,4,20151231
user_0005408,1,34,female,3,20160722
user_0005409,1,24,male,3,20150308
user_0005410,13,50,female,13,20150625
user_0005411,1,47,female,9,20161111
user_0005412,1,18,male,3,20150923
user_0005413,6,34,female,9,20150110
user_0005414,4,32,male,3,20160404
user_0005415,1,33,,3,20150609
user_0005416,21,41,female,13,20160423
user_0005417,21,30,female,13,20161117
user_0005418,13,38,male,4,20170109
user_0005419,1,29,female,7,20160131
user_0005420,17,53,female,4,20160108
user_0005421,9,27,female,9,20150920
user_0005422,1,2015,female,3,20161010
user_0005423,1,36,male,3,20160123
user_0005424,4,22,female,3,20150711
user_0005425,10,26,female,7,20160423
user_0005426,1,29,female,4,20150831
user_0005427,1,0,male,9,20160606
user_0005428,2,33,male,3,20160417
user_0005429,1,33,male,9,20160220
user_0005430,20,-1,,13,20161120
user_0005431,1,40,male,7,20150205
user_0005432,4,31,male,3,20160607
user_0005433,1,39,female,3,20150502
user_0005434,6,0,male,3,20150128
user_0005435,17,36,,3,20150720
user_0005436,18,20,male,7,20151229
user_0005437,1,27,male,3,20151221
user_0005438,1,39,male,4,20161007
user_0005439,1,32,male,3,20160314
user_0005440,17,22,female,7,20161020
user_0005441,17,39,female,3,20160826
user_0005442,18,38,female,9,20150712
user_0005443,4,35,male,7,20150609
user_0005444,21,28,,3,20161124
user_0005445,1,39,,7,20150326
user_0005446,8,30,female,3,20150120
user_0005447,1,28,female,4,20160925
user_0005448,7,36,,4,20170116
user_0005449,18,2015,male,3,20160329
user_0005450,21,1000,female,4,20160922
user_0005451,2,30,,9,20151015
user_0005452,6,37,male,9,20150117
user_0005453,1,20,female,9,20150225
user_0005454,16,28,male,4,20161012
user_0005455,1,24,,9,20150527
user_0005456,7,1000,male,3,20150729
user_0005457,15,44,male,13,20160831
user_0005458,4,28,female,3,20161213
user_0005459,1,36,male,9,20160201
user_0005460,6,22,female,9,20170111
user_0005461,14,27,female,4,20150115
user_0005462,5,1000,female,9,20170105
user_0005463,21,48,,13,20160113
user_0005464,13,34,female,3,20151127
user_0005465,1,37,female,7,20151129
user_0005466,12,1000,male,3,20160520
user_0005467,15,38,female,7,20160802
user_0005468,20,39,male,3,20170104
user_0005469,16,2015,,7,20150313
user_0005470,16,34,male,3,20161229
user_0005471,1,27,female,4,20151029
user_0005472,1,22,male,9,20161008
user_0005473,6,2015,female,3,20161128
user_0005474,5,2015,male,13,20160719
user_0005475,1,39,male,4,20160706
user_0005476,9,44,female,3,20160629
user_0005477,9,18,female,13,20160510
user_0005478,1,1000,,3,20150529
user_0005479,8,27,female,4,20151103
user_0005480,12,26,female,13,20160106
user_0005481,1,37,female,13,20150710
user_0005482,14,40,,4,20150210
user_0005483,1,34,male,3,20150312
user_0005484,19,1000,male,4,20150924
user_0005485,17,33,,3,20150820
user_0005486,1,22,,3,20161213
user_0005487,10,21,female,3,20151004
user_0005488,12,32,female,3,20150303
user_0005489,1,-1,female,3,20151130
user_0005490,3,27,female,7,20150513
user_0005491,1,33,female,3,20161001
user_0005492,21,37,female,4,20150128
user_0005493,1,42,male,3,20151124
user_0005494,3,0,male,7,20150928
user_0005495,3,26,female,4,20160506
user_0005496,1,31,male,4,20161016
user_0005497,17,35,female,7,20150507
user_0005498,1,24,male,4,20161210
user_0005499,1,30,,9,20151007
user_0005500,1,-1,male,4,20151121
user_0005501,19,20,male,9,20161210
user_0005502,1,35,male,9,20160121
user_0005503,17,21,female,7,20150514
user_0005504,17,36,male,3,20160715
user_0005505,18,20,male,4,20150325
user_0005506,10,21,male,3,20160402
user_0005507,19,42,female,7,20150226
user_0005508,5,23,male,7,20160404
user_0005509,1,2015,female,9,20150103
user_0005510,1,0,female,3,20160326
user_0005511,5,21,female,3,20150423
user_0005512,9,33,female,7,20150203
user_0005513,1,40,male,7,20150308
user_0005514,16,26,male,3,20160607
user_0005515,7,29,male,3,20150509
user_0005516,12,32,female,3,20150720
user_0005517,12,41,male,3,20151108
user_0005518,7,26,male,3,20150418
user_0005519,1,23,female,3,20160618
user_0005520,2,30,,3,20150227
user_0005521,1,33,male,3,20160913
user_0005522,1,40,,3,20160728
user_0005523,1,25,female,3,20160311
user_0005524,14,31,male,3,20160830
user_0005525,17,21,,7,20150319
user_0005526,1,36,female,7,20151231
user_0005527,1,25,,7,20160917
user_0005528,19,38,,4,20160716
user_0005529,8,38,female,3,20160519
user_0005530,8,-1,male,3,20150312
user_0005531,1,17,male,3,20160923
user_0005532,9,34,,13,20150902
user_0005533,4,39,male,9,20160729
user_0005534,13,19,male,4,20150320
user_0005535,19,28,male,7,20150604
user_0005536,1,24,male,7,20160428
user_0005537,11,15,female,9,20170105
user_0005538,12,-1,,3,20160328
user_0005539,17,36,male,9,20160818
user_0005540,1,15,female,7,20150531
user_0005541,7,1000,,3,20150905
user_0005542,5,20,female,3,20160613
user_0005543,15,30,female,3,20160809
user_0005544,9,34,male,4,20161127
user_0005545,13,27,female,13,20151118
user_0005546,10,19,female,9,20160822
user_0005547,16,0,,3,20150321
user_0005548,14,41,male,3,20160308
user_0005549,8,21,,3,20160425
user_0005550,8,23,female,3,20150111
user_0005551,7,22,male,3,20170126
user_0005552,1,46,female,7,20160827
user_0005553,19,38,male,3,20160520
user_0005554,1,23,female,4,20161123
user_0005555,6,21,,3,20161129
user_0005556,1,31,male,13,20160916
user_0005557,1,29,male,4,20150531
user_0005558,16,37,male,3,20160912
user_0005559,4,25,female,7,20160119
user_0005560,8,35,male,3,20170111
user_0005561,16,30,female,4,20150818
user_0005562,1,18,male,3,20160623
user_0005563,1,32,,4,20161218
user_0005564,14,41,male,3,20161107
user_0005565,1,32,female,3,20150425
user_0005566,6,26,male,3,20150331
user_0005567,21,51,male,13,20150120
user_0005568,5,25,,3,20151006
user_0005569,18,20,female,3,20160211
user_0005570,1,32,male,4,20160622
user_0005571,21,26,male,3,20151113
user_0005572,13,34,female,3,20161129
user_0005573,11,25,female,4,20150612
user_0005574,11,-1,female,4,20160111
user_0005575,6,30,male,4,20161204
user_0005576,1,36,male,3,20151219
user_0005577,1,23,male,7,20150810
user_0005578,11,30,female,7,20150611
user_0005579,6,25,female,3,20150630
user_0005580,9,27,male,3,20150916
user_0005581,8,40,male,7,20160530
user_0005582,2,2015,male,4,20151230
user_0005583,5,18,female,9,20170109
user_0005584,1,24,male,3,20160212
user_0005585,8,41,female,4,20151115
user_0005586,5,24,female,3,20150715
user_0005587,1,-1,female,3,20160731
user_0005588,7,30,female,9,20150808
user_0005589,4,34,male,3,20150212
user_0005590,7,23,female,9,20160803
user_0005591,1,35,female,9,20161004
user_0005592,3,34,male,13,20160719
user_0005593,1,28,female,3,20160214
user_0005594,1,31,female,3,20150324
user_0005595,1,40,,3,20160508
user_0005596,1,36,,3,20150408
user_0005597,18,43,female,9,20151222
user_0005598,9,54,female,7,20160204
user_0005599,17,0,female,3,20150114
user_0005600,2,26,male,3,20151205
user_0005601,7,24,,7,20151022
user_0005602,1,-1,female,7,20151204
user_0005603,2,33,female,3,20150504
user_0005604,1,16,male,4,20160130
user_0005605,13,41,female,3,20150518
user_0005606,14,32,male,3,20160419
user_0005607,18,24,male,3,20160925
user_0005608,1,32,female,13,20151031
user_0005609,9,15,male,4,20150922
user_0005610,12,-1,female,7,20160120
user_0005611,1,32,female,3,20160919
user_0005612,18,37,female,3,20160615
user_0005613,3,33,,7,20160805
user_0005614,21,24,female,7,20150916
user_0005615,1,24,male,9,20160613
user_0005616,11,34,female,3,20160521
user_0005617,11,44,female,3,20151230
user_0005618,1,29,male,4,20160711
user_0005619,2,22,,3,20150221
user_0005620,13,21,,9,20150123
user_0005621,8,31,male,3,20160914
user_0005622,18,15,male,3,20161127
user_0005623,17,22,male,4,20150122
user_0005624,1,25,female,4,20161118
user_0005625,15,38,female,3,20151019
user_0005626,16,31,female,3,20150617
user_0005627,17,38,male,7,20161105
user_0005628,11,40,male,3,20161229
user_0005629,1,21,female,9,20160728
user_0005630,1,35,,3,20160819
user_0005631,18,-1,female,3,20160318
user_0005632,15,52,female,4,20150911
user_0005633,4,40,male,9,20160424
user_0005634,17,30,female,4,20150922
user_0005635,1,33,male,4,20161211
user_0005636,19,40,male,4,20151202
user_0005637,9,25,female,3,20160810
user_0005638,9,25,male,3,20170101
user_0005639,20,-1,male,9,20160217
user_0005640,18,34,male,13,20160220
user_0005641,1,37,,3,20151010
user_0005642,15,30,male,13,20150419
user_0005643,1,40,male,3,20150327
user_0005644,9,20,male,7,20160718
user_0005645,5,1000,male,3,20160924
user_0005646,6,-1,male,4,20160808
user_0005647,10,-1,male,4,20160827
user_0005648,16,16,male,4,20161229
user_0005649,4,27,female,13,20160507
user_0005650,19,1000,female,3,20160905
user_0005651,1,31,,3,20161111
user_0005652,1,15,female,3,20160212
user_0005653,16,32,male,7,20150123
user_0005654,11,30,female,3,20150413
user_0005655,19,0,female,3,20150320
user_0005656,10,31,female,3,20151015
user_0005657,1,22,male,13,20160401
user_0005658,6,44,female,4,20151121
user_0005659,1,17,male,3,20170129
user_0005660,20,38,female,7,20151012
user_0005661,19,43,male,3,20161211
user_0005662,1,20,female,4,20160916
user_0005663,5,35,female,13,20160503
user_0005664,1,15,female,7,20150126
user_0005665,6,43,male,4,20150324
user_0005666,3,1000,male,13,20161006
user_0005667,17,44,male,4,20160223
user_0005668,1,28,female,4,20150112
user_0005669,1,40,female,9,20160414
user_0005670,21,43,,13,20150201
user_0005671,1,2015,female,7,20160816
user_0005672,12,0,,3,20151214
user_0005673,7,41,male,4,20170118
user_0005674,13,0,male,3,20160512
user_0005675,8,46,male,3,20160813
user_0005676,16,29,female,7,20150118
user_0005677,1,26,male,4,20160127
user_0005678,20,38,female,9,20160114
user_0005679,1,40,male,7,20160726
user_0005680,19,-1,,4,20151210
user_0005681,1,25,female,9,20150927
user_0005682,8,18,male,4,20150512
user_0005683,3,39,male,7,20151221
user_0005684,1,40,,4,20150903
user_0005685,14,25,female,3,20160210
user_0005686,12,2015,female,7,20150713
user_0005687,12,28,male,3,20151008
user_0005688,6,35,male,13,20150608
user_0005689,8,32,female,13,20170116
user_0005690,7,27,female,9,20160529
user_0005691,1,30,,4,20150807
user_0005692,8,-1,male,4,20160705
user_0005693,17,32,male,4,20160506
user_0005694,16,28,male,4,20160416
user_0005695,1,34,female,3,20150626
user_0005696,15,23,male,9,20150905
user_0005697,5,25,female,9,20170129
user_0005698,12,25,female,4,20160727
user_0005699,5,26,female,9,20150922
user_0005700,1,54,,3,20151001
user_0005701,21,31,female,9,20160405
user_0005702,20,27,female,13,20160625
user_0005703,13,15,female,7,20161210
user_0005704,1,38,male,13,20151111
user_0005705,1,21,female,7,20160604
user_0005706,11,37,female,7,20150922
user_0005707,12,38,,4,20160318
user_0005708,1,24,female,3,20150521
user_0005709,4,35,male,3,20150301
user_0005710,13,47,male,9,20160310
user_0005711,20,21,female,3,20151118
user_0005712,17,17,female,7,20150919
user_0005713,16,30,female,3,20151205
user_0005714,1,26,,7,20150125
user_0005715,19,33,male,13,20160612
user_0005716,6,27,female,7,20151010
user_0005717,5,1000,female,3,20160104
user_0005718,8,37,,7,20160918
user_0005719,10,16,male,4,20150726
user_0005720,17,33,female,9,20160723
user_0005721,1,1000,,3,20160208
user_0005722,1,27,,3,20160323
user_0005723,5,25,male,9,20151015
user_0005724,17,17,male,9,20160629
user_0005725,1,36,male,9,20160914
user_0005726,11,30,female,4,20151110
user_0005727,4,2015,,7,20151222
user_0005728,20,28,female,13,20150222
user_0005729,15,20,female,7,20151213
user_0005730,1,24,,3,20150125
user_0005731,21,29,female,3,20160625
user_0005732,19,22,,3,20150318
user_0005733,1,19,female,3,20160213
user_0005734,14,55,female,3,20160125
user_0005735,7,36,male,4,20151127
user_0005736,6,32,female,7,20151109
user_0005737,4,20,male,9,20150304
user_0005738,5,-1,male,4,20151210
user_0005739,9,31,male,3,20151217
user_0005740,21,21,male,9,20150308
user_0005741,19,23,male,9,20161020
user_0005742,2,44,female,13,20161005
user_0005743,4,15,male,3,20170108
user_0005744,17,45,female,4,20150618
user_0005745,1,47,female,7,20161011
user_0005746,4,2015,female,4,20160423
user_0005747,12,31,male,3,20150323
user_0005748,1,37,female,13,20160229
user_0005749,16,37,male,4,20161103
user_0005750,1,28,female,3,20161122
user_0005751,7,21,female,3,20160113
user_0005752,1,34,male,7,20150614
user_0005753,8,31,female,3,20160612
user_0005754,1,15,female,7,20150422
user_0005755,4,27,male,3,20160420
user_0005756,9,37,male,4,20151218
user_0005757,19,37,male,3,20160113
user_0005758,1,30,female,3,20160904
user_0005759,19,33,female,9,20150611
user_0005760,21,30,male,3,20150625
user_0005761,17,34,,7,20151001
user_0005762,1,37,male,9,20151212
user_0005763,10,0,,3,20150926
user_0005764,9,40,male,3,20151021
user_0005765,13,2015,female,4,20160808
user_0005766,10,29,,3,20150805
user_0005767,1,41,male,9,20150425
user_0005768,1,27,female,3,20150525
user_0005769,1,0,female,7,20150221
user_0005770,5,39,,3,20150723
user_0005771,16,19,female,3,20161009
user_0005772,13,32,male,3,20160201
user_0005773,1,28,female,9,20160518
user_0005774,1,34,female,4,20160526
user_0005775,12,22,female,7,20160304
user_0005776,7,38,male,3,20170106
user_0005777,10,37,female,3,20150423
user_0005778,11,27,male,9,20150504
user_0005779,12,35,male,7,20150407
user_0005780,1,32,female,7,20160804
user_0005781,13,43,female,4,20160522
user_0005782,1,39,male,3,20160119
user_0005783,3,40,female,9,20150427
user_0005784,1,26,female,3,20150918
user_0005785,1,20,male,3,20161012
user_0005786,1,-1,female,7,20150410
user_0005787,1,30,female,3,20150509
user_0005788,20,21,male,7,20150618
user_0005789,3,38,male,7,20160419
user_0005790,20,34,,4,20160124
user_0005791,1,31,,4,20150630
user_0005792,3,33,male,4,20160711
user_0005793,20,38,female,3,20150827
user_0005794,1,39,male,3,20161125
user_0005795,4,24,male,3,20150905
user_0005796,7,24,female,3,20150626
user_0005797,1,30,,3,20150119
user_0005798,12,15,female,3,20151001
user_0005799,6,1000,male,7,20151115
user_0005800,7,20,,4,20160824
user_0005801,16,28,male,3,20161020
user_0005802,1,32,male,7,20160904
user_0005803,20,2015,,9,20160115
user_0005804,2,31,female,7,20150711
user_0005805,16,1000,female,7,20150526
user_0005806,12,31,male,3,20160318
user_0005807,14,57,female,9,20160130
user_0005808,11,43,female,4,20161006
user_0005809,15,23,female,3,20161212
user_0005810,14,33,male,7,20150314
user_0005811,1,30,male,7,20151221
user_0005812,17,30,female,4,20160508
user_0005813,1,29,female,4,20160103
user_0005814,1,52,male,7,20150106
user_0005815,1,27,male,7,20160809
user_0005816,5,29,,4,20150313
user_0005817,19,37,,3,20150221
user_0005818,1,41,male,3,20150808
user_0005819,21,28,male,13,20150827
user_0005820,1,45,female,4,20170109
user_0005821,6,36,female,7,20151028
user_0005822,2,25,male,3,20150426
user_0005823,12,18,female,4,20150823
user_0005824,9,34,,7,20150130
user_0005825,1,39,male,7,20160221
user_0005826,7,19,male,13,20160311
user_0005827,5,35,female,4,20160816
user_0005828,1,34,male,3,20160317
user_0005829,1,30,female,3,20151108
user_0005830,1,36,female,3,20151030
user_0005831,1,26,female,4,20160820
user_0005832,1,15,male,13,20160222
user_0005833,1,49,female,4,20151203
user_0005834,1,35,female,7,20150712
user_0005835,1,1000,female,7,20161111
user_0005836,12,30,female,3,20150605
user_0005837,13,27,male,3,20150906
user_0005838,21,38,female,4,20161222
user_0005839,18,27,female,3,20151204
user_0005840,13,33,,3,20150810
user_0005841,20,0,female,7,20160605
user_0005842,17,26,male,7,20150129
user_0005843,18,26,,3,20150107
user_0005844,1,36,male,3,20150817
user_0005845,16,23,female,9,20161105
user_0005846,3,2015,,4,20161223
user_0005847,1,15,male,3,20151204
user_0005848,18,51,male,7,20160218
user_0005849,12,32,male,7,20151010
user_0005850,13,35,male,13,20150613
user_0005851,19,0,male,3,20150330
user_0005852,4,42,male,7,20160309
user_0005853,15,50,male,4,20150316
user_0005854,1,27,female,3,20150713
user_0005855,1,-1,female,4,20151226
user_0005856,1,35,,3,20150210
user_0005857,1,16,male,3,20160914
user_0005858,1,23,female,3,20160702
user_0005859,18,-1,male,7,20160405
user_0005860,9,30,female,7,20151112
user_0005861,7,0,male,3,20161124
user_0005862,1,30,female,3,20150823
user_0005863,16,-1,,7,20170118
user_0005864,13,29,male,4,20150810
user_0005865,4,44,female,3,20160127
user_0005866,1,18,male,13,20160414
user_0005867,21,26,female,4,20150528
user_0005868,18,37,male,4,20160724
user_0005869,1,21,female,7,20161218
user_0005870,4,2015,female,3,20150624
user_0005871,7,1000,male,4,20150618
user_0005872,10,39,female,9,20160110
user_0005873,12,41,male,7,20160303
user_0005874,13,47,male,9,20160401
user_0005875,2,49,female,3,20150604
user_0005876,5,2015,female,4,20161002
user_0005877,1,22,male,3,20161102
user_0005878,7,49,male,3,20151002
user_0005879,16,35,male,3,20160806
user_0005880,1,41,male,3,20150101
user_0005881,5,24,male,3,20160204
user_0005882,1,0,female,4,20151111
user_0005883,1,39,male,4,20161023
user_0005884,11,35,female,7,20160927
user_0005885,1,35,female,7,20160604
user_0005886,10,47,,4,20160524
user_0005887,1,2015,female,7,20160424
user_0005888,1,39,female,4,20160703
user_0005889,15,25,male,3,20160528
user_0005890,7,17,female,4,20150114
user_0005891,8,26,male,7,20161109
user_0005892,17,48,female,13,20150723
user_0005893,14,23,,9,20151031
user_0005894,1,-1,male,3,20160108
user_0005895,7,52,male,7,20160616
user_0005896,2,22,male,3,20151021
user_0005897,7,35,male,7,20150928
user_0005898,1,0,male,9,20160328
user_0005899,3,32,male,7,20160522
user_0005900,1,28,female,3,20160518
user_0005901,18,24,female,4,20160209
user_0005902,4,37,male,3,20161026
user_0005903,12,22,,7,20160724
user_0005904,6,29,female,7,20160907
user_0005905,14,21,,7,20160223
user_0005906,1,37,male,3,20151229
user_0005907,16,22,,4,20160112
user_0005908,1,30,male,3,20150715
user_0005909,7,0,male,13,20150311
user_0005910,7,47,female,13,20160208
user_0005911,1,35,female,3,20150208
user_0005912,6,20,female,4,20160225
user_0005913,1,2015,female,7,20161015
user_0005914,12,35,female,3,20151115
user_0005915,12,40,female,3,20151210
user_0005916,1,30,female,3,20150618
user_0005917,2,59,female,7,20170112
user_0005918,1,28,female,3,20150223
user_0005919,1,42,male,4,20151207
user_0005920,13,35,female,9,20160326
user_0005921,1,34,female,3,20150313
user_0005922,7,46,female,7,20160210
user_0005923,20,15,female,4,20160720
user_0005924,9,42,,4,20151216
user_0005925,12,1000,male,4,20150901
user_0005926,6,20,male,3,20160903
user_0005927,16,58,female,9,20160419
user_0005928,13,31,,7,20151004
user_0005929,1,26,female,4,20150130
user_0005930,5,22,female,3,20170117
user_0005931,10,43,female,4,20161111
user_0005932,1,29,male,13,20160131
user_0005933,3,34,female,9,20150521
user_0005934,18,38,male,3,20161010
user_0005935,18,27,,3,20151009
user_0005936,1,1000,male,4,20150326
user_0005937,19,40,female,4,20151114
user_0005938,12,0,male,3,20150403
user_0005939,16,25,,3,20160209
user_0005940,5,23,male,4,20150709
user_0005941,20,-1,male,7,20161212
user_0005942,7,48,female,7,20160522
user_0005943,1,0,female,7,20161023
user_0005944,4,29,,7,20170114
user_0005945,2,30,female,3,20151015
user_0005946,7,51,,3,20161205
user_0005947,20,24,female,3,20151012
user_0005948,1,27,male,3,20150210
user_0005949,6,25,male,4,20160716
user_0005950,20,22,male,4,20160814
user_0005951,20,-1,female,3,20150910
user_0005952,1,39,,3,20161020
user_0005953,16,43,,9,20150625
user_0005954,1,37,male,13,20160423
user_0005955,1,40,female,7,20161216
user_0005956,1,27,male,3,20150717
user_0005957,1,-1,female,4,20160724
user_0005958,13,40,female,9,20151126
user_0005959,14,55,female,4,20151108
user_0005960,12,43,female,7,20161108
user_0005961,9,27,male,7,20150604
user_0005962,8,40,,13,20150515
user_0005963,1,15,male,7,20160116
user_0005964,1,37,female,3,20150609
user_0005965,1,0,,4,20151118
user_0005966,21,26,female,13,20161120
user_0005967,3,26,,3,20150816
user_0005968,13,46,,3,20150825
user_0005969,18,22,male,3,20160316
user_0005970,6,26,,3,20160502
user_0005971,7,1000,female,3,20150510
user_0005972,1,35,male,7,20151112
user_0005973,15,31,,4,20150720
user_0005974,7,38,female,7,20150416
user_0005975,1,35,female,4,20160227
user_0005976,1,38,female,3,20151001
user_0005977,6,15,female,9,20151107
user_0005978,11,25,male,3,20150810
user_0005979,6,1000,male,3,20151111
user_0005980,17,38,female,4,20160619
user_0005981,15,45,female,7,20160522
user_0005982,16,28,female,7,20170126
user_0005983,1,22,male,4,20150226
user_0005984,20,18,female,7,20150213
user_0005985,21,18,female,3,20160728
user_0005986,13,27,male,4,20160917
user_0005987,18,38,,9,20161229
user_0005988,7,21,female,4,20161222
user_0005989,13,25,male,7,20161122
user_0005990,6,1000,female,4,20161009
user_0005991,1,28,male,4,20161103
user_0005992,9,25,female,7,20160330
user_0005993,15,29,male,3,20150205
user_0005994,3,21,male,3,20161103
user_0005995,1,27,male,3,20150824
user_0005996,18,40,,4,20160322
user_0005997,21,0,female,7,20150317
user_0005998,19,35,female,7,20160602
user_0005999,16,37,female,3,20150322
user_0006000,1,45,male,3,20151116
user_0006001,1,39,female,3,20150514
user_0006002,2,39,,7,20161115
user_0006003,1,24,male,4,20150212
user_0006004,1,32,male,3,20161221
user_0006005,18,16,,3,20161208
user_0006006,1,1000,male,13,20160715
user_0006007,1,1000,female,4,20160328
user_0006008,2,42,male,13,20160506
user_0006009,1,30,female,3,20150902
user_0006010,3,32,male,3,20151206
user_0006011,21,29,female,7,20150707
user_0006012,1,36,male,9,20150412
user_0006013,1,40,,3,20150104
user_0006014,19,28,male,9,20160606
user_0006015,1,44,male,4,20150124
user_0006016,18,54,,9,20150512
user_0006017,4,27,male,13,20160506
user_0006018,15,23,male,4,20160316
user_0006019,1,37,male,13,20151231
user_0006020,13,39,,3,20160404
user_0006021,1,32,female,4,20150830
user_0006022,14,-1,female,4,20150718
user_0006023,1,23,female,3,20151222
user_0006024,4,31,female,4,20160222
user_0006025,6,1000,male,7,20151011
user_0006026,3,45,,3,20150612
user_0006027,21,35,female,4,20160620
user_0006028,15,35,male,4,20151201
user_0006029,1,31,male,3,20160225
user_0006030,12,41,,7,20150828
user_0006031,1,26,,3,20151116
user_0006032,17,25,male,4,20150720
user_0006033,4,40,male,4,20150104
user_0006034,4,15,male,7,20161104
user_0006035,1,39,female,13,20160221
user_0006036,2,39,,13,20151116
user_0006037,1,22,,4,20161023
user_0006038,13,23,female,3,20160201
user_0006039,16,28,male,3,20150710
user_0006040,5,2015,,9,20150419
user_0006041,16,44,,7,20150916
user_0006042,18,27,,9,20161213
user_0006043,1,-1,female,9,20160729
user_0006044,14,35,male,4,20150416
user_0006045,1,32,female,9,20150503
user_0006046,1,25,male,7,20151201
user_0006047,1,43,female,7,20160320
user_0006048,3,37,male,9,20160722
user_0006049,1,27,male,7,20160415
user_0006050,1,29,male,7,20161221
user_0006051,12,38,,13,20160824
user_0006052,19,21,female,4,20150226
user_0006053,2,41,female,7,20161110
user_0006054,20,31,male,3,20151218
user_0006055,14,28,male,4,20161002
user_0006056,17,42,female,9,20150720
user_0006057,1,27,female,13,20150522
user_0006058,21,26,female,13,20160414
user_0006059,1,47,male,7,20160812
user_0006060,14,45,male,9,20160415
user_0006061,8,1000,male,9,20160331
user_0006062,4,36,female,7,20160102
user_0006063,19,43,male,3,20151109
user_0006064,1,19,female,3,20150922
user_0006065,17,-1,male,7,20150205
user_0006066,13,33,male,7,20160117
user_0006067,17,36,male,7,20160325
user_0006068,21,18,male,4,20150227
user_0006069,9,29,,7,20151122
user_0006070,16,26,male,7,20161022
user_0006071,13,43,female,4,20160616
user_0006072,7,28,male,7,20150805
user_0006073,13,35,female,3,20160324
user_0006074,9,34,male,4,20150526
user_0006075,7,34,female,7,20150417
user_0006076,2,26,male,4,20160816
user_0006077,15,41,,3,20160620
user_0006078,20,21,male,3,20160629
user_0006079,10,1000,male,7,20150415
user_0006080,1,35,male,3,20150328
user_0006081,10,39,,9,20150412
user_0006082,1,19,male,3,20151124
user_0006083,21,32,male,7,20160524
user_0006084,19,30,male,3,20150317
user_0006085,3,41,male,9,20161124
user_0006086,1,44,male,3,20161214
user_0006087,11,34,female,3,20160629
user_0006088,1,40,female,7,20150311
user_0006089,14,46,female,7,20161218
user_0006090,2,18,male,3,20160728
user_0006091,10,25,,4,20150422
user_0006092,8,2015,female,7,20161101
user_0006093,2,37,male,3,20150311
user_0006094,1,36,male,4,20160618
user_0006095,10,36,,4,20151230
user_0006096,6,0,female,3,20160501
user_0006097,16,2015,male,3,20150719
user_0006098,15,25,male,9,20160301
user_0006099,7,2015,female,3,20150730
user_0006100,18,34,male,13,20150531
user_0006101,1,29,female,9,20150523
user_0006102,14,39,female,4,20150915
user_0006103,11,51,female,9,20150813
user_0006104,1,33,female,3,20161123
user_0006105,1,27,,4,20160716
user_0006106,1,35,,3,20150519
user_0006107,1,24,male,3,20151105
user_0006108,1,24,male,9,20151017
user_0006109,1,34,female,3,20160115
user_0006110,10,1000,female,9,20150725
user_0006111,3,35,,3,20150428
user_0006112,2,2015,female,7,20160115
user_0006113,20,42,,3,20160427
user_0006114,5,36,,4,20150315
user_0006115,15,26,male,13,20160611
user_0006116,15,0,female,9,20160320
user_0006117,7,23,,3,20150922
user_0006118,14,41,male,3,20150710
user_0006119,2,47,male,4,20160221
user_0006120,13,36,female,7,20151011
user_0006121,1,29,male,3,20150712
user_0006122,13,15,male,9,20150729
user_0006123,2,1000,female,9,20150304
user_0006124,10,36,male,13,20150513
user_0006125,20,33,female,3,20150505
user_0006126,1,27,male,3,20160601
user_0006127,1,44,female,9,20150105
user_0006128,1,2015,,4,20160913
user_0006129,1,34,male,3,20161117
user_0006130,9,45,female,3,20170108
user_0006131,2,25,female,3,20161229
user_0006132,7,43,female,7,20150126
user_0006133,20,31,male,7,20150503
user_0006134,1,42,male,3,20150102
user_0006135,1,29,,9,20160915
user_0006136,12,30,male,4,20150725
user_0006137,5,40,female,4,20160315
user_0006138,20,39,male,4,20161018
user_0006139,1,29,female,4,20160806
user_0006140,12,-1,male,3,20160916
user_0006141,4,20,male,9,20160403
user_0006142,21,23,male,4,20150320
user_0006143,1,42,female,3,20160125
user_0006144,1,40,female,4,20161027
user_0006145,1,37,female,13,20151007
user_0006146,13,27,female,7,20160314
user_0006147,16,27,female,3,20151017
user_0006148,9,45,,4,20150219
user_0006149,1,2015,female,4,20161031
user_0006150,1,40,,3,20150722
user_0006151,1,15,female,13,20150811
user_0006152,20,37,male,9,20160507
user_0006153,13,25,male,3,20150501
user_0006154,1,40,male,4,20160729
user_0006155,20,26,female,3,20170124
user_0006156,9,1000,female,3,20161020
user_0006157,1,35,female,3,20150806
user_0006158,14,23,female,3,20150222
user_0006159,1,37,male,7,20150320
user_0006160,1,33,female,3,20161122
user_0006161,13,30,female,7,20150726
user_0006162,19,1000,male,9,20160316
user_0006163,13,39,female,4,20160905
user_0006164,1,36,male,3,20160721
user_0006165,16,37,,3,20160821
user_0006166,2,29,male,7,20170110
user_0006167,18,-1,,7,20161107
user_0006168,1,33,male,9,20150423
user_0006169,5,1000,male,3,20161115
user_0006170,19,40,female,3,20160225
user_0006171,7,33,male,9,20170129
user_0006172,1,34,male,7,20161118
user_0006173,1,30,female,3,20150907
user_0006174,4,33,male,7,20151119
user_0006175,1,0,,3,20150622
user_0006176,11,43,male,7,20151119
user_0006177,17,38,male,4,20161221
user_0006178,1,28,,7,20150424
user_0006179,4,0,male,3,20161128
user_0006180,1,34,male,9,20160511
user_0006181,17,18,male,13,20160201
user_0006182,1,25,female,13,20160522
user_0006183,21,30,female,7,20150827
user_0006184,5,0,,3,20170126
user_0006185,1,15,male,13,20150601
user_0006186,12,32,male,7,20160711
user_0006187,1,33,female,7,20170115
user_0006188,17,1000,female,7,20170110
user_0006189,10,19,male,3,20160501
user_0006190,1,2015,male,9,20161213
user_0006191,16,24,male,7,20160409
user_0006192,1,32,female,3,20161126
user_0006193,16,44,male,3,20150522
user_0006194,1,39,,3,20150807
user_0006195,1,23,female,4,20150520
user_0006196,1,33,male,13,20160611
user_0006197,21,41,male,4,20151116
user_0006198,5,20,male,4,20160202
user_0006199,1,30,female,9,20161113
user_0006200,1,23,female,3,20150516
user_0006201,19,1000,female,3,20160911
user_0006202,7,0,female,7,20151016
user_0006203,16,28,male,3,20150721
user_0006204,18,36,male,7,20151004
user_0006205,1,29,male,9,20150219
user_0006206,6,2015,female,4,20160609
user_0006207,1,30,female,3,20160409
user_0006208,4,30,female,3,20151219
user_0006209,12,29,female,4,20160716
user_0006210,1,42,female,13,20161005
user_0006211,16,26,,7,20161206
user_0006212,15,33,male,7,20160304
user_0006213,1,33,female,4,20160501
user_0006214,3,38,female,3,20151207
user_0006215,3,30,female,7,20150713
user_0006216,5,37,female,3,20150501
user_0006217,15,34,,4,20160210
user_0006218,5,33,female,9,20160904
user_0006219,10,44,male,3,20160622
user_0006220,5,36,male,7,20160603
user_0006221,1,35,male,7,20150530
user_0006222,11,37,male,3,20150228
user_0006223,9,29,male,9,20161122
user_0006224,1,37,female,3,20150403
user_0006225,11,26,male,13,20150421
user_0006226,10,20,female,3,20160117
user_0006227,11,34,male,7,20150108
user_0006228,10,21,female,13,20160323
user_0006229,9,38,female,9,20150810
user_0006230,20,29,female,4,20160323
user_0006231,19,52,female,3,20160810
user_0006232,12,32,male,7,20150608
user_0006233,17,29,male,4,20160308
user_0006234,5,32,male,3,20150327
user_0006235,1,1000,male,4,20150803
user_0006236,12,45,female,13,20161110
user_0006237,1,0,female,4,20150910
user_0006238,11,2015,male,3,20160627
user_0006239,17,2015,male,7,20160122
user_0006240,1,34,female,4,20150618
user_0006241,10,1000,female,9,20160908
user_0006242,5,1000,female,4,20150911
user_0006243,8,-1,female,3,20170110
user_0006244,1,0,male,3,20150125
user_0006245,6,40,,3,20160609
user_0006246,4,0,female,13,20151110
user_0006247,1,1000,male,3,20150418
user_0006248,1,31,female,3,20150929
user_0006249,1,42,male,13,20161025
user_0006250,9,33,male,3,20150727
user_0006251,7,32,male,7,20160912
user_0006252,11,44,,13,20161017
user_0006253,1,2015,male,9,20160623
user_0006254,1,-1,female,3,20150512
user_0006255,1,39,male,4,20160914
user_0006256,14,28,male,3,20161012
user_0006257,1,32,,7,20150113
user_0006258,18,19,female,3,20160402
user_0006259,16,43,female,3,20160601
user_0006260,1,40,male,3,20160627
user_0006261,10,29,male,3,20160107
user_0006262,19,50,female,7,20160226
user_0006263,1,43,,3,20170126
user_0006264,21,15,male,4,20150718
user_0006265,16,35,male,3,20161223
user_0006266,21,41,male,4,20150118
user_0006267,4,2015,female,3,20151225
user_0006268,6,46,male,3,20160426
user_0006269,15,2015,male,7,20160929
user_0006270,1,15,male,3,20160806
user_0006271,1,24,male,7,20160708
user_0006272,1,1000,female,3,20150923
user_0006273,1,2015,,3,20160720
user_0006274,2,30,male,3,20160613
user_0006275,12,19,female,9,20150926
user_0006276,1,23,male,3,20151126
user_0006277,1,48,male,3,20160710
user_0006278,1,32,female,9,20150503
user_0006279,4,30,male,3,20150126
user_0006280,5,19,female,3,20151229
user_0006281,6,18,female,3,20150125
user_0006282,11,40,,9,20170108
user_0006283,1,24,,3,20150624
user_0006284,21,44,female,13,20150411
user_0006285,12,34,male,3,20150628
user_0006286,9,32,female,4,20160722
user_0006287,17,39,female,7,20150111
user_0006288,7,29,male,4,20150421
user_0006289,20,35,male,4,20161102
user_0006290,5,1000,female,4,20150306
user_0006291,17,39,male,3,20160823
user_0006292,1,19,male,13,20160921
user_0006293,20,2015,female,4,20160813
user_0006294,21,15,male,7,20170119
user_0006295,1,26,,4,20160910
user_0006296,6,43,female,13,20161005
user_0006297,15,46,female,3,20161208
user_0006298,1,32,female,3,20160922
user_0006299,17,26,male,9,20150426
user_0006300,6,2015,male,4,20150509
user_0006301,14,30,male,7,20160111
user_0006302,1,29,female,7,20150906
user_0006303,1,32,female,9,20151011
user_0006304,1,36,female,9,20151103
user_0006305,11,24,female,7,20151017
user_0006306,7,31,female,3,20160305
user_0006307,11,30,,9,20160519
user_0006308,1,45,female,3,20160510
user_0006309,1,36,male,9,20151002
user_0006310,5,26,female,3,20161211
user_0006311,2,0,female,7,20161210
user_0006312,1,34,,7,20160304
user_0006313,17,30,male,3,20150414
user_0006314,20,40,male,7,20161130
user_0006315,21,15,female,4,20150515
user_0006316,18,25,male,3,20160718
user_0006317,1,45,female,9,20161101
user_0006318,13,20,female,4,20151002
user_0006319,11,0,female,4,20150714
user_0006320,9,15,male,13,20160830
user_0006321,1,28,,3,20150929
user_0006322,8,38,female,3,20160421
user_0006323,1,1000,female,9,20151212
user_0006324,13,41,female,3,20150317
user_0006325,1,15,male,9,20160706
user_0006326,11,26,male,3,20150112
user_0006327,19,25,female,9,20161121
user_0006328,1,21,female,4,20160229
user_0006329,1,1000,female,7,20160520
user_0006330,6,34,,7,20150702
user_0006331,19,21,male,4,20150624
user_0006332,1,25,female,4,20151225
user_0006333,1,18,female,7,20161009
user_0006334,1,16,male,3,20150724
user_0006335,1,39,female,9,20150831
user_0006336,1,29,female,9,20160125
user_0006337,16,41,female,3,20150305
user_0006338,4,31,,3,20150307
user_0006339,4,28,male,4,20150127
user_0006340,17,0,male,7,20151121
user_0006341,3,35,male,4,20160926
user_0006342,19,15,,3,20150119
user_0006343,6,22,female,7,20160205
user_0006344,1,26,male,3,20150818
user_0006345,15,38,female,7,20150703
user_0006346,1,33,male,7,20151101
user_0006347,20,35,,3,20150220
user_0006348,14,23,,4,20150524
user_0006349,1,31,,4,20170109
user_0006350,1,44,female,13,20150319
user_0006351,1,36,female,3,20160826
user_0006352,15,18,male,4,20160630
user_0006353,2,35,female,13,20160727
user_0006354,9,2015,,3,20150211
user_0006355,8,50,female,9,20151109
user_0006356,14,0,female,3,20151026
user_0006357,18,28,female,3,20150603
user_0006358,1,0,male,13,20150715
user_0006359,13,26,female,4,20151004
user_0006360,20,27,male,3,20160122
user_0006361,1,17,male,3,20160516
user_0006362,10,28,male,7,20151204
user_0006363,10,36,,7,20160421
user_0006364,1,30,female,3,20160619
user_0006365,20,44,male,4,20150324
user_0006366,21,0,male,3,20160309
user_0006367,14,39,female,9,20161016
user_0006368,11,-1,,3,20150715
user_0006369,17,25,female,7,20160325
user_0006370,11,-1,female,9,20150803
user_0006371,9,-1,male,3,20160307
user_0006372,13,-1,male,13,20150721
user_0006373,8,15,male,4,20160504
user_0006374,1,-1,male,7,20150125
user_0006375,1,42,female,3,20160223
user_0006376,17,35,male,7,20150516
user_0006377,1,43,female,7,20161229
user_0006378,1,15,,4,20150703
user_0006379,15,36,male,9,20150619
user_0006380,13,38,,4,20150608
user_0006381,1,37,male,3,20160612
user_0006382,6,38,,9,20161212
user_0006383,13,19,,4,20160414
user_0006384,1,36,male,7,20160407
user_0006385,19,35,female,4,20170116
user_0006386,1,1000,female,3,20170123
user_0006387,2,31,male,3,20160529
user_0006388,1,36,female,3,20150510
user_0006389,7,36,female,7,20150622
user_0006390,1,41,male,9,20150619
user_0006391,9,33,male,7,20151013
user_0006392,14,0,male,9,20161221
user_0006393,15,34,female,3,20161116
user_0006394,3,-1,male,3,20150227
user_0006395,20,37,female,4,20150308
user_0006396,14,20,male,3,20160810
user_0006397,1,30,male,3,20160808
user_0006398,1,31,,3,20151026
user_0006399,18,34,female,3,20160126
user_0006400,1,32,,7,20151029
user_0006401,3,17,,4,20150129
user_0006402,1,37,female,9,20160721
user_0006403,2,26,male,13,20160921
user_0006404,1,24,male,3,20160629
user_0006405,1,35,male,13,20150524
user_0006406,1,39,male,7,20161019
user_0006407,9,35,female,4,20150906
user_0006408,1,36,,13,20160213
user_0006409,6,35,,4,20160128
user_0006410,1,0,male,3,20170121
user_0006411,1,2015,female,3,20150902
user_0006412,1,22,male,3,20160617
user_0006413,12,1000,female,7,20161005
user_0006414,6,26,male,4,20150531
user_0006415,12,35,male,7,20170106
user_0006416,1,32,,3,20161121
user_0006417,17,28,male,3,20161203
user_0006418,14,16,female,4,20160506
user_0006419,1,48,female,7,20160108
user_0006420,4,15,male,4,20151102
user_0006421,11,-1,,3,20160819
user_0006422,19,38,male,3,20150208
user_0006423,11,0,male,7,20150831
user_0006424,20,32,female,7,20161130
user_0006425,1,32,,3,20151226
user_0006426,6,37,male,13,20160626
user_0006427,1,17,male,3,20160125
user_0006428,6,1000,,3,20161128
user_0006429,1,1000,male,4,20151125
user_0006430,1,44,,9,20160808
user_0006431,1,35,female,4,20150529
user_0006432,2,49,female,7,20161126
user_0006433,1,18,male,13,20161117
user_0006434,21,34,male,3,20151224
user_0006435,1,36,male,3,20160511
user_0006436,1,43,male,4,20150619
user_0006437,17,2015,female,4,20150926
user_0006438,14,27,,3,20160914
user_0006439,12,0,female,3,20150822
user_0006440,1,21,male,7,20150614
user_0006441,1,26,,13,20150329
user_0006442,15,15,female,13,20161018
user_0006443,1,30,male,3,20151225
user_0006444,10,32,female,4,20151024
user_0006445,2,44,male,9,20150912
user_0006446,3,19,male,13,20150319
user_0006447,7,2015,male,3,20161114
user_0006448,16,28,female,13,20160204
user_0006449,21,36,female,7,20150330
user_0006450,16,31,male,3,20150801
user_0006451,11,32,female,4,20150607
user_0006452,17,22,male,3,20150519
user_0006453,1,35,male,4,20160510
user_0006454,5,38,male,4,20150314
user_0006455,21,43,female,9,20150801
user_0006456,3,17,,3,20150730
user_0006457,1,23,female,7,20150917
user_0006458,11,34,female,7,20151008
user_0006459,1,36,female,4,20161217
user_0006460,19,2015,male,7,20150110
user_0006461,1,22,female,4,20150624
user_0006462,12,59,,7,20150705
user_0006463,17,43,male,4,20150501
user_0006464,1,36,,9,20150804
user_0006465,21,26,,3,20150910
user_0006466,5,16,female,9,20160603
user_0006467,8,27,male,7,20151022
user_0006468,3,24,,3,20150822
user_0006469,1,24,female,7,20160113
user_0006470,19,37,female,3,20160326
user_0006471,1,29,female,4,20160702
user_0006472,5,34,male,4,20160101
user_0006473,3,31,,7,20150420
user_0006474,6,32,male,4,20151026
user_0006475,7,36,female,7,20150524
user_0006476,21,32,female,3,20150512
user_0006477,1,30,male,3,20161125
user_0006478,3,22,female,7,20150621
user_0006479,17,25,female,13,20160601
user_0006480,14,17,male,3,20150714
user_0006481,16,0,,9,20150319
user_0006482,6,19,female,4,20150826
user_0006483,4,29,male,7,20160322
user_0006484,1,2015,female,3,20150623
user_0006485,2,33,,7,20160928
user_0006486,1,37,male,4,20160213
user_0006487,15,30,male,9,20150703
user_0006488,1,38,female,3,20160717
user_0006489,3,22,female,3,20160107
user_0006490,1,18,female,7,20160816
user_0006491,13,-1,male,3,20160826
user_0006492,1,34,male,13,20150826
user_0006493,5,0,female,7,20150730
user_0006494,1,42,,13,20160828
user_0006495,15,41,female,3,20160625
user_0006496,1,20,male,7,20161123
user_0006497,9,33,,3,20151109
user_0006498,7,38,male,3,20160327
user_0006499,1,27,female,4,20160322
user_0006500,20,28,female,4,20161129
user_0006501,17,34,,4,20160419
user_0006502,14,1000,female,4,20161110
user_0006503,1,1000,female,3,20150223
user_0006504,17,40,male,7,20170103
user_0006505,21,18,female,3,20160518
user_0006506,18,44,male,3,20150629
user_0006507,10,61,female,9,20160826
user_0006508,16,1000,female,7,20160608
user_0006509,1,0,male,7,20150523
user_0006510,14,28,male,13,20150108
user_0006511,1,28,,9,20150301
user_0006512,2,37,male,3,20150629
user_0006513,16,28,male,13,20160203
user_0006514,1,20,male,4,20150618
user_0006515,1,27,,4,20160122
user_0006516,12,1000,male,3,20160513
user_0006517,18,31,female,4,20151211
user_0006518,9,49,male,4,20161230
user_0006519,10,45,female,3,20161101
user_0006520,1,32,,7,20160210
user_0006521,7,37,male,3,20150217
user_0006522,20,26,female,7,20161125
user_0006523,6,21,female,7,20160425
user_0006524,8,21,male,7,20160105
user_0006525,1,27,,3,20161005
user_0006526,1,0,female,4,20161021
user_0006527,18,20,female,3,20160903
user_0006528,1,49,male,7,20150120
user_0006529,20,-1,male,7,20160703
user_0006530,18,-1,,4,20150301
user_0006531,1,27,,7,20150604
user_0006532,16,21,male,3,20161123
user_0006533,1,32,,9,20150609
user_0006534,19,33,female,13,20150620
user_0006535,16,35,male,9,20151117
user_0006536,1,30,female,9,20150925
user_0006537,14,25,female,4,20160817
user_0006538,4,24,male,13,20151130
user_0006539,1,26,female,4,20150305
user_0006540,4,46,female,3,20160915
user_0006541,4,15,male,4,20150213
user_0006542,19,35,female,9,20151231
user_0006543,8,-1,,7,20161114
user_0006544,19,47,female,9,20161231
user_0006545,9,37,male,3,20151009
user_0006546,4,31,female,13,20150525
user_0006547,1,49,,13,20160407
user_0006548,14,37,female,4,20150321
user_0006549,9,22,female,13,20161209
user_0006550,1,1000,male,3,20160920
user_0006551,1,42,female,3,20150313
user_0006552,4,0,,3,20160406
user_0006553,1,35,female,7,20151101
user_0006554,1,2015,female,9,20161216
user_0006555,21,15,male,13,20160928
user_0006556,14,15,male,3,20150815
user_0006557,12,37,male,7,20150521
user_0006558,9,33,male,4,20150607
user_0006559,10,34,male,3,20161110
user_0006560,1,35,female,9,20160613
user_0006561,2,2015,female,4,20160629
user_0006562,6,22,female,3,20150904
user_0006563,18,28,male,3,20151024
user_0006564,1,25,female,7,20150828
user_0006565,14,32,male,9,20160909
user_0006566,1,22,female,3,20150218
user_0006567,12,22,female,4,20151123
user_0006568,1,42,,3,20160928
user_0006569,5,32,,9,20161019
user_0006570,1,34,,3,20160817
user_0006571,1,29,male,13,20170128
user_0006572,19,1000,male,4,20150423
user_0006573,14,-1,male,7,20160323
user_0006574,20,27,male,7,20170107
user_0006575,14,23,male,4,20160527
user_0006576,6,-1,female,4,20151122
user_0006577,1,26,female,3,20150606
user_0006578,16,15,female,3,20161105
user_0006579,1,23,female,3,20150506
user_0006580,1,32,female,3,20150527
user_0006581,9,19,female,7,20151102
user_0006582,1,40,,4,20161106
user_0006583,14,34,female,4,20150805
user_0006584,1,29,female,4,20151203
user_0006585,1,51,,13,20151219
user_0006586,1,0,female,9,20150117
user_0006587,4,22,male,3,20150516
user_0006588,1,32,male,4,20150317
user_0006589,1,0,male,13,20160523
user_0006590,5,41,male,3,20151028
user_0006591,21,31,female,7,20160216
user_0006592,18,1000,female,7,20150910
user_0006593,17,43,female,7,20150519
user_0006594,12,36,female,4,20160513
user_0006595,1,-1,female,7,20150303
user_0006596,4,41,male,3,20170129
user_0006597,15,49,male,13,20160319
user_0006598,10,30,,4,20150607
user_0006599,1,46,male,3,20170118
user_0006600,1,42,female,7,20150309
user_0006601,14,2015,male,7,20170101
user_0006602,13,32,male,9,20161012
user_0006603,1,-1,male,7,20170127
user_0006604,12,23,male,4,20150613
user_0006605,1,28,male,3,20151117
user_0006606,4,28,female,4,20151020
user_0006607,1,30,female,3,20161121
user_0006608,1,20,male,7,20151221
user_0006609,21,0,male,9,20150318
user_0006610,1,25,male,4,20160302
user_0006611,10,41,male,3,20150101
user_0006612,15,31,female,3,20160601
user_0006613,1,18,male,9,20150329
user_0006614,8,35,male,3,20150612
user_0006615,18,21,male,7,20150114
user_0006616,8,26,male,13,20150308
user_0006617,17,35,female,13,20150331
user_0006618,14,36,male,4,20160706
user_0006619,2,24,female,9,20160105
user_0006620,1,44,female,4,20160828
user_0006621,20,31,male,13,20160928
user_0006622,5,23,female,7,20160623
user_0006623,20,39,female,3,20160713
user_0006624,1,41,male,9,20161009
user_0006625,1,22,female,3,20160208
user_0006626,1,23,female,13,20150426
user_0006627,14,23,male,3,20150218
user_0006628,2,40,male,7,20150129
user_0006629,1,32,female,3,20160506
user_0006630,20,-1,male,4,20160305
user_0006631,14,1000,male,3,20160423
user_0006632,8,23,,9,20150604
user_0006633,1,28,female,3,20160907
user_0006634,1,1000,male,7,20161105
user_0006635,6,31,male,13,20160220
user_0006636,8,19,female,3,20150509
user_0006637,4,33,female,7,20150913
user_0006638,16,31,male,3,20150915
user_0006639,1,37,,7,20150807
user_0006640,3,41,,9,20150428
user_0006641,12,26,male,3,20160109
user_0006642,1,34,,9,20150811
user_0006643,1,21,female,4,20150727
user_0006644,7,43,female,3,20160829
user_0006645,15,15,male,13,20170110
user_0006646,11,36,male,4,20160509
user_0006647,14,-1,female,3,20150314
user_0006648,1,37,female,3,20161004
user_0006649,15,45,male,9,20160524
user_0006650,11,38,,13,20160906
user_0006651,8,43,female,4,20151029
user_0006652,16,17,male,4,20161124
user_0006653,1,15,,4,20151106
user_0006654,4,0,female,9,20160514
user_0006655,13,28,male,3,20160209
user_0006656,17,24,female,9,20151013
user_0006657,3,24,,13,20150830
user_0006658,1,36,female,4,20160407
user_0006659,8,32,female,4,20160704
user_0006660,10,44,male,13,20160307
user_0006661,1,27,male,4,20160410
user_0006662,21,-1,male,3,20150124
user_0006663,6,42,,9,20160101
user_0006664,7,41,female,4,20151208
user_0006665,18,37,male,7,20151128
user_0006666,1,30,female,3,20150921
user_0006667,1,25,male,7,20160309
user_0006668,1,35,female,3,20161230
user_0006669,16,44,female,9,20160710
user_0006670,12,39,,4,20160819
user_0006671,15,33,female,9,20150510
user_0006672,4,36,,4,20150915
user_0006673,1,41,female,9,20150414
user_0006674,3,32,male,4,20170130
user_0006675,5,42,male,7,20150430
user_0006676,1,33,male,3,20160720
user_0006677,7,36,male,4,20151026
user_0006678,11,44,male,7,20160527
user_0006679,1,24,female,3,20160130
user_0006680,12,28,female,4,20151102
user_0006681,1,33,female,13,20151123
user_0006682,11,35,female,3,20161001
user_0006683,1,26,male,4,20160810
user_0006684,9,34,female,9,20150914
user_0006685,1,26,male,4,20160512
user_0006686,14,26,female,3,20150712
user_0006687,19,30,,4,20160516
user_0006688,2,46,female,4,20151201
user_0006689,1,-1,male,13,20160204
user_0006690,8,2015,male,7,20150815
user_0006691,1,38,,7,20170110
user_0006692,11,36,female,3,20150831
user_0006693,1,48,,9,20150122
user_0006694,12,35,female,9,20150827
user_0006695,15,31,female,3,20151225
user_0006696,5,2015,male,7,20160224
user_0006697,10,23,female,9,20150930
user_0006698,15,47,female,7,20161004
user_0006699,15,37,female,13,20170124
user_0006700,1,26,female,3,20160222
user_0006701,1,41,male,4,20150826
user_0006702,13,42,male,4,20160126
user_0006703,6,0,female,3,20151111
user_0006704,13,49,female,9,20160718
user_0006705,8,0,male,4,20160725
user_0006706,8,0,male,7,20150521
user_0006707,9,-1,male,9,20151119
user_0006708,1,36,female,7,20170111
user_0006709,13,39,male,3,20150426
user_0006710,12,-1,,3,20160712
user_0006711,15,32,,9,20150617
user_0006712,12,50,male,7,20151012
user_0006713,1,26,male,3,20160128
user_0006714,9,38,female,3,20150114
user_0006715,1,17,,4,20151015
user_0006716,5,34,male,3,20150505
user_0006717,14,24,male,13,20160315
user_0006718,1,29,male,3,20151006
user_0006719,20,24,,13,20150703
user_0006720,16,21,female,7,20160612
user_0006721,14,44,,4,20170113
user_0006722,1,29,female,7,20170122
user_0006723,11,38,male,7,20150912
user_0006724,1,44,male,3,20150604
user_0006725,1,43,male,4,20151014
user_0006726,4,43,male,3,20170128
user_0006727,1,33,female,3,20160414
user_0006728,14,40,female,13,20160816
user_0006729,13,21,female,9,20161003
user_0006730,14,36,female,7,20151119
user_0006731,20,0,male,3,20161018
user_0006732,1,-1,,7,20170118
user_0006733,9,38,male,7,20160221
user_0006734,4,15,male,4,20151113
user_0006735,1,27,male,3,20161013
user_0006736,1,15,female,7,20150328
user_0006737,21,18,male,3,20160516
user_0006738,20,22,,4,20150404
user_0006739,1,34,female,3,20150918
user_0006740,1,17,male,4,20170121
user_0006741,1,1000,male,4,20160105
user_0006742,1,40,male,4,20160920
user_0006743,1,41,male,9,20150907
user_0006744,1,35,male,9,20150930
user_0006745,1,16,male,7,20160823
user_0006746,16,2015,male,9,20150102
user_0006747,7,1000,,4,20160320
user_0006748,15,35,,3,20150224
user_0006749,1,37,,9,20160205
user_0006750,1,15,,3,20150215
user_0006751,1,38,male,4,20150914
user_0006752,1,26,male,7,20150107
user_0006753,16,21,female,3,20160714
user_0006754,15,29,female,3,20160709
user_0006755,10,37,female,7,20150720
user_0006756,14,0,female,9,20150630
user_0006757,11,1000,female,4,20150825
user_0006758,1,26,male,4,20160204
user_0006759,1,17,female,7,20150104
user_0006760,20,35,male,4,20160428
user_0006761,14,35,male,4,20150325
user_0006762,11,42,male,7,20150508
user_0006763,9,40,male,7,20150906
user_0006764,8,29,female,9,20160725
user_0006765,20,28,male,4,20150905
user_0006766,2,32,,7,20160625
user_0006767,20,15,female,3,20151121
user_0006768,8,35,male,3,20150111
user_0006769,7,22,,9,20160510
user_0006770,16,26,female,3,20161004
user_0006771,2,43,female,4,20150723
user_0006772,9,35,male,9,20160813
user_0006773,15,23,female,3,20150509
user_0006774,3,38,male,7,20151031
user_0006775,12,19,,3,20160420
user_0006776,1,30,male,7,20160516
user_0006777,1,16,female,9,20160628
user_0006778,10,23,male,9,20150805
user_0006779,1,25,female,7,20161124
user_0006780,11,25,female,4,20150919
user_0006781,12,33,female,4,20160116
user_0006782,9,1000,female,3,20161226
user_0006783,1,18,,3,20150215
user_0006784,1,24,male,7,20161115
user_0006785,7,27,female,3,20150915
user_0006786,5,42,female,13,20150718
user_0006787,1,34,female,3,20160603
user_0006788,14,15,,7,20160721
user_0006789,1,21,female,4,20151101
user_0006790,12,34,,7,20161112
user_0006791,1,52,male,7,20150419
user_0006792,1,25,female,3,20160127
user_0006793,21,43,,9,20161227
user_0006794,2,1000,male,7,20150921
user_0006795,7,39,male,4,20161006
user_0006796,11,15,female,4,20160617
user_0006797,8,28,female,4,20150716
user_0006798,21,25,male,13,20151013
user_0006799,3,38,male,4,20150406
user_0006800,1,16,female,3,20161106
user_0006801,12,37,female,4,20151231
user_0006802,3,33,male,13,20170104
user_0006803,1,43,,13,20150707
user_0006804,8,31,,4,20150110
user_0006805,11,21,,4,20160122
user_0006806,9,42,male,7,20161013
user_0006807,10,29,male,4,20160715
user_0006808,8,19,female,9,20161111
user_0006809,1,30,male,9,20150805
user_0006810,4,24,female,7,20160122
user_0006811,1,29,male,13,20151012
user_0006812,21,22,male,7,20161106
user_0006813,15,41,male,13,20160415
user_0006814,1,31,female,7,20161102
user_0006815,6,26,male,3,20160208
user_0006816,5,28,male,7,20160111
user_0006817,7,21,male,7,20150112
user_0006818,17,-1,female,4,20161112
user_0006819,7,16,male,3,20150908
user_0006820,18,40,male,3,20160215
user_0006821,1,31,male,9,20150412
user_0006822,1,30,male,3,20160707
user_0006823,7,52,,3,20161015
user_0006824,2,34,male,9,20160717
user_0006825,1,45,male,13,20151220
user_0006826,13,1000,female,9,20161122
user_0006827,1,19,male,9,20160826
user_0006828,3,37,female,7,20150513
user_0006829,4,47,female,4,20150722
user_0006830,18,26,male,7,20151205
user_0006831,5,40,female,7,20150214
user_0006832,5,36,male,3,20150925
user_0006833,9,42,female,3,20161108
user_0006834,1,42,male,7,20151104
user_0006835,19,26,,7,20161102
user_0006836,1,0,,13,20160315
user_0006837,21,15,female,4,20160312
user_0006838,11,25,female,4,20150408
user_0006839,1,38,male,3,20150410
user_0006840,11,15,female,3,20170101
user_0006841,14,1000,,3,20150220
user_0006842,4,32,female,4,20170125
user_0006843,11,21,male,13,20160523
user_0006844,15,39,male,3,20161011
user_0006845,21,32,female,3,20160207
user_0006846,1,17,male,7,20150607
user_0006847,8,23,female,3,20150918
user_0006848,1,42,male,3,20161216
user_0006849,14,29,female,9,20160313
user_0006850,10,41,male,3,20160629
user_0006851,11,28,male,4,20150210
user_0006852,15,0,male,7,20160120
user_0006853,1,30,male,9,20150608
user_0006854,1,19,female,13,20160211
user_0006855,20,32,female,4,20170112
user_0006856,16,36,,3,20161018
user_0006857,1,25,male,3,20151206
user_0006858,1,0,female,7,20160915
user_0006859,1,31,female,4,20151129
user_0006860,1,26,female,3,20160201
user_0006861,1,36,female,3,20170116
user_0006862,3,32,female,3,20151017
user_0006863,1,35,male,3,20151207
user_0006864,18,17,male,3,20150619
user_0006865,9,32,,3,20150205
user_0006866,7,26,female,7,20160218
user_0006867,11,29,,4,20160526
user_0006868,9,22,female,9,20160127
user_0006869,12,42,,4,20160123
user_0006870,15,40,female,3,20150419
user_0006871,21,24,female,13,20150714
user_0006872,1,32,male,7,20160622
user_0006873,1,33,male,9,20160201
user_0006874,21,36,,3,20161130
user_0006875,1,26,,13,20150810
user_0006876,1,35,female,7,20151220
user_0006877,21,55,female,3,20160623
user_0006878,7,1000,female,3,20160427
user_0006879,1,1000,female,3,20170113
user_0006880,1,24,female,3,20150507
user_0006881,5,25,male,3,20150220
user_0006882,4,29,male,3,20160609
user_0006883,2,22,female,4,20160721
user_0006884,1,21,male,4,20150731
user_0006885,2,46,female,3,20161019
user_0006886,5,24,male,3,20150904
user_0006887,18,2015,,3,20160619
user_0006888,12,23,female,3,20170111
user_0006889,21,28,,3,20160302
user_0006890,10,15,female,7,20160411
user_0006891,16,-1,female,3,20150806
user_0006892,16,24,female,9,20161004
user_0006893,1,40,female,13,20151022
user_0006894,11,37,female,7,20151217
user_0006895,16,27,male,3,20150416
user_0006896,13,19,male,3,20161020
user_0006897,1,35,female,4,20150215
user_0006898,4,-1,female,13,20150407
user_0006899,1,24,female,13,20160617
user_0006900,13,29,female,7,20150211
user_0006901,20,36,female,9,20150326
user_0006902,21,21,female,3,20151124
user_0006903,17,37,male,4,20150208
user_0006904,15,33,male,4,20161207
user_0006905,17,34,female,3,20150707
user_0006906,6,34,female,4,20150601
user_0006907,9,17,,4,20150109
user_0006908,9,27,male,13,20150806
user_0006909,3,34,male,3,20160331
user_0006910,2,-1,female,3,20150930
user_0006911,21,26,female,3,20160203
user_0006912,17,47,female,3,20150813
user_0006913,1,-1,,3,20151130
user_0006914,1,41,,3,20150722
user_0006915,19,35,male,13,20150301
user_0006916,3,39,,3,20150421
user_0006917,15,38,male,4,20160128
user_0006918,5,24,,3,20150616
user_0006919,4,24,female,3,20160608
user_0006920,1,29,male,3,20160516
user_0006921,1,31,,4,20150915
user_0006922,16,16,female,3,20150216
user_0006923,1,29,male,3,20150725
user_0006924,1,24,male,4,20161219
user_0006925,21,36,male,3,20151117
user_0006926,8,0,female,9,20160816
user_0006927,19,15,male,3,20150802
user_0006928,5,50,male,4,20160925
user_0006929,1,15,male,13,20151016
user_0006930,15,49,female,3,20161229
user_0006931,1,30,male,3,20160314
user_0006932,18,61,male,4,20160222
user_0006933,2,32,female,7,20150202
user_0006934,1,39,male,4,20161015
user_0006935,3,2015,male,3,20150808
user_0006936,7,24,male,7,20161026
user_0006937,7,15,male,4,20150331
user_0006938,4,23,female,3,20150109
user_0006939,10,26,female,7,20150624
user_0006940,1,2015,male,9,20150203
user_0006941,21,39,male,4,20160908
user_0006942,3,36,,4,20160624
user_0006943,10,2015,female,7,20151024
user_0006944,19,39,male,4,20150917
user_0006945,2,35,male,3,20151211
user_0006946,1,47,female,9,20160921
user_0006947,1,52,female,3,20150819
user_0006948,21,32,female,7,20161217
user_0006949,1,33,,4,20161224
user_0006950,13,40,male,9,20160113
user_0006951,15,35,female,4,20161022
user_0006952,1,34,,9,20160830
user_0006953,1,0,male,4,20150214
user_0006954,12,27,female,3,20160108
user_0006955,4,36,male,7,20150714
user_0006956,2,34,,9,20160729
user_0006957,1,22,female,4,20151122
user_0006958,17,18,female,13,20160327
user_0006959,7,0,female,7,20160801
user_0006960,6,0,female,13,20161117
user_0006961,18,29,male,3,20150830
user_0006962,16,20,male,13,20150514
user_0006963,5,15,,7,20150519
user_0006964,2,28,male,13,20160715
user_0006965,1,31,male,3,20150418
user_0006966,8,-1,female,4,20150625
user_0006967,1,28,,9,20161005
user_0006968,1,30,,7,20160415
user_0006969,1,42,female,3,20151027
user_0006970,2,39,,3,20161010
user_0006971,17,36,female,13,20150910
user_0006972,1,15,,7,20151125
user_0006973,14,32,female,3,20151126
user_0006974,12,1000,male,3,20160614
user_0006975,19,2015,male,4,20170123
user_0006976,1,23,female,3,20150702
user_0006977,14,18,female,4,20160617
user_0006978,1,44,female,7,20151116
user_0006979,11,40,male,3,20150627
user_0006980,14,32,,3,20150821
user_0006981,1,34,male,9,20150527
user_0006982,1,23,male,3,20150524
user_0006983,1,0,male,3,20150330
user_0006984,1,34,,9,20161229
user_0006985,10,50,female,7,20161121
user_0006986,1,33,male,4,20160725
user_0006987,10,35,male,9,20151210
user_0006988,1,30,female,3,20161230
user_0006989,1,32,female,3,20160615
user_0006990,1,42,male,9,20160823
user_0006991,21,2015,male,7,20161029
user_0006992,18,1000,,3,20150823
user_0006993,1,37,female,4,20150219
user_0006994,3,40,,3,20160720
user_0006995,9,38,male,3,20150611
user_0006996,1,30,,4,20170112
user_0006997,2,23,female,9,20151110
user_0006998,7,27,male,3,20150113
user_0006999,11,29,female,3,20160804
user_0007000,5,55,female,3,20160113
user_0007001,1,15,male,3,20151130
user_0007002,7,32,male,7,20160504
user_0007003,18,42,,7,20150820
user_0007004,1,15,female,7,20160812
user_0007005,1,37,,9,20150224
user_0007006,1,23,,7,20160810
user_0007007,9,18,female,7,20151115
user_0007008,1,0,male,4,20160214
user_0007009,19,33,female,7,20150525
user_0007010,15,31,,7,20150307
user_0007011,12,31,male,13,20170102
user_0007012,1,16,male,3,20150722
user_0007013,1,42,female,7,20161026
user_0007014,19,2015,male,3,20161207
user_0007015,1,28,female,3,20151106
user_0007016,1,35,female,13,20161119
user_0007017,15,22,female,4,20150306
user_0007018,4,20,female,4,20151230
user_0007019,15,24,male,3,20151017
user_0007020,1,29,female,4,20150406
user_0007021,19,2015,male,3,20170111
user_0007022,1,27,female,4,20150127
user_0007023,1,23,,13,20160427
user_0007024,1,26,female,7,20151027
user_0007025,1,0,male,7,20160107
user_0007026,1,28,female,4,20160407
user_0007027,1,28,male,3,20151028
user_0007028,15,40,male,7,20160215
user_0007029,21,-1,male,4,20150531
user_0007030,3,2015,male,3,20160409
user_0007031,15,26,female,4,20150419
user_0007032,11,33,male,13,20160612
user_0007033,1,21,female,7,20151118
user_0007034,1,32,male,7,20151023
user_0007035,9,38,male,3,20170109
user_0007036,1,2015,male,9,20160502
user_0007037,14,35,,4,20161219
user_0007038,17,37,,7,20150108
user_0007039,21,15,male,4,20161015
user_0007040,1,26,male,9,20160909
user_0007041,11,-1,female,3,20150919
user_0007042,17,32,female,3,20160516
user_0007043,11,30,female,3,20160324
user_0007044,1,31,male,3,20150227
user_0007045,1,0,male,7,20150520
user_0007046,1,26,female,3,20150228
user_0007047,14,28,female,3,20150711
user_0007048,14,2015,,4,20160908
user_0007049,2,44,female,3,20150515
user_0007050,1,1000,female,9,20150419
user_0007051,20,22,female,3,20151012
user_0007052,20,30,male,3,20151116
user_0007053,16,39,female,4,20150211
user_0007054,4,35,female,13,20160115
user_0007055,10,1000,male,3,20161015
user_0007056,1,34,female,3,20150508
user_0007057,15,31,female,3,20161206
user_0007058,1,35,male,7,20160228
user_0007059,1,40,female,13,20150531
user_0007060,8,34,male,3,20150928
user_0007061,4,23,male,3,20150908
user_0007062,1,17,female,3,20150124
user_0007063,1,26,male,3,20150617
user_0007064,18,38,male,7,20151203
user_0007065,6,33,female,7,20160610
user_0007066,1,19,male,7,20151114
user_0007067,1,16,female,4,20170120
user_0007068,11,31,male,4,20151018
user_0007069,14,15,female,13,20161208
user_0007070,1,33,male,3,20170120
user_0007071,1,-1,,3,20150206
user_0007072,2,17,male,3,20160122
user_0007073,5,30,male,9,20161208
user_0007074,2,1000,,4,20150620
user_0007075,17,26,male,7,20151218
user_0007076,1,34,male,7,20150928
user_0007077,6,19,,9,20150427
user_0007078,13,41,male,4,20150622
user_0007079,1,43,female,3,20150821
user_0007080,9,26,male,3,20151223
user_0007081,8,1000,,4,20160131
user_0007082,1,15,female,3,20160229
user_0007083,10,26,female,13,20151012
user_0007084,1,15,,7,20150610
user_0007085,17,1000,male,3,20160401
user_0007086,14,51,male,4,20150905
user_0007087,1,15,male,4,20150307
user_0007088,14,41,male,7,20151125
user_0007089,17,35,male,13,20160415
user_0007090,1,15,female,3,20161002
user_0007091,13,37,male,7,20150916
user_0007092,5,21,male,4,20150709
user_0007093,18,1000,female,13,20161007
user_0007094,15,42,male,3,20160207
user_0007095,17,39,male,7,20160405
user_0007096,1,18,female,3,20160513
user_0007097,2,33,male,4,20150212
user_0007098,14,30,,13,20150423
user_0007099,12,31,female,7,20170116
user_0007100,1,44,male,3,20150420
user_0007101,1,32,female,13,20150610
user_0007102,1,45,female,4,20160716
user_0007103,1,28,female,4,20160307
user_0007104,4,38,male,13,20160801
user_0007105,2,23,female,4,20151025
user_0007106,1,27,male,3,20151124
user_0007107,1,22,,4,20160312
user_0007108,11,33,female,7,20150811
user_0007109,1,23,male,4,20150416
user_0007110,11,23,,3,20151128
user_0007111,19,28,,4,20150715
user_0007112,11,23,male,3,20160301
user_0007113,13,39,female,3,20150625
user_0007114,21,15,female,3,20150118
user_0007115,17,23,male,4,20151114
user_0007116,4,35,male,3,20150326
user_0007117,1,47,female,3,20151009
user_0007118,18,38,female,7,20170109
user_0007119,1,31,female,7,20151029
user_0007120,4,34,male,9,20160816
user_0007121,1,33,male,3,20151028
user_0007122,5,29,female,7,20150408
user_0007123,16,0,male,3,20151014
user_0007124,6,-1,female,4,20151231
user_0007125,19,39,male,4,20160908
user_0007126,8,-1,male,4,20150202
user_0007127,5,41,female,4,20151220
user_0007128,13,39,,9,20160125
user_0007129,1,26,male,7,20160407
user_0007130,18,15,female,3,20151031
user_0007131,13,29,female,9,20160306
user_0007132,20,41,female,3,20150917
user_0007133,1,58,female,7,20160226
user_0007134,1,1000,female,4,20151128
user_0007135,2,34,male,3,20161107
user_0007136,1,27,female,7,20160227
user_0007137,8,40,male,3,20161222
user_0007138,1,15,female,3,20150427
user_0007139,6,42,male,3,20150127
user_0007140,1,38,,4,20150402
user_0007141,10,28,,7,20151104
user_0007142,7,19,female,3,20150403
user_0007143,11,1000,female,4,20170122
user_0007144,12,36,female,13,20160725
user_0007145,18,15,female,13,20150607
user_0007146,16,40,female,7,20150502
user_0007147,19,33,male,3,20160120
user_0007148,4,22,,4,20150127
user_0007149,13,48,,9,20151009
user_0007150,3,35,male,9,20150530
user_0007151,14,2015,female,13,20160407
user_0007152,1,28,,4,20151005
user_0007153,8,34,female,3,20160815
user_0007154,1,22,female,3,20151018
user_0007155,1,15,female,9,20160508
user_0007156,16,-1,female,13,20160311
user_0007157,6,37,female,4,20150629
user_0007158,1,23,female,4,20160717
user_0007159,1,27,male,7,20160428
user_0007160,15,31,male,4,20150927
user_0007161,21,45,male,4,20160701
user_0007162,8,35,female,3,20160410
user_0007163,17,39,,3,20150329
user_0007164,17,15,male,4,20150718
user_0007165,19,20,male,3,20160416
user_0007166,21,36,male,3,20170126
user_0007167,9,41,female,13,20150121
user_0007168,1,37,female,7,20160530
user_0007169,1,36,female,4,20151110
user_0007170,17,45,,13,20160204
user_0007171,8,33,male,3,20150922
user_0007172,6,15,,3,20150803
user_0007173,7,28,,9,20150427
user_0007174,16,25,female,13,20150212
user_0007175,1,0,female,9,20160524
user_0007176,11,46,,3,20151129
user_0007177,1,30,male,4,20160603
user_0007178,6,15,male,3,20161105
user_0007179,17,20,female,3,20160509
user_0007180,14,33,male,9,20150701
user_0007181,11,0,female,3,20160512
user_0007182,1,36,male,3,20160630
user_0007183,9,37,female,3,20160624
user_0007184,13,29,,7,20161207
user_0007185,18,30,male,7,20160225
user_0007186,1,17,female,3,20160601
user_0007187,1,16,female,4,20170105
user_0007188,1,30,male,13,20150314
user_0007189,1,34,male,3,20160330
user_0007190,1,31,male,3,20160614
user_0007191,5,0,male,7,20160213
user_0007192,8,21,male,3,20160722
user_0007193,1,28,female,4,20160803
user_0007194,1,28,male,3,20170110
user_0007195,7,37,male,3,20150712
user_0007196,21,21,male,7,20170111
user_0007197,1,28,male,7,20161228
user_0007198,1,15,,3,20160317
user_0007199,11,22,female,3,20160410
user_0007200,1,1000,male,13,20150524
user_0007201,2,34,female,3,20150921
user_0007202,1,32,female,3,20150505
user_0007203,21,47,,3,20150730
user_0007204,4,2015,,3,20150626
user_0007205,1,41,,3,20150922
user_0007206,1,38,male,13,20150717
user_0007207,4,15,male,3,20170124
user_0007208,21,28,female,9,20160913
user_0007209,20,20,male,4,20150909
user_0007210,16,20,male,3,20160404
user_0007211,13,39,,3,20150407
user_0007212,10,36,male,7,20150419
user_0007213,1,36,female,4,20161024
user_0007214,19,29,male,3,20160316
user_0007215,1,44,male,3,20150511
user_0007216,1,34,female,13,20151213
user_0007217,13,21,female,7,20150918
user_0007218,6,18,female,7,20151226
user_0007219,1,-1,female,13,20150913
user_0007220,5,51,male,3,20150505
user_0007221,13,31,female,3,20150505
user_0007222,1,26,female,9,20150619
user_0007223,10,25,female,4,20150520
user_0007224,15,27,male,4,20170122
user_0007225,1,32,female,9,20161008
user_0007226,19,36,female,13,20160110
user_0007227,6,37,male,9,20161220
user_0007228,1,30,female,7,20150324
user_0007229,1,0,female,4,20150109
user_0007230,1,28,,7,20160811
user_0007231,21,17,male,3,20151028
user_0007232,3,39,male,3,20160701
user_0007233,14,35,female,3,20161017
user_0007234,19,38,male,7,20161227
user_0007235,1,31,female,13,20150810
user_0007236,2,37,,7,20160428
user_0007237,3,25,male,3,20150119
user_0007238,3,29,,7,20170114
user_0007239,21,27,male,3,20161021
user_0007240,12,49,female,9,20151223
user_0007241,11,36,female,4,20160804
user_0007242,14,31,female,3,20160926
user_0007243,14,41,female,3,20150126
user_0007244,8,0,female,3,20160220
user_0007245,1,18,male,3,20160721
user_0007246,1,31,female,3,20160706
user_0007247,2,15,male,4,20151121
user_0007248,6,17,male,7,20151115
user_0007249,3,26,,13,20160406
user_0007250,1,2015,male,9,20150705
user_0007251,21,40,male,4,20150501
user_0007252,21,42,male,3,20150925
user_0007253,1,1000,female,3,20150914
user_0007254,1,0,female,4,20150827
user_0007255,5,26,male,3,20161228
user_0007256,9,18,female,3,20160605
user_0007257,18,22,male,7,20151207
user_0007258,1,35,,3,20161126
user_0007259,1,19,female,9,20151025
user_0007260,3,46,male,7,20160916
user_0007261,8,34,,4,20161014
user_0007262,16,2015,female,13,20160509
user_0007263,1,0,male,3,20160404
user_0007264,1,38,female,3,20161018
user_0007265,1,34,male,4,20160115
user_0007266,13,42,female,13,20161202
user_0007267,20,0,,3,20150205
user_0007268,10,42,male,7,20150623
user_0007269,4,29,male,9,20160622
user_0007270,1,-1,male,3,20160524
user_0007271,15,34,,7,20150721
user_0007272,13,34,female,7,20160407
user_0007273,1,45,,3,20150831
user_0007274,7,21,female,4,20150509
user_0007275,4,23,female,13,20150707
user_0007276,7,29,male,4,20151210
user_0007277,15,36,,4,20151107
user_0007278,20,22,female,4,20160221
user_0007279,15,1000,male,3,20161023
user_0007280,13,27,male,9,20160829
user_0007281,10,-1,male,3,20160220
user_0007282,4,39,male,13,20160819
user_0007283,1,26,male,13,20160902
user_0007284,14,2015,,9,20161114
user_0007285,18,15,male,9,20161224
user_0007286,8,26,male,7,20150410
user_0007287,7,33,female,3,20160626
user_0007288,20,26,female,7,20161112
user_0007289,6,24,female,7,20150416
user_0007290,5,19,male,3,20150714
user_0007291,3,36,male,7,20150617
user_0007292,1,36,female,3,20150718
user_0007293,12,25,male,4,20150124
user_0007294,1,31,,3,20160521
user_0007295,4,16,female,3,20160927
user_0007296,17,28,male,9,20160119
user_0007297,1,41,,7,20150516
user_0007298,6,31,female,3,20160507
user_0007299,1,17,male,7,20160914
user_0007300,17,30,female,13,20160107
user_0007301,1,-1,male,7,20150623
user_0007302,18,26,female,7,20160818
user_0007303,1,15,female,3,20161102
user_0007304,8,34,female,7,20150916
user_0007305,19,20,male,3,20150222
user_0007306,13,37,female,13,20160511
user_0007307,21,25,female,7,20160806
user_0007308,1,2015,male,3,20151118
user_0007309,1,39,male,9,20161205
user_0007310,3,1000,female,7,20150423
user_0007311,12,38,female,3,20151230
user_0007312,20,36,,3,20150627
user_0007313,12,-1,male,3,20150905
user_0007314,16,0,,7,20151011
user_0007315,9,37,,3,20160328
user_0007316,20,40,female,3,20160827
user_0007317,1,36,female,7,20161214
user_0007318,1,34,female,3,20150902
user_0007319,1,28,male,3,20150405
user_0007320,1,28,,3,20150115
user_0007321,7,28,female,3,20160526
user_0007322,7,25,male,4,20160117
user_0007323,21,22,female,3,20151112
user_0007324,6,40,female,13,20170121
user_0007325,1,42,,3,20161106
user_0007326,6,30,female,3,20160111
user_0007327,15,-1,male,3,20150425
user_0007328,15,0,female,9,20160106
user_0007329,1,2015,,7,20160806
user_0007330,1,-1,female,3,20170129
user_0007331,1,30,,3,20160216
user_0007332,16,50,,3,20160324
user_0007333,1,55,,7,20160412
user_0007334,1,20,male,7,20160701
user_0007335,1,22,,7,20160115
user_0007336,19,18,female,4,20150105
user_0007337,1,1000,male,4,20151029
user_0007338,11,30,female,4,20150425
user_0007339,20,36,female,3,20150611
user_0007340,8,15,male,9,20160903
user_0007341,1,27,male,7,20160519
user_0007342,17,40,female,7,20150317
user_0007343,3,27,male,3,20151217
user_0007344,9,35,female,3,20160806
user_0007345,9,33,,13,20161207
user_0007346,20,32,male,13,20161015
user_0007347,20,44,female,7,20150510
user_0007348,1,49,female,9,20150607
user_0007349,1,38,male,4,20150226
user_0007350,17,2015,male,9,20160226
user_0007351,1,56,male,7,20160528
user_0007352,1,40,,4,20160618
user_0007353,1,33,female,7,20160905
user_0007354,20,22,female,3,20151230
user_0007355,18,2015,female,4,20160511
user_0007356,1,27,female,9,20160427
user_0007357,1,21,male,4,20151225
user_0007358,4,33,,4,20151108
user_0007359,17,27,male,4,20150309
user_0007360,17,33,,13,20160817
user_0007361,1,28,male,3,20150301
user_0007362,4,32,,7,20160129
user_0007363,6,35,male,4,20151201
user_0007364,1,15,,3,20151213
user_0007365,19,31,female,3,20161114
user_0007366,1,15,male,7,20150610
user_0007367,2,40,female,3,20150513
user_0007368,1,33,male,4,20160619
user_0007369,16,2015,male,4,20160612
user_0007370,6,36,male,4,20150317
user_0007371,19,32,female,9,20160807
user_0007372,1,19,female,3,20170130
user_0007373,1,26,male,4,20160908
user_0007374,12,27,,4,20160829
user_0007375,21,38,male,3,20160615
user_0007376,7,2015,female,4,20150309
user_0007377,16,2015,male,9,20160412
user_0007378,11,1000,female,3,20160421
user_0007379,1,22,male,7,20160611
user_0007380,9,35,female,3,20150108
user_0007381,4,42,female,4,20160104
user_0007382,6,18,male,4,20160531
user_0007383,1,22,female,3,20160214
user_0007384,1,38,female,9,20160319
user_0007385,3,40,male,3,20161107
user_0007386,1,38,female,3,20160502
user_0007387,1,28,female,3,20160907
user_0007388,5,24,female,13,20150601
user_0007389,1,43,female,13,20150311
user_0007390,1,28,male,4,20161122
user_0007391,19,17,male,3,20150912
user_0007392,1,36,female,7,20151119
user_0007393,8,35,female,3,20150722
user_0007394,10,36,,9,20161216
user_0007395,1,28,female,3,20150115
user_0007396,4,34,female,3,20150614
user_0007397,11,43,male,3,20150128
user_0007398,8,17,male,4,20151208
user_0007399,1,31,female,3,20151117
user_0007400,1,50,female,3,20160202
user_0007401,16,28,,13,20150620
user_0007402,18,24,,7,20160905
user_0007403,1,21,female,3,20170123
user_0007404,1,37,male,9,20170101
user_0007405,1,2015,male,4,20150809
user_0007406,2,29,female,13,20160829
user_0007407,21,32,male,3,20150818
user_0007408,1,37,male,3,20150627
user_0007409,5,31,male,7,20150119
user_0007410,1,34,female,4,20151011
user_0007411,1,41,female,3,20160613
user_0007412,7,-1,female,4,20150907
user_0007413,16,35,male,7,20170122
user_0007414,16,22,female,3,20150723
user_0007415,21,25,female,9,20160818
user_0007416,1,34,female,7,20150909
user_0007417,1,48,female,7,20161014
user_0007418,17,36,female,7,20150508
user_0007419,1,29,male,3,20150209
user_0007420,2,40,male,7,20150102
user_0007421,20,29,female,3,20150321
user_0007422,21,20,,3,20150829
user_0007423,1,30,female,4,20150811
user_0007424,14,33,female,3,20150705
user_0007425,12,45,female,3,20151113
user_0007426,18,21,,4,20160610
user_0007427,1,38,male,13,20150501
user_0007428,1,38,male,3,20160914
user_0007429,15,29,,4,20150125
user_0007430,19,21,female,3,20150722
user_0007431,1,37,male,4,20160128
user_0007432,14,42,male,4,20160123
user_0007433,16,29,male,4,20170121
user_0007434,20,0,male,3,20170101
user_0007435,8,44,male,7,20151106
user_0007436,1,47,,4,20170112
user_0007437,4,28,female,4,20150517
user_0007438,20,22,female,7,20150629
user_0007439,14,38,male,9,20150630
user_0007440,1,28,female,4,20161005
user_0007441,12,15,,9,20150511
user_0007442,21,28,male,3,20161110
user_0007443,1,22,female,4,20150115
user_0007444,1,37,male,3,20150907
user_0007445,11,39,male,3,20160509
user_0007446,9,29,female,9,20160728
user_0007447,7,-1,,13,20160618
user_0007448,4,0,female,4,20150812
user_0007449,1,28,,3,20170108
user_0007450,6,34,female,3,20160825
user_0007451,12,0,female,9,20151024
user_0007452,15,33,male,4,20160711
user_0007453,1,26,,3,20150331
user_0007454,6,49,male,9,20160115
user_0007455,4,21,male,4,20150402
user_0007456,1,23,female,4,20160227
user_0007457,6,32,male,9,20160103
user_0007458,19,36,,7,20160628
user_0007459,6,21,male,3,20160807
user_0007460,1,29,,13,20160917
user_0007461,12,26,,4,20150225
user_0007462,1,26,male,3,20150514
user_0007463,14,43,female,9,20160904
user_0007464,5,21,female,4,20150207
user_0007465,1,44,,7,20150608
user_0007466,8,34,female,7,20160210
user_0007467,17,34,,3,20150212
user_0007468,12,26,male,13,20150530
user_0007469,17,15,,4,20150418
user_0007470,1,24,female,3,20150910
user_0007471,15,1000,male,4,20160514
user_0007472,1,22,male,3,20161018
user_0007473,1,25,male,13,20150209
user_0007474,1,31,male,7,20150809
user_0007475,1,56,male,3,20160214
user_0007476,8,25,,9,20150708
user_0007477,1,30,male,9,20161224
user_0007478,20,33,female,7,20160731
user_0007479,7,29,female,3,20151127
user_0007480,1,15,female,3,20150303
user_0007481,9,37,,9,20161219
user_0007482,1,35,male,9,20150317
user_0007483,12,2015,female,3,20150703
user_0007484,12,1000,male,4,20160228
user_0007485,15,30,,4,20160617
user_0007486,1,36,female,3,20161226
user_0007487,3,15,female,13,20161231
user_0007488,8,29,,4,20160821
user_0007489,1,15,female,7,20150720
user_0007490,9,23,male,7,20150111
user_0007491,1,33,female,3,20161122
user_0007492,6,-1,male,3,20170102
user_0007493,8,22,female,3,20161111
user_0007494,1,35,female,4,20150528
user_0007495,1,18,female,7,20161109
user_0007496,1,33,male,13,20160917
user_0007497,3,28,,9,20151103
user_0007498,6,28,,7,20150709
user_0007499,14,31,male,4,20150126
user_0007500,1,41,female,3,20160702
user_0007501,10,49,male,7,20150802
user_0007502,7,26,male,3,20150825
user_0007503,6,17,male,7,20151031
user_0007504,1,32,female,7,20170121
user_0007505,11,31,female,3,20150827
user_0007506,4,-1,,9,20151208
user_0007507,11,38,female,3,20160605
user_0007508,17,29,female,3,20150619
user_0007509,1,40,male,13,20160510
user_0007510,8,26,,7,20150414
user_0007511,15,38,male,9,20150615
user_0007512,15,39,,13,20151217
user_0007513,14,26,,3,20151229
user_0007514,1,27,male,9,20161019
user_0007515,20,37,female,3,20161014
user_0007516,11,-1,female,3,20170106
user_0007517,4,37,female,3,20160429
user_0007518,14,38,male,3,20150413
user_0007519,11,41,female,7,20160722
user_0007520,5,32,,7,20150813
user_0007521,1,37,,9,20160922
user_0007522,7,35,male,3,20160601
user_0007523,4,38,female,7,20160206
user_0007524,14,31,female,3,20150103
user_0007525,13,36,male,3,20160702
user_0007526,8,27,,7,20170114
user_0007527,1,28,female,4,20160229
user_0007528,1,43,female,13,20150925
user_0007529,15,45,female,3,20150603
user_0007530,1,23,female,3,20150302
user_0007531,15,1000,female,9,20150220
user_0007532,1,36,,9,20161205
user_0007533,2,-1,male,3,20160205
user_0007534,3,36,male,3,20150808
user_0007535,1,39,female,4,20160904
user_0007536,1,25,,3,20150711
user_0007537,12,37,,3,20161022
user_0007538,1,15,,7,20150718
user_0007539,1,15,male,7,20160817
user_0007540,1,1000,female,3,20160807
user_0007541,1,37,,3,20151208
user_0007542,4,28,female,3,20160605
user_0007543,13,1000,male,7,20160603
user_0007544,15,2015,,3,20161103
user_0007545,1,35,female,13,20151224
user_0007546,21,34,male,3,20150912
user_0007547,1,29,female,4,20160829
user_0007548,16,28,,7,20160211
user_0007549,1,34,male,13,20150827
user_0007550,9,19,male,7,20170106
user_0007551,12,28,female,9,20151120
user_0007552,6,22,male,4,20160322
user_0007553,4,32,male,3,20160629
user_0007554,8,38,female,4,20161107
user_0007555,1,46,,7,20161105
user_0007556,7,29,female,4,20160527
user_0007557,1,20,male,9,20160905
user_0007558,10,47,female,4,20151212
user_0007559,19,29,female,4,20150414
user_0007560,18,43,,4,20150316
user_0007561,1,49,female,4,20150414
user_0007562,20,17,female,3,20150324
user_0007563,1,31,male,3,20150621
user_0007564,1,28,,4,20150729
user_0007565,11,27,male,7,20150810
user_0007566,12,-1,male,4,20161021
user_0007567,1,33,female,7,20150410
user_0007568,16,26,male,4,20150207
user_0007569,21,37,,3,20161219
user_0007570,21,32,male,3,20161010
user_0007571,10,32,male,9,20160123
user_0007572,21,34,female,13,20160811
user_0007573,15,29,male,7,20150203
user_0007574,1,31,male,3,20161024
user_0007575,3,29,female,7,20151010
user_0007576,5,27,female,4,20170101
user_0007577,6,38,male,13,20151224
user_0007578,1,41,,3,20160731
user_0007579,3,43,female,7,20160720
user_0007580,8,40,female,4,20160429
user_0007581,13,28,female,9,20160820
user_0007582,8,15,,7,20160629
user_0007583,1,33,,3,20150509
user_0007584,9,15,male,7,20161220
user_0007585,14,29,male,4,20150823
user_0007586,21,27,male,3,20161025
user_0007587,1,33,male,3,20161102
user_0007588,3,17,,4,20160817
user_0007589,1,30,male,4,20151128
user_0007590,20,1000,female,4,20161011
user_0007591,11,20,,3,20160314
user_0007592,9,19,female,3,20160220
user_0007593,2,30,female,7,20170113
user_0007594,1,21,female,4,20151112
user_0007595,14,15,female,7,20151110
user_0007596,2,-1,male,4,20151029
user_0007597,21,33,male,3,20150301
user_0007598,16,36,,9,20150510
user_0007599,16,49,,3,20160208
user_0007600,13,38,male,3,20160218
user_0007601,1,39,male,3,20150606
user_0007602,8,21,female,4,20150509
user_0007603,8,36,male,3,20150610
user_0007604,1,34,,13,20160612
user_0007605,17,43,female,3,20150826
user_0007606,2,42,female,3,20150216
user_0007607,21,44,male,7,20151031
user_0007608,10,34,female,3,20160801
user_0007609,5,29,,3,20150511
user_0007610,15,21,,4,20160630
user_0007611,5,16,female,3,20160831
user_0007612,21,0,female,7,20151117
user_0007613,1,28,female,3,20150103
user_0007614,10,32,male,7,20150203
user_0007615,1,1000,female,3,20161203
user_0007616,8,28,female,4,20161223
user_0007617,1,31,female,13,20160419
user_0007618,8,28,female,9,20150201
user_0007619,5,34,male,13,20150628
user_0007620,1,39,male,4,20160818
user_0007621,12,32,male,3,20150106
user_0007622,1,20,male,3,20150404
user_0007623,1,42,male,7,20150701
user_0007624,6,27,male,3,20150422
user_0007625,1,24,,7,20161202
user_0007626,20,42,male,3,20150909
user_0007627,13,1000,,9,20150921
user_0007628,19,20,,3,20161217
user_0007629,10,28,male,3,20150924
user_0007630,3,29,female,3,20160205
user_0007631,1,29,female,4,20150329
user_0007632,18,25,male,13,20150615
user_0007633,1,25,male,4,20160524
user_0007634,1,15,,7,20161216
user_0007635,18,34,,4,20150806
user_0007636,9,28,male,3,20160714
user_0007637,5,0,female,4,20150811
user_0007638,17,32,female,4,20150524
user_0007639,19,27,female,4,20150228
user_0007640,1,41,male,3,20151216
user_0007641,12,33,female,3,20150422
user_0007642,1,26,female,3,20150303
user_0007643,6,47,male,3,20150503
user_0007644,2,37,,3,20151022
user_0007645,12,33,male,3,20170120
user_0007646,21,37,female,4,20160109
user_0007647,17,36,male,9,20160301
user_0007648,1,38,male,7,20160721
user_0007649,9,40,female,4,20161226
user_0007650,1,36,male,7,20150923
user_0007651,16,36,male,4,20150820
user_0007652,1,36,female,3,20160229
user_0007653,1,23,female,7,20151222
user_0007654,5,22,female,7,20150402
user_0007655,9,39,female,7,20161116
user_0007656,11,30,male,9,20150130
user_0007657,1,15,female,9,20160713
user_0007658,4,35,male,9,20161129
user_0007659,4,26,male,3,20160308
user_0007660,4,23,,13,20170126
user_0007661,14,32,male,4,20160508
user_0007662,1,31,male,4,20160419
user_0007663,21,33,female,7,20150215
user_0007664,2,39,female,3,20160330
user_0007665,1,27,female,3,20170103
user_0007666,1,32,female,9,20151210
user_0007667,1,33,female,7,20161224
user_0007668,1,40,male,13,20160416
user_0007669,7,2015,male,3,20160621
user_0007670,1,28,female,4,20151102
user_0007671,20,43,female,7,20151017
user_0007672,9,0,female,3,20150121
user_0007673,2,35,female,7,20150814
user_0007674,7,29,male,4,20160711
user_0007675,1,50,male,4,20150723
user_0007676,6,27,female,3,20161226
user_0007677,1,47,female,4,20150509
user_0007678,1,35,male,7,20161020
user_0007679,1,27,,9,20150129
user_0007680,16,26,female,9,20161221
user_0007681,1,1000,female,13,20150111
user_0007682,14,1000,female,13,20150126
user_0007683,2,24,,7,20151205
user_0007684,4,40,male,3,20150426
user_0007685,11,41,,4,20151219
user_0007686,1,24,female,3,20151012
user_0007687,1,23,male,4,20150706
user_0007688,3,22,female,3,20151125
user_0007689,1,-1,,4,20151224
user_0007690,10,35,female,7,20160418
user_0007691,17,15,male,3,20170122
user_0007692,11,31,male,9,20151127
user_0007693,16,40,female,3,20150810
user_0007694,1,19,male,4,20161227
user_0007695,8,32,female,3,20161205
user_0007696,1,21,female,3,20160911
user_0007697,16,1000,female,4,20150723
user_0007698,1,36,,3,20160909
user_0007699,13,40,male,3,20160131
user_0007700,1,43,male,9,20160301
user_0007701,1,26,female,3,20160416
user_0007702,1,33,female,13,20151013
user_0007703,8,32,female,7,20150411
user_0007704,7,31,female,3,20151027
user_0007705,1,35,male,3,20161010
user_0007706,1,37,female,9,20150516
user_0007707,20,-1,male,3,20150501
user_0007708,9,40,female,7,20150112
user_0007709,20,34,male,4,20150914
user_0007710,1,1000,female,4,20150527
user_0007711,10,27,,3,20160206
user_0007712,1,17,,4,20160912
user_0007713,16,38,female,3,20161029
user_0007714,1,31,male,7,20170130
user_0007715,5,40,male,7,20161011
user_0007716,1,32,,3,20150923
user_0007717,1,33,female,4,20150920
user_0007718,13,36,,3,20160916
user_0007719,14,45,male,7,20160414
user_0007720,3,29,male,3,20150807
user_0007721,14,32,,3,20150713
user_0007722,1,37,female,3,20161006
user_0007723,1,33,male,13,20151015
user_0007724,15,30,female,9,20161121
user_0007725,17,30,,4,20150911
user_0007726,1,29,female,9,20161011
user_0007727,19,37,female,3,20160206
user_0007728,1,1000,female,3,20160420
user_0007729,9,29,,9,20151104
user_0007730,3,39,male,3,20160823
user_0007731,4,16,,9,20170120
user_0007732,4,0,,13,20161003
user_0007733,8,48,male,3,20150916
user_0007734,11,31,male,9,20150520
user_0007735,6,16,,9,20161015
user_0007736,1,1000,,3,20160202
user_0007737,1,42,,4,20161213
user_0007738,1,39,female,3,20160506
user_0007739,7,43,male,4,20161026
user_0007740,4,35,male,4,20160211
user_0007741,1,54,male,4,20170103
user_0007742,9,46,male,3,20160528
user_0007743,4,30,female,3,20161004
user_0007744,1,32,,3,20151224
user_0007745,3,31,female,7,20151116
user_0007746,17,24,female,7,20161108
user_0007747,15,27,male,7,20160320
user_0007748,1,28,male,7,20161117
user_0007749,8,36,female,9,20160821
user_0007750,20,15,male,4,20170118
user_0007751,4,29,female,3,20151218
user_0007752,1,42,,3,20150524
user_0007753,18,1000,female,7,20160724
user_0007754,12,2015,male,4,20150517
user_0007755,12,35,male,3,20160726
user_0007756,6,-1,female,4,20150404
user_0007757,8,30,,13,20160415
user_0007758,9,35,male,7,20150908
user_0007759,1,44,female,3,20150611
user_0007760,20,26,female,9,20150606
user_0007761,14,27,,4,20151001
user_0007762,1,27,male,3,20151130
user_0007763,1,36,male,3,20161018
user_0007764,10,34,male,13,20150121
user_0007765,21,23,female,3,20150928
user_0007766,20,29,,9,20151121
user_0007767,5,56,male,3,20160227
user_0007768,3,24,,4,20160621
user_0007769,1,37,,3,20150513
user_0007770,1,17,female,3,20150801
user_0007771,1,31,male,3,20160123
user_0007772,1,43,female,4,20150104
user_0007773,15,39,male,7,20161123
user_0007774,10,-1,female,4,20160114
user_0007775,1,29,female,3,20160526
user_0007776,1,23,male,9,20161030
user_0007777,16,-1,female,9,20161103
user_0007778,19,45,female,4,20161128
user_0007779,1,29,male,3,20160921
user_0007780,18,24,male,3,20160425
user_0007781,8,31,male,3,20151120
user_0007782,1,37,female,3,20160903
user_0007783,8,15,female,3,20150419
user_0007784,2,-1,male,13,20150612
user_0007785,12,23,male,7,20160922
user_0007786,1,29,female,3,20160603
user_0007787,1,41,male,4,20161210
user_0007788,10,43,male,3,20160617
user_0007789,18,39,male,9,20160522
user_0007790,14,22,,4,20151116
user_0007791,5,37,female,7,20150802
user_0007792,3,38,,3,20150530
user_0007793,8,37,male,4,20160731
user_0007794,1,39,male,7,20150303
user_0007795,14,40,male,4,20151231
user_0007796,1,15,male,3,20161210
user_0007797,10,38,male,4,20150422
user_0007798,1,21,male,9,20160808
user_0007799,1,40,female,4,20151013
user_0007800,14,30,,13,20150926
user_0007801,7,36,male,4,20160619
user_0007802,18,35,male,9,20161012
user_0007803,1,38,female,3,20160228
user_0007804,12,32,,7,20151112
user_0007805,6,22,male,4,20160221
user_0007806,6,30,male,3,20150626
user_0007807,21,18,male,9,20150609
user_0007808,4,29,male,3,20160906
user_0007809,1,38,female,4,20151229
user_0007810,15,45,female,3,20150415
user_0007811,9,36,male,13,20150606
user_0007812,10,29,,9,20150323
user_0007813,8,37,female,3,20160403
user_0007814,10,31,male,3,20160624
user_0007815,9,28,male,3,20160202
user_0007816,11,2015,female,3,20150915
user_0007817,1,33,female,13,20150206
user_0007818,5,27,male,9,20160820
user_0007819,16,35,male,9,20160114
user_0007820,18,24,female,4,20150528
user_0007821,16,36,female,4,20150525
user_0007822,1,26,male,4,20160606
user_0007823,1,24,male,9,20160723
user_0007824,1,30,male,3,20160301
user_0007825,1,25,,3,20161204
user_0007826,1,17,female,4,20160801
user_0007827,9,0,female,3,20160417
user_0007828,1,37,female,13,20150425
user_0007829,1,34,male,3,20160425
user_0007830,13,20,,13,20151230
user_0007831,20,26,male,3,20150502
user_0007832,1,26,female,3,20150410
user_0007833,1,39,,4,20150612
user_0007834,15,31,female,7,20150723
user_0007835,7,19,female,13,20150317
user_0007836,6,40,male,4,20150726
user_0007837,6,31,male,9,20161016
user_0007838,10,46,male,9,20151206
user_0007839,7,25,male,13,20170104
user_0007840,1,37,male,3,20160303
user_0007841,7,23,female,4,20161201
user_0007842,21,2015,,3,20160102
user_0007843,1,19,female,4,20160507
user_0007844,19,40,male,3,20160310
user_0007845,1,22,male,3,20160530
user_0007846,1,35,male,9,20150427
user_0007847,1,20,female,3,20160417
user_0007848,9,42,male,3,20160907
user_0007849,21,33,male,3,20161124
user_0007850,17,27,male,3,20160720
user_0007851,2,21,female,7,20160831
user_0007852,5,27,,4,20160916
user_0007853,8,57,female,4,20160123
user_0007854,6,41,female,4,20161011
user_0007855,11,-1,male,13,20160109
user_0007856,1,2015,male,3,20150726
user_0007857,4,24,,4,20160816
user_0007858,1,28,male,7,20151203
user_0007859,1,36,male,13,20150604
user_0007860,9,26,female,9,20161012
user_0007861,10,18,,9,20160416
user_0007862,6,27,female,3,20150401
user_0007863,2,27,male,13,20151015
user_0007864,15,-1,male,9,20150706
user_0007865,6,20,male,3,20160519
user_0007866,12,25,female,9,20150711
user_0007867,1,35,female,13,20151017
user_0007868,9,30,,7,20160721
user_0007869,11,2015,female,7,20150702
user_0007870,17,23,female,9,20161109
user_0007871,3,44,female,9,20160918
user_0007872,7,26,male,9,20160428
user_0007873,1,27,male,3,20160208
user_0007874,13,28,,3,20160224
user_0007875,6,19,male,3,20160617
user_0007876,1,28,male,4,20161103
user_0007877,6,-1,female,3,20160316
user_0007878,13,28,female,4,20161221
user_0007879,13,0,male,13,20161016
user_0007880,7,27,,13,20160216
user_0007881,15,37,female,3,20160730
user_0007882,13,36,male,7,20151226
user_0007883,16,45,,3,20170108
user_0007884,7,15,female,9,20170110
user_0007885,1,29,,3,20160613
user_0007886,1,1000,female,3,20160307
user_0007887,2,25,,3,20160904
user_0007888,1,19,,3,20161126
user_0007889,12,34,female,7,20161030
user_0007890,1,33,,3,20150225
user_0007891,1,1000,female,7,20160521
user_0007892,1,33,female,13,20150623
user_0007893,20,41,female,4,20170112
user_0007894,17,52,female,4,20160802
user_0007895,1,26,female,13,20150413
user_0007896,1,28,male,3,20160526
user_0007897,12,15,male,9,20150422
user_0007898,4,-1,male,7,20150728
user_0007899,12,16,male,3,20160110
user_0007900,11,19,male,3,20161104
user_0007901,16,36,male,7,20160718
user_0007902,1,26,female,3,20160530
user_0007903,4,42,female,9,20160507
user_0007904,6,33,,9,20161118
user_0007905,5,29,male,7,20161127
user_0007906,17,19,male,9,20160412
user_0007907,11,-1,male,4,20160503
user_0007908,1,31,,9,20151019
user_0007909,4,30,male,4,20150927
user_0007910,17,38,female,4,20160910
user_0007911,15,33,male,7,20150710
user_0007912,1,30,female,4,20150131
user_0007913,1,31,,3,20170118
user_0007914,10,35,female,3,20151204
user_0007915,19,36,female,4,20160504
user_0007916,2,-1,,4,20161211
user_0007917,1,38,,7,20150104
user_0007918,6,0,male,9,20160531
user_0007919,9,57,male,9,20150910
user_0007920,16,24,,9,20150307
user_0007921,1,38,male,3,20151225
user_0007922,1,27,male,3,20150810
user_0007923,19,15,,9,20151119
user_0007924,21,33,female,3,20150412
user_0007925,13,22,male,7,20170109
user_0007926,1,33,male,4,20150312
user_0007927,1,36,,7,20150812
user_0007928,8,0,male,7,20150309
user_0007929,1,37,male,7,20150809
user_0007930,1,37,male,3,20150102
user_0007931,4,42,female,3,20150105
user_0007932,16,27,male,13,20150807
user_0007933,11,36,male,9,20160629
user_0007934,9,33,female,4,20150312
user_0007935,19,43,female,7,20151122
user_0007936,1,23,male,3,20160421
user_0007937,12,33,male,4,20150219
user_0007938,15,25,male,4,20150626
user_0007939,15,44,,7,20160418
user_0007940,1,29,female,3,20161029
user_0007941,1,42,female,3,20150610
user_0007942,19,24,male,13,20160417
user_0007943,4,22,male,9,20150515
user_0007944,4,35,male,3,20170115
user_0007945,20,38,female,9,20160908
user_0007946,8,24,male,9,20160614
user_0007947,19,42,female,3,20150110
user_0007948,5,24,male,9,20150129
user_0007949,12,33,female,4,20161225
user_0007950,2,22,male,3,20151129
user_0007951,3,17,female,3,20161103
user_0007952,9,25,female,4,20150831
user_0007953,21,38,,7,20150624
user_0007954,13,33,female,4,20150921
user_0007955,10,21,male,3,20150629
user_0007956,1,36,female,9,20160103
user_0007957,18,28,male,3,20160101
user_0007958,1,-1,male,3,20150926
user_0007959,10,45,male,7,20150213
user_0007960,17,26,male,3,20151012
user_0007961,1,39,female,9,20160913
user_0007962,17,1000,male,7,20161221
user_0007963,10,40,male,9,20160201
user_0007964,5,41,female,3,20160805
user_0007965,1,0,male,4,20160929
user_0007966,1,35,,3,20161201
user_0007967,21,37,male,3,20160920
user_0007968,1,19,male,4,20160815
user_0007969,14,1000,female,9,20160422
user_0007970,13,28,,4,20160625
user_0007971,1,28,,9,20160706
user_0007972,3,32,female,3,20151116
user_0007973,1,35,,3,20170125
user_0007974,10,2015,female,3,20161103
user_0007975,18,0,female,9,20150814
user_0007976,13,30,female,3,20150627
user_0007977,7,29,male,4,20150716
user_0007978,2,55,male,7,20150725
user_0007979,17,49,male,3,20160109
user_0007980,15,27,female,13,20160609
user_0007981,9,0,male,13,20150513
user_0007982,4,33,male,3,20150726
user_0007983,1,37,,3,20160518
user_0007984,1,22,,7,20151012
user_0007985,13,36,female,4,20161206
user_0007986,5,31,male,7,20160314
user_0007987,20,2015,,7,20160418
user_0007988,1,40,female,13,20150626
user_0007989,1,19,,7,20150913
user_0007990,15,23,,3,20160703
user_0007991,14,34,female,7,20160401
user_0007992,1,23,,4,20161026
user_0007993,17,18,male,13,20160417
user_0007994,1,33,,4,20161230
user_0007995,15,20,female,3,20150123
user_0007996,1,31,female,9,20150513
user_0007997,1,31,male,3,20160715
user_0007998,7,42,male,9,20150916
user_0007999,17,33,male,7,20150727
user_0008000,13,56,male,7,20161219
user_0008001,6,1000,,7,20150814
user_0008002,20,39,female,9,20150411
user_0008003,1,37,female,9,20150312
user_0008004,1,34,female,7,20160603
user_0008005,6,28,female,3,20160825
user_0008006,21,33,female,4,20150526
user_0008007,21,38,female,3,20160729
user_0008008,5,2015,male,3,20160128
user_0008009,7,33,female,4,20150613
user_0008010,11,50,female,4,20150902
user_0008011,1,36,male,3,20151109
user_0008012,1,37,female,3,20150318
user_0008013,20,27,female,3,20160716
user_0008014,1,34,female,3,20161201
user_0008015,15,20,female,4,20151230
user_0008016,3,25,female,3,20160121
user_0008017,3,1000,male,3,20160506
user_0008018,9,27,female,3,20150408
user_0008019,4,26,male,7,20151202
user_0008020,16,54,,3,20160217
user_0008021,8,47,male,3,20160830
user_0008022,15,42,male,9,20160318
user_0008023,1,19,female,4,20160821
user_0008024,21,33,female,9,20151031
user_0008025,1,20,female,3,20160711
user_0008026,20,30,male,3,20161213
user_0008027,7,35,male,4,20150404
user_0008028,13,-1,male,3,20151017
user_0008029,1,35,female,13,20160112
user_0008030,1,2015,male,3,20161121
user_0008031,12,23,male,9,20160323
user_0008032,15,24,male,7,20150613
user_0008033,1,31,female,7,20150224
user_0008034,21,33,male,3,20150216
user_0008035,1,20,male,9,20160418
user_0008036,15,-1,male,4,20150619
user_0008037,17,27,female,4,20160903
user_0008038,21,-1,female,3,20160316
user_0008039,1,37,male,3,20160330
user_0008040,1,34,female,9,20160824
user_0008041,1,23,female,13,20161219
user_0008042,1,37,male,4,20160704
user_0008043,11,50,female,7,20150720
user_0008044,8,38,female,7,20150101
user_0008045,1,39,,4,20160723
user_0008046,10,38,male,4,20150705
user_0008047,13,26,,4,20160716
user_0008048,1,33,male,3,20160106
user_0008049,12,1000,female,7,20160731
user_0008050,7,39,male,4,20160423
user_0008051,10,46,,4,20151221
user_0008052,20,1000,male,3,20151118
user_0008053,21,27,male,13,20160404
user_0008054,2,-1,female,3,20160220
user_0008055,1,29,male,7,20160919
user_0008056,2,47,female,7,20150911
user_0008057,1,27,male,3,20170126
user_0008058,1,53,female,13,20150524
user_0008059,1,24,female,3,20151009
user_0008060,17,0,female,3,20151113
user_0008061,1,49,male,3,20150829
user_0008062,1,-1,male,7,20160811
user_0008063,10,27,,4,20150519
user_0008064,5,24,male,7,20150210
user_0008065,13,1000,female,9,20150723
user_0008066,7,36,female,3,20151014
user_0008067,5,45,female,4,20150728
user_0008068,14,28,male,4,20160304
user_0008069,11,33,female,7,20151005
user_0008070,3,35,,4,20150921
user_0008071,20,2015,female,3,20150811
user_0008072,1,28,male,3,20160408
user_0008073,16,21,female,3,20150428
user_0008074,1,17,male,4,20150909
user_0008075,7,44,male,3,20160327
user_0008076,16,31,male,3,20150905
user_0008077,8,24,male,7,20160330
user_0008078,9,35,male,3,20160719
user_0008079,1,16,,9,20150903
user_0008080,1,37,female,3,20170108
user_0008081,20,33,female,4,20160619
user_0008082,1,31,,4,20150421
user_0008083,18,28,female,9,20150806
user_0008084,20,28,female,7,20161217
user_0008085,1,1000,female,13,20151219
user_0008086,20,37,female,3,20151115
user_0008087,1,41,male,13,20150328
user_0008088,1,36,female,3,20160308
user_0008089,5,0,male,9,20150221
user_0008090,2,47,female,3,20150507
user_0008091,14,52,male,9,20160316
user_0008092,20,26,male,7,20150805
user_0008093,1,42,male,7,20160909
user_0008094,12,53,female,4,20151212
user_0008095,1,39,male,4,20170116
user_0008096,14,46,male,3,20160405
user_0008097,9,20,female,3,20150317
user_0008098,1,48,female,7,20150922
user_0008099,15,25,female,3,20150124
user_0008100,1,-1,male,3,20160314
user_0008101,1,35,male,3,20151110
user_0008102,19,21,female,3,20150201
user_0008103,1,40,female,3,20160529
user_0008104,4,24,male,4,20160129
user_0008105,1,15,male,9,20161123
user_0008106,17,29,male,4,20161206
user_0008107,6,-1,male,7,20151112
user_0008108,2,31,female,3,20160912
user_0008109,1,30,male,7,20160215
user_0008110,1,32,female,9,20161008
user_0008111,1,25,male,13,20150111
user_0008112,13,28,male,7,20161217
user_0008113,1,18,male,7,20150702
user_0008114,1,25,male,13,20160417
user_0008115,1,44,female,3,20161120
user_0008116,1,44,female,9,20160120
user_0008117,1,2015,male,7,20150809
user_0008118,1,37,male,7,20161107
user_0008119,13,28,male,3,20161105
user_0008120,1,18,male,3,20160415
user_0008121,8,30,female,3,20150603
user_0008122,1,15,female,7,20150526
user_0008123,12,36,female,3,20150612
user_0008124,17,30,male,13,20161111
user_0008125,7,16,male,3,20150923
user_0008126,8,43,male,9,20160324
user_0008127,19,27,,4,20151019
user_0008128,1,33,female,3,20161027
user_0008129,1,24,,3,20151128
user_0008130,1,21,,3,20151216
user_0008131,6,25,male,3,20151227
user_0008132,16,21,female,3,20150925
user_0008133,2,2015,,3,20160414
user_0008134,6,2015,female,13,20151008
user_0008135,18,23,female,4,20150814
user_0008136,13,26,male,7,20161216
user_0008137,12,32,,7,20160221
user_0008138,2,15,female,3,20150611
user_0008139,19,41,male,13,20160301
user_0008140,1,42,male,3,20151207
user_0008141,1,25,male,3,20160723
user_0008142,15,36,male,3,20160318
user_0008143,18,29,male,3,20170119
user_0008144,4,39,female,3,20160806
user_0008145,20,33,female,7,20160217
user_0008146,15,36,male,4,20160517
user_0008147,19,0,female,3,20161009
user_0008148,15,36,female,13,20150905
user_0008149,14,0,female,7,20161024
user_0008150,1,33,male,4,20150602
user_0008151,1,1000,female,13,20160307
user_0008152,1,32,female,4,20150411
user_0008153,6,41,male,3,20161231
user_0008154,7,34,,7,20150630
user_0008155,19,21,,13,20150318
user_0008156,1,23,male,3,20160919
user_0008157,21,44,female,4,20150816
user_0008158,6,34,female,3,20160422
user_0008159,20,33,female,9,20160723
user_0008160,1,30,female,3,20150109
user_0008161,11,26,male,9,20150316
user_0008162,11,18,male,3,20160120
user_0008163,6,37,female,7,20150504
user_0008164,13,19,female,7,20150201
user_0008165,11,20,female,7,20150301
user_0008166,3,1000,female,3,20150823
user_0008167,1,35,,4,20161102
user_0008168,1,1000,,3,20160627
user_0008169,14,26,male,3,20151112
user_0008170,1,32,female,3,20151115
user_0008171,4,17,male,3,20150712
user_0008172,3,27,female,13,20160206
user_0008173,5,15,,4,20161014
user_0008174,7,0,female,3,20150930
user_0008175,5,27,female,4,20160607
user_0008176,5,30,male,3,20161112
user_0008177,10,27,male,3,20150709
user_0008178,20,32,male,7,20150826
user_0008179,17,36,male,7,20150605
user_0008180,1,33,female,7,20150324
user_0008181,1,18,female,13,20160706
user_0008182,18,39,male,13,20150506
user_0008183,11,36,female,9,20170106
user_0008184,1,22,female,4,20161012
user_0008185,1,24,male,7,20150614
user_0008186,3,47,,3,20170122
user_0008187,1,41,,9,20150103
user_0008188,4,33,female,3,20151209
user_0008189,1,41,,13,20161203
user_0008190,18,35,,3,20160517
user_0008191,1,0,female,9,20160520
user_0008192,1,35,male,4,20151114
user_0008193,1,47,male,9,20150423
user_0008194,13,35,male,4,20150424
user_0008195,9,27,female,9,20150521
user_0008196,21,31,,7,20160816
user_0008197,6,29,female,7,20150805
user_0008198,1,53,female,13,20150212
user_0008199,14,1000,male,3,20150527
user_0008200,1,27,male,13,20160123
user_0008201,14,18,male,4,20160907
user_0008202,16,30,male,7,20150815
user_0008203,1,36,male,7,20170115
user_0008204,1,37,male,4,20160525
user_0008205,21,51,male,4,20151121
user_0008206,17,28,male,13,20160519
user_0008207,16,30,male,4,20150704
user_0008208,8,1000,female,9,20161010
user_0008209,9,17,male,3,20150809
user_0008210,16,2015,male,4,20161015
user_0008211,1,42,female,7,20161129
user_0008212,15,37,male,4,20160208
user_0008213,14,33,male,3,20160524
user_0008214,1,24,,9,20150624
user_0008215,1,29,male,7,20161128
user_0008216,15,0,female,4,20161028
user_0008217,1,0,male,3,20160730
user_0008218,20,21,male,9,20160327
user_0008219,1,37,female,7,20150720
user_0008220,7,21,female,9,20160229
user_0008221,21,19,female,9,20150624
user_0008222,1,30,female,3,20160621
user_0008223,18,28,male,7,20160826
user_0008224,19,43,male,4,20150523
user_0008225,1,28,male,4,20161111
user_0008226,10,15,male,4,20160906
user_0008227,14,39,male,7,20150313
user_0008228,12,36,,13,20150324
user_0008229,1,0,female,4,20150719
user_0008230,1,18,female,3,20160201
user_0008231,2,52,male,7,20150903
user_0008232,19,37,male,7,20151028
user_0008233,1,1000,male,4,20160615
user_0008234,21,42,female,7,20150716
user_0008235,1,24,female,7,20150619
user_0008236,1,31,female,7,20160326
user_0008237,1,29,male,3,20160101
user_0008238,1,28,male,7,20160428
user_0008239,10,34,male,4,20160117
user_0008240,17,1000,male,9,20150927
user_0008241,1,26,male,7,20161028
user_0008242,13,29,male,9,20150729
user_0008243,1,36,,9,20150121
user_0008244,1,17,male,3,20160824
user_0008245,6,27,female,3,20160113
user_0008246,1,23,male,7,20150125
user_0008247,2,1000,female,3,20160119
user_0008248,1,29,male,13,20161228
user_0008249,1,41,female,7,20151024
user_0008250,1,15,,4,20150820
user_0008251,20,44,male,7,20150308
user_0008252,1,33,female,3,20151022
user_0008253,1,19,male,7,20151102
user_0008254,7,35,,13,20150202
user_0008255,9,46,female,3,20160701
user_0008256,5,39,male,13,20160604
user_0008257,1,29,male,3,20170120
user_0008258,1,30,male,4,20150902
user_0008259,1,37,,13,20161231
user_0008260,1,25,female,9,20151102
user_0008261,17,43,male,4,20161127
user_0008262,1,0,female,13,20160406
user_0008263,20,2015,female,3,20161102
user_0008264,16,22,female,7,20150702
user_0008265,16,15,female,4,20150222
user_0008266,3,40,male,9,20151015
user_0008267,1,32,male,3,20161122
user_0008268,14,21,female,3,20160822
user_0008269,2,36,female,4,20150706
user_0008270,17,40,male,3,20150110
user_0008271,1,38,female,7,20160929
user_0008272,1,27,male,9,20160604
user_0008273,1,19,male,9,20160720
user_0008274,1,36,female,3,20150322
user_0008275,20,0,,4,20160925
user_0008276,1,38,female,13,20150131
user_0008277,1,40,male,3,20160105
user_0008278,2,27,male,7,20161114
user_0008279,12,29,female,3,20151120
user_0008280,19,19,,9,20160213
user_0008281,20,48,female,7,20160401
user_0008282,1,2015,female,9,20151217
user_0008283,6,35,male,3,20161018
user_0008284,9,22,,7,20160325
user_0008285,17,-1,,4,20160507
user_0008286,11,32,male,3,20151104
user_0008287,11,1000,,4,20151231
user_0008288,17,27,female,7,20150609
user_0008289,8,32,male,4,20150522
user_0008290,2,39,male,4,20161114
user_0008291,19,34,female,3,20160221
user_0008292,12,43,male,4,20160912
user_0008293,21,-1,male,4,20170120
user_0008294,21,21,,9,20160922
user_0008295,4,35,male,9,20150702
user_0008296,19,39,female,4,20150621
user_0008297,1,43,male,4,20160810
user_0008298,10,25,male,3,20161025
user_0008299,21,2015,female,4,20160902
user_0008300,11,32,female,3,20150910
user_0008301,1,18,,13,20161229
user_0008302,1,26,,4,20160623
user_0008303,7,0,male,3,20160905
user_0008304,1,2015,male,3,20150713
user_0008305,1,25,female,13,20160423
user_0008306,4,-1,female,3,20160307
user_0008307,2,24,female,4,20160113
user_0008308,8,19,male,13,20151220
user_0008309,3,32,,9,20151127
user_0008310,1,22,male,3,20170112
user_0008311,19,23,male,3,20160418
user_0008312,1,33,,4,20160608
user_0008313,1,27,,3,20150623
user_0008314,1,33,female,9,20150322
user_0008315,21,40,male,4,20150908
user_0008316,7,24,male,13,20150909
user_0008317,11,26,female,13,20161029
user_0008318,1,32,,9,20170106
user_0008319,3,33,male,4,20150308
user_0008320,15,30,female,4,20150203
user_0008321,11,25,male,4,20161206
user_0008322,1,30,female,7,20170101
user_0008323,13,29,female,9,20160702
user_0008324,1,26,,9,20150724
user_0008325,1,30,female,3,20150122
user_0008326,1,25,male,7,20161024
user_0008327,4,32,male,3,20160113
user_0008328,18,23,female,7,20161228
user_0008329,18,33,,3,20151207
user_0008330,1,46,male,9,20160227
user_0008331,6,17,female,7,20160429
user_0008332,19,34,male,3,20160620
user_0008333,1,1000,female,3,20151116
user_0008334,1,31,male,3,20160427
user_0008335,18,2015,male,4,20170114
user_0008336,4,26,female,9,20160526
user_0008337,10,34,,13,20151215
user_0008338,17,33,male,7,20151205
user_0008339,1,30,male,3,20150123
user_0008340,4,32,female,13,20150918
user_0008341,1,41,female,13,20150809
user_0008342,1,1000,male,3,20161102
user_0008343,7,33,female,7,20150723
user_0008344,1,35,,7,20151103
user_0008345,1,0,female,7,20150323
user_0008346,3,42,,7,20151125
user_0008347,1,2015,,3,20150217
user_0008348,1,32,female,3,20150624
user_0008349,18,39,male,3,20161004
user_0008350,17,28,female,7,20160317
user_0008351,8,36,,3,20150213
user_0008352,19,26,female,3,20161030
user_0008353,1,30,female,3,20150306
user_0008354,20,-1,male,3,20150126
user_0008355,1,40,male,4,20150301
user_0008356,7,41,male,3,20160610
user_0008357,19,42,male,4,20160506
user_0008358,1,46,male,3,20160307
user_0008359,1,38,female,9,20151216
user_0008360,9,29,female,3,20160727
user_0008361,21,45,female,7,20151103
user_0008362,16,45,female,7,20160527
user_0008363,1,27,male,3,20160809
user_0008364,8,17,female,3,20151118
user_0008365,20,0,male,4,20151230
user_0008366,15,45,male,4,20150516
user_0008367,4,23,male,7,20151120
user_0008368,15,45,female,3,20150614
user_0008369,5,37,male,3,20160628
user_0008370,16,46,male,7,20150304
user_0008371,4,29,male,3,20150913
user_0008372,1,33,female,9,20160927
user_0008373,1,2015,male,3,20150710
user_0008374,1,30,male,3,20161122
user_0008375,1,-1,female,7,20161019
user_0008376,13,25,male,3,20161031
user_0008377,1,21,female,13,20150118
user_0008378,9,35,female,13,20160929
user_0008379,1,36,male,9,20160428
user_0008380,1,24,,9,20150716
user_0008381,12,15,female,3,20150205
user_0008382,21,19,female,3,20160312
user_0008383,16,21,,4,20150404
user_0008384,13,37,male,4,20160313
user_0008385,1,36,male,4,20150626
user_0008386,1,-1,male,4,20160302
user_0008387,20,38,male,9,20150704
user_0008388,1,31,male,9,20150224
user_0008389,20,38,female,13,20160326
user_0008390,1,20,male,7,20151108
user_0008391,1,27,female,9,20160407
user_0008392,10,1000,female,3,20150118
user_0008393,1,20,,3,20161216
user_0008394,1,39,female,4,20150610
user_0008395,11,40,female,9,20160817
user_0008396,1,15,male,4,20160711
user_0008397,1,47,male,3,20150118
user_0008398,1,23,male,3,20170104
user_0008399,13,33,male,3,20151107
user_0008400,1,2015,female,9,20160929
user_0008401,1,1000,,3,20160726
user_0008402,2,-1,female,9,20150317
user_0008403,13,46,female,13,20170118
user_0008404,3,0,female,7,20150914
user_0008405,14,29,female,13,20151126
user_0008406,11,41,female,3,20161229
user_0008407,1,34,female,3,20150215
user_0008408,2,22,male,3,20160723
user_0008409,16,0,female,3,20150409
user_0008410,10,21,female,13,20170124
user_0008411,6,32,male,3,20160726
user_0008412,1,15,male,7,20160112
user_0008413,19,27,,3,20160812
user_0008414,12,31,female,4,20160420
user_0008415,1,28,female,4,20160306
user_0008416,20,0,female,7,20160502
user_0008417,4,25,male,3,20160510
user_0008418,1,38,female,3,20151115
user_0008419,4,32,female,3,20160906
user_0008420,3,46,female,3,20150306
user_0008421,11,36,female,9,20160206
user_0008422,1,0,female,13,20160229
user_0008423,1,2015,male,3,20150722
user_0008424,15,50,female,9,20160726
user_0008425,1,35,female,7,20160427
user_0008426,6,29,male,3,20150414
user_0008427,1,16,,3,20150328
user_0008428,1,16,male,9,20151228
user_0008429,1,1000,female,3,20160626
user_0008430,18,32,female,9,20160927
user_0008431,1,19,female,4,20151112
user_0008432,18,30,male,13,20161210
user_0008433,1,24,,4,20151116
user_0008434,21,24,female,3,20160603
user_0008435,17,18,female,7,20160415
user_0008436,2,39,male,4,20150408
user_0008437,11,2015,female,3,20160627
user_0008438,13,18,,9,20150128
user_0008439,11,-1,female,9,20151015
user_0008440,16,41,female,13,20160703
user_0008441,1,15,male,7,20161111
user_0008442,16,24,female,4,20151205
user_0008443,16,45,female,3,20161221
user_0008444,19,40,female,13,20151218
user_0008445,1,38,,7,20161231
user_0008446,16,17,,7,20150921
user_0008447,1,30,male,7,20161206
user_0008448,11,26,female,9,20150903
user_0008449,1,27,female,3,20160129
user_0008450,11,35,female,3,20150715
user_0008451,20,16,male,13,20150714
user_0008452,12,32,female,3,20160630
user_0008453,1,36,female,3,20161011
user_0008454,1,15,female,4,20160309
user_0008455,17,16,male,3,20160215
user_0008456,1,36,female,3,20160521
user_0008457,8,32,male,9,20150817
user_0008458,17,32,male,7,20160714
user_0008459,1,24,female,4,20160125
user_0008460,18,34,female,3,20160118
user_0008461,7,20,female,4,20151117
user_0008462,1,32,male,3,20150618
user_0008463,1,33,,4,20151224
user_0008464,1,44,female,4,20150910
user_0008465,1,27,female,4,20161225
user_0008466,14,15,male,3,20160427
user_0008467,3,1000,male,9,20160115
user_0008468,3,35,male,4,20160127
user_0008469,6,26,male,9,20151001
user_0008470,1,1000,,3,20160912
user_0008471,12,38,,3,20160723
user_0008472,8,26,male,3,20150307
user_0008473,19,37,,9,20161011
user_0008474,1,31,female,3,20161103
user_0008475,1,16,male,9,20160618
user_0008476,3,29,female,7,20150818
user_0008477,1,28,female,3,20150301
user_0008478,1,-1,male,3,20150731
user_0008479,14,35,,3,20150911
user_0008480,2,35,male,4,20160811
user_0008481,16,21,male,7,20161201
user_0008482,1,32,female,3,20160907
user_0008483,1,2015,,13,20160323
user_0008484,7,15,female,3,20160927
user_0008485,6,27,male,9,20150307
user_0008486,7,19,,3,20151002
user_0008487,12,31,male,13,20160618
user_0008488,10,30,male,3,20151009
user_0008489,5,37,female,13,20160616
user_0008490,20,2015,male,4,20160129
user_0008491,6,31,female,3,20150715
user_0008492,1,29,female,3,20150527
user_0008493,18,38,male,3,20160701
user_0008494,12,20,male,4,20160324
user_0008495,4,29,female,13,20150623
user_0008496,9,22,female,13,20160320
user_0008497,1,36,female,3,20161228
user_0008498,1,33,female,4,20160729
user_0008499,1,-1,female,3,20160429
user_0008500,10,15,female,3,20160210
user_0008501,2,41,female,7,20150429
user_0008502,1,34,male,4,20160324
user_0008503,1,-1,,9,20160225
user_0008504,1,37,male,9,20160528
user_0008505,1,27,male,3,20161012
user_0008506,6,30,male,7,20161204
user_0008507,12,36,male,9,20150505
user_0008508,1,38,female,7,20160910
user_0008509,19,45,female,4,20161022
user_0008510,6,24,,4,20151105
user_0008511,8,0,male,4,20161101
user_0008512,15,1000,male,4,20170101
user_0008513,13,55,female,4,20150326
user_0008514,3,0,male,9,20150819
user_0008515,4,30,male,3,20161009
user_0008516,11,50,male,4,20151106
user_0008517,1,26,male,4,20150118
user_0008518,19,-1,male,9,20150924
user_0008519,5,1000,male,3,20160417
user_0008520,2,32,male,4,20150722
user_0008521,6,42,male,7,20160313
user_0008522,9,2015,male,4,20160903
user_0008523,18,25,male,9,20161228
user_0008524,1,28,,4,20160707
user_0008525,19,2015,male,3,20160330
user_0008526,8,37,male,3,20160429
user_0008527,18,29,female,3,20151212
user_0008528,10,29,,4,20150819
user_0008529,16,15,male,3,20150526
user_0008530,1,31,female,3,20160526
user_0008531,4,2015,female,9,20160701
user_0008532,1,34,male,9,20160617
user_0008533,1,49,,7,20161021
user_0008534,8,46,,7,20160831
user_0008535,1,-1,male,9,20150915
user_0008536,1,33,female,9,20160113
user_0008537,10,34,,3,20161227
user_0008538,1,31,female,9,20160808
user_0008539,11,38,female,3,20160921
user_0008540,4,31,male,3,20150831
user_0008541,18,15,female,9,20151105
user_0008542,13,33,,3,20160712
user_0008543,7,45,male,13,20150619
user_0008544,1,26,male,13,20160208
user_0008545,18,16,male,3,20151001
user_0008546,4,-1,female,7,20160926
user_0008547,21,37,female,13,20160217
user_0008548,1,37,male,4,20150112
user_0008549,3,41,,4,20150320
user_0008550,12,22,female,4,20150618
user_0008551,1,41,male,4,20161227
user_0008552,1,35,male,4,20170128
user_0008553,7,27,female,7,20151015
user_0008554,1,43,male,13,20161222
user_0008555,16,1000,female,3,20150618
user_0008556,10,36,male,3,20150104
user_0008557,1,26,,3,20160409
user_0008558,7,39,female,3,20170125
user_0008559,19,25,male,3,20160719
user_0008560,8,44,male,9,20160324
user_0008561,7,30,female,3,20150428
user_0008562,1,32,male,7,20161205
user_0008563,11,1000,male,3,20151011
user_0008564,7,63,male,13,20161126
user_0008565,11,16,male,3,20151106
user_0008566,1,32,female,4,20160407
user_0008567,20,34,,3,20161004
user_0008568,19,2015,male,3,20160501
user_0008569,1,40,male,3,20150716
user_0008570,4,15,male,4,20150828
user_0008571,8,1000,male,3,20150927
user_0008572,11,-1,female,3,20150613
user_0008573,1,53,,9,20150530
user_0008574,16,0,female,3,20160107
user_0008575,20,36,female,3,20160112
user_0008576,1,0,male,7,20151023
user_0008577,1,34,male,4,20151025
user_0008578,6,48,,7,20150731
user_0008579,12,37,,3,20160616
user_0008580,21,27,male,3,20160928
user_0008581,5,19,male,7,20151003
user_0008582,20,45,male,4,20160322
user_0008583,1,29,male,9,20150515
user_0008584,1,32,male,3,20151028
user_0008585,20,1000,male,3,20150417
user_0008586,20,2015,male,3,20160207
user_0008587,1,29,female,3,20160618
user_0008588,7,36,,3,20150914
user_0008589,13,41,male,4,20150426
user_0008590,14,17,,3,20160716
user_0008591,9,30,male,13,20150509
user_0008592,3,0,,3,20160405
user_0008593,3,1000,female,13,20160619
user_0008594,1,26,female,3,20151021
user_0008595,4,44,male,4,20160725
user_0008596,4,35,male,13,20161106
user_0008597,1,22,female,9,20150213
user_0008598,21,37,female,13,20160615
user_0008599,3,40,male,4,20150324
user_0008600,1,1000,,3,20160913
user_0008601,12,19,male,7,20150721
user_0008602,13,2015,female,7,20160302
user_0008603,18,27,female,3,20150921
user_0008604,3,30,male,3,20150614
user_0008605,19,20,male,13,20160120
user_0008606,19,35,female,7,20160822
user_0008607,17,37,,9,20150507
user_0008608,5,43,male,3,20160814
user_0008609,20,19,female,13,20161205
user_0008610,17,40,male,3,20161211
user_0008611,15,30,,3,20150502
user_0008612,1,43,female,3,20150220
user_0008613,6,25,female,3,20161109
user_0008614,1,27,,3,20151204
user_0008615,20,31,male,9,20150731
user_0008616,1,17,,9,20150316
user_0008617,14,26,male,3,20160318
user_0008618,3,34,,4,20161119
user_0008619,18,34,female,9,20151206
user_0008620,13,39,female,3,20160715
user_0008621,1,42,female,4,20150513
user_0008622,1,15,male,3,20151201
user_0008623,1,35,male,4,20150329
user_0008624,7,33,female,3,20160322
user_0008625,2,21,male,9,20151204
user_0008626,17,29,male,3,20161114
user_0008627,15,27,,3,20151126
user_0008628,2,51,female,9,20160519
user_0008629,16,30,male,3,20150129
user_0008630,16,32,,4,20150629
user_0008631,15,44,female,7,20151002
user_0008632,1,29,male,3,20160523
user_0008633,14,41,male,13,20150121
user_0008634,13,19,male,3,20161002
user_0008635,10,43,female,3,20150216
user_0008636,3,25,,3,20160527
user_0008637,17,30,female,9,20160713
user_0008638,9,18,male,3,20151123
user_0008639,1,2015,male,9,20161121
user_0008640,14,36,male,4,20151110
user_0008641,1,-1,male,13,20150530
user_0008642,7,0,male,3,20150914
user_0008643,1,34,male,9,20151209
user_0008644,8,38,,13,20150124
user_0008645,17,30,male,7,20161128
user_0008646,1,29,female,3,20150518
user_0008647,19,30,,13,20150829
user_0008648,16,37,female,9,20151215
user_0008649,1,37,male,3,20150511
user_0008650,1,0,female,13,20160824
user_0008651,1,19,female,3,20160617
user_0008652,15,18,,3,20150211
user_0008653,13,21,male,3,20150705
user_0008654,19,42,male,4,20160303
user_0008655,13,1000,,4,20160110
user_0008656,18,34,,3,20160304
user_0008657,6,39,,4,20150819
user_0008658,5,39,female,9,20170129
user_0008659,8,33,male,3,20151026
user_0008660,1,31,female,7,20161201
user_0008661,1,15,male,3,20150607
user_0008662,7,28,female,4,20150930
user_0008663,21,22,female,3,20150114
user_0008664,2,45,,3,20160522
user_0008665,15,31,male,3,20151017
user_0008666,9,15,female,4,20160615
user_0008667,20,-1,,4,20161024
user_0008668,9,35,female,7,20150813
user_0008669,1,23,female,3,20160601
user_0008670,18,48,female,13,20151230
user_0008671,1,45,male,3,20161031
user_0008672,12,23,male,3,20150826
user_0008673,1,27,,7,20150831
user_0008674,3,1000,,3,20150530
user_0008675,12,27,female,3,20150112
user_0008676,5,35,male,4,20160508
user_0008677,3,35,male,7,20150609
user_0008678,7,0,male,9,20150101
user_0008679,2,37,male,3,20150807
user_0008680,20,-1,female,7,20160927
user_0008681,13,2015,male,3,20161106
user_0008682,19,1000,female,9,20160709
user_0008683,17,15,,7,20161124
user_0008684,20,44,male,9,20150628
user_0008685,20,47,male,3,20150706
user_0008686,14,36,female,4,20160505
user_0008687,1,35,male,7,20150711
user_0008688,16,26,,3,20150822
user_0008689,13,36,male,9,20151124
user_0008690,17,0,,7,20161108
user_0008691,19,31,male,9,20150720
user_0008692,1,31,,3,20161214
user_0008693,10,51,female,7,20160918
user_0008694,1,43,female,4,20160527
user_0008695,1,31,male,3,20160615
user_0008696,7,32,female,3,20150607
user_0008697,1,31,male,9,20161212
user_0008698,1,26,male,4,20150310
user_0008699,8,1000,male,3,20151114
user_0008700,14,31,,3,20161115
user_0008701,1,15,male,7,20170127
user_0008702,10,2015,female,3,20150308
user_0008703,10,26,male,3,20151105
user_0008704,1,31,female,7,20150301
user_0008705,3,28,female,9,20150630
user_0008706,1,43,male,7,20170108
user_0008707,1,29,female,13,20160920
user_0008708,1,38,female,3,20150614
user_0008709,1,22,,3,20160605
user_0008710,1,28,male,3,20160508
user_0008711,1,43,,3,20151203
user_0008712,12,32,female,3,20161214
user_0008713,5,33,female,9,20160425
user_0008714,9,17,male,3,20150703
user_0008715,14,32,male,4,20150203
user_0008716,1,2015,male,4,20150607
user_0008717,1,38,female,13,20160225
user_0008718,1,15,,3,20160724
user_0008719,1,33,female,7,20150114
user_0008720,6,36,,3,20160118
user_0008721,20,36,male,9,20160204
user_0008722,15,24,,4,20150318
user_0008723,19,30,female,3,20161011
user_0008724,1,36,male,4,20161107
user_0008725,15,22,male,3,20150303
user_0008726,1,33,,3,20170119
user_0008727,15,26,male,3,20150819
user_0008728,1,56,male,3,20150517
user_0008729,1,20,female,7,20150908
user_0008730,12,34,male,4,20150110
user_0008731,1,31,female,7,20150310
user_0008732,1,30,female,4,20150923
user_0008733,1,34,female,4,20160219
user_0008734,18,37,female,4,20160708
user_0008735,1,42,female,4,20160911
user_0008736,10,25,female,9,20151128
user_0008737,10,20,female,3,20160408
user_0008738,12,29,male,3,20160405
user_0008739,1,1000,male,3,20150318
user_0008740,12,36,male,3,20161104
user_0008741,11,43,,4,20150627
user_0008742,6,2015,female,4,20161003
user_0008743,1,33,,7,20151228
user_0008744,21,27,,7,20151224
user_0008745,1,30,female,3,20160714
user_0008746,2,34,male,4,20151207
user_0008747,1,50,male,3,20151012
user_0008748,1,16,female,3,20161017
user_0008749,2,2015,female,4,20170126
user_0008750,1,21,female,7,20150222
user_0008751,2,31,,3,20160114
user_0008752,1,40,female,4,20150502
user_0008753,11,29,male,3,20170127
user_0008754,13,30,female,7,20161010
user_0008755,1,2015,female,4,20160907
user_0008756,7,28,female,3,20150517
user_0008757,18,33,male,4,20150525
user_0008758,1,42,,3,20150807
user_0008759,1,27,female,3,20161113
user_0008760,8,2015,female,7,20161012
user_0008761,1,29,female,4,20151126
user_0008762,1,36,female,13,20160425
user_0008763,2,36,female,9,20161219
user_0008764,12,15,male,9,20161104
user_0008765,11,-1,male,4,20151026
user_0008766,1,46,female,9,20161231
user_0008767,15,51,male,3,20160818
user_0008768,7,25,male,7,20161122
user_0008769,3,51,female,3,20160714
user_0008770,18,36,female,9,20150525
user_0008771,1,19,male,3,20150720
user_0008772,1,29,male,4,20151109
user_0008773,13,43,female,3,20150223
user_0008774,1,1000,male,3,20151228
user_0008775,1,32,male,4,20150512
user_0008776,4,29,male,3,20160422
user_0008777,1,18,female,7,20151023
user_0008778,10,29,male,4,20150710
user_0008779,10,17,male,3,20161121
user_0008780,1,33,female,4,20160203
user_0008781,1,1000,male,4,20160201
user_0008782,1,33,male,3,20150107
user_0008783,1,44,male,7,20161130
user_0008784,21,25,,7,20160616
user_0008785,12,15,female,9,20160929
user_0008786,11,19,female,13,20161006
user_0008787,17,40,male,3,20161119
user_0008788,13,20,,7,20150417
user_0008789,10,38,female,7,20160310
user_0008790,1,24,male,3,20160301
user_0008791,12,45,female,7,20160502
user_0008792,14,29,male,3,20150814
user_0008793,1,22,female,4,20160514
user_0008794,1,46,female,7,20160618
user_0008795,1,43,female,4,20161228
user_0008796,12,24,male,3,20150919
user_0008797,5,33,male,9,20161010
user_0008798,8,29,male,3,20160101
user_0008799,15,45,female,7,20160329
user_0008800,19,34,female,3,20150929
user_0008801,12,-1,female,13,20160415
user_0008802,6,36,male,13,20160218
user_0008803,8,17,female,7,20160315
user_0008804,1,2015,female,9,20150629
user_0008805,9,29,male,7,20160605
user_0008806,14,37,,7,20151001
user_0008807,16,28,male,7,20160929
user_0008808,10,1000,male,9,20150816
user_0008809,20,2015,female,3,20150116
user_0008810,9,34,female,7,20150423
user_0008811,18,0,female,3,20160420
user_0008812,1,25,male,4,20150220
user_0008813,12,43,male,3,20160611
user_0008814,7,1000,,7,20151016
user_0008815,1,35,female,7,20150323
user_0008816,1,29,male,9,20170126
user_0008817,15,41,male,9,20150426
user_0008818,6,-1,female,3,20161207
user_0008819,1,36,female,3,20160703
user_0008820,20,17,male,3,20150421
user_0008821,1,33,male,7,20150924
user_0008822,4,45,female,3,20150302
user_0008823,1,47,female,13,20160718
user_0008824,6,31,female,3,20150104
user_0008825,1,15,male,13,20170121
user_0008826,19,2015,female,7,20161122
user_0008827,19,20,male,7,20160705
user_0008828,15,21,male,7,20160324
user_0008829,6,0,male,9,20160227
user_0008830,8,40,,3,20160306
user_0008831,12,22,male,9,20150308
user_0008832,13,21,female,9,20150605
user_0008833,5,29,female,7,20160922
user_0008834,8,42,female,7,20150318
user_0008835,9,42,male,3,20160620
user_0008836,10,30,male,4,20150423
user_0008837,1,0,male,4,20150627
user_0008838,18,-1,male,3,20160902
user_0008839,3,-1,female,3,20161006
user_0008840,10,37,female,13,20160605
user_0008841,13,21,male,9,20160917
user_0008842,5,44,female,3,20150722
user_0008843,1,34,male,4,20161005
user_0008844,8,1000,male,4,20161202
user_0008845,1,31,male,13,20151027
user_0008846,1,40,male,4,20151005
user_0008847,6,39,male,7,20160714
user_0008848,18,27,male,9,20160404
user_0008849,4,28,,3,20160402
user_0008850,15,40,male,4,20161210
user_0008851,1,23,female,13,20150725
user_0008852,9,39,female,9,20161006
user_0008853,17,2015,female,13,20150609
user_0008854,18,45,,3,20160420
user_0008855,18,25,male,7,20150731
user_0008856,17,52,male,3,20151215
user_0008857,1,1000,,9,20150104
user_0008858,8,21,male,9,20170122
user_0008859,1,28,male,3,20150225
user_0008860,18,1000,,4,20150830
user_0008861,6,31,female,4,20160620
user_0008862,1,19,,13,20151004
user_0008863,17,23,male,4,20161203
user_0008864,5,1000,male,3,20150921
user_0008865,15,15,male,4,20161115
user_0008866,1,18,male,3,20160223
user_0008867,11,40,female,3,20161007
user_0008868,7,36,male,4,20160901
user_0008869,10,27,female,4,20150903
user_0008870,7,31,male,3,20150217
user_0008871,5,51,male,3,20150626
user_0008872,1,19,female,3,20160602
user_0008873,1,36,,3,20151108
user_0008874,16,27,male,4,20150226
user_0008875,13,47,female,3,20160527
user_0008876,1,1000,male,3,20150523
user_0008877,4,26,female,3,20161116
user_0008878,10,34,male,7,20160727
user_0008879,1,36,male,13,20151219
user_0008880,12,23,,7,20160813
user_0008881,12,37,male,3,20161111
user_0008882,12,37,male,9,20160527
user_0008883,1,15,female,9,20161019
user_0008884,12,33,,9,20151222
user_0008885,1,35,male,7,20151101
user_0008886,1,41,male,3,20160213
user_0008887,9,27,,4,20150407
user_0008888,1,20,male,4,20160824
user_0008889,1,19,female,3,20160501
user_0008890,1,27,male,4,20160830
user_0008891,1,34,,3,20151102
user_0008892,13,2015,female,13,20160307
user_0008893,7,24,,7,20161119
user_0008894,20,22,female,9,20161129
user_0008895,6,33,male,3,20160116
user_0008896,17,30,,7,20151214
user_0008897,1,15,female,9,20160226
user_0008898,1,42,male,4,20160731
user_0008899,1,27,female,3,20160410
user_0008900,6,35,male,4,20161121
user_0008901,11,1000,male,4,20150830
user_0008902,1,20,male,4,20151013
user_0008903,1,25,,3,20150615
user_0008904,1,0,female,7,20161224
user_0008905,14,22,male,9,20160227
user_0008906,15,45,male,3,20160226
user_0008907,9,22,male,9,20150317
user_0008908,1,38,female,3,20161208
user_0008909,1,21,female,7,20160401
user_0008910,5,33,female,3,20150513
user_0008911,10,35,,4,20160225
user_0008912,16,40,male,3,20150214
user_0008913,1,32,female,3,20161207
user_0008914,11,29,female,3,20150814
user_0008915,13,45,female,13,20150129
user_0008916,10,36,male,4,20150704
user_0008917,9,26,male,13,20150709
user_0008918,21,31,,4,20160901
user_0008919,1,-1,,9,20150705
user_0008920,9,37,male,4,20151228
user_0008921,1,47,female,13,20161203
user_0008922,1,24,,4,20160821
user_0008923,4,42,female,3,20160109
user_0008924,1,34,male,3,20150724
user_0008925,16,33,male,3,20161230
user_0008926,19,2015,,3,20160729
user_0008927,20,40,female,7,20160207
user_0008928,1,30,male,3,20151017
user_0008929,5,18,male,9,20150612
user_0008930,21,-1,,3,20150205
user_0008931,17,25,male,13,20150219
user_0008932,1,43,male,3,20150106
user_0008933,1,22,female,3,20160429
user_0008934,13,37,female,3,20160210
user_0008935,8,0,female,3,20161206
user_0008936,16,20,male,4,20160716
user_0008937,5,47,male,9,20151222
user_0008938,3,38,female,3,20150519
user_0008939,1,29,male,3,20161217
user_0008940,17,26,male,3,20151214
user_0008941,15,16,male,7,20151107
user_0008942,19,34,female,3,20160412
user_0008943,13,20,,4,20150106
user_0008944,6,15,male,9,20160319
user_0008945,20,-1,male,3,20161119
user_0008946,1,18,male,3,20160414
user_0008947,21,25,male,3,20151203
user_0008948,1,33,female,13,20150302
user_0008949,1,36,male,3,20150927
user_0008950,9,23,male,9,20160405
user_0008951,1,1000,female,3,20170126
user_0008952,4,37,male,3,20150224
user_0008953,20,15,male,7,20151202
user_0008954,1,-1,female,7,20160329
user_0008955,1,1000,male,3,20150512
user_0008956,13,32,male,7,20150724
user_0008957,12,43,male,3,20151001
user_0008958,1,1000,female,9,20150819
user_0008959,3,46,,4,20160303
user_0008960,1,0,female,13,20161004
user_0008961,17,27,male,4,20161221
user_0008962,15,40,female,4,20161222
user_0008963,1,1000,male,9,20160925
user_0008964,1,25,male,4,20151025
user_0008965,21,32,male,3,20151109
user_0008966,1,39,,7,20161119
user_0008967,18,29,male,3,20161128
user_0008968,3,43,male,7,20160523
user_0008969,1,-1,,13,20160419
user_0008970,20,15,female,7,20150625
user_0008971,1,39,female,9,20150711
user_0008972,14,15,female,3,20150117
user_0008973,7,35,male,3,20150531
user_0008974,7,46,male,3,20160510
user_0008975,1,-1,,3,20150213
user_0008976,1,50,female,3,20151224
user_0008977,1,15,male,3,20150601
user_0008978,6,25,male,3,20151226
user_0008979,14,44,female,7,20150517
user_0008980,10,1000,male,7,20161025
user_0008981,16,27,female,7,20150508
user_0008982,2,32,female,7,20161220
user_0008983,20,24,female,9,20150514
user_0008984,1,39,male,7,20150805
user_0008985,1,37,female,4,20151014
user_0008986,13,38,,4,20160128
user_0008987,12,33,female,3,20150122
user_0008988,1,28,female,3,20160522
user_0008989,1,2015,,9,20150703
user_0008990,19,24,male,3,20160725
user_0008991,19,34,,9,20160408
user_0008992,14,46,female,4,20150510
user_0008993,13,53,female,3,20160109
user_0008994,16,37,male,9,20161115
user_0008995,20,51,female,7,20160413
user_0008996,19,2015,male,13,20150308
user_0008997,6,1000,female,4,20160510
user_0008998,6,16,female,13,20151221
user_0008999,17,46,male,4,20160628
user_0009000,20,20,female,3,20161231
user_0009001,1,2015,male,4,20150516
user_0009002,1,44,male,7,20150819
user_0009003,21,43,male,9,20160706
user_0009004,4,31,female,9,20160527
user_0009005,19,43,male,13,20160909
user_0009006,15,23,,4,20150831
user_0009007,20,46,female,4,20160621
user_0009008,1,30,female,4,20161203
user_0009009,11,25,male,13,20160130
user_0009010,1,50,female,3,20160621
user_0009011,16,35,male,3,20150327
user_0009012,1,1000,male,4,20160205
user_0009013,1,28,female,7,20150627
user_0009014,14,33,,9,20150928
user_0009015,13,23,female,13,20151230
user_0009016,15,44,,7,20150617
user_0009017,1,43,male,9,20150916
user_0009018,9,40,female,9,20160414
user_0009019,1,39,male,9,20151030
user_0009020,1,0,male,4,20160513
user_0009021,7,40,,13,20150719
user_0009022,8,40,male,9,20150731
user_0009023,3,31,male,3,20151225
user_0009024,3,36,male,3,20160104
user_0009025,19,27,male,13,20160903
user_0009026,1,39,female,7,20151006
user_0009027,10,37,female,3,20150310
user_0009028,21,30,female,9,20160331
user_0009029,8,0,male,3,20170109
user_0009030,1,37,male,4,20150520
user_0009031,1,34,male,4,20150504
user_0009032,1,-1,female,3,20150705
user_0009033,6,0,female,3,20161003
user_0009034,6,1000,male,3,20160718
user_0009035,12,28,,3,20150620
user_0009036,1,31,male,3,20151207
user_0009037,7,40,female,7,20150715
user_0009038,1,42,female,3,20150623
user_0009039,21,-1,female,7,20161105
user_0009040,4,39,male,13,20160527
user_0009041,11,31,male,9,20161225
user_0009042,5,31,male,7,20150312
user_0009043,21,25,male,9,20160226
user_0009044,14,27,,3,20160222
user_0009045,2,25,female,13,20160716
user_0009046,1,20,male,4,20160602
user_0009047,1,1000,female,4,20150715
user_0009048,4,25,female,7,20150123
user_0009049,17,23,,3,20150315
user_0009050,1,43,female,4,20160505
user_0009051,2,31,male,3,20150915
user_0009052,13,25,male,9,20150924
user_0009053,3,25,female,4,20150822
user_0009054,10,1000,male,3,20160722
user_0009055,14,33,female,13,20150901
user_0009056,6,28,female,4,20161107
user_0009057,9,36,male,7,20160426
user_0009058,1,32,male,9,20150820
user_0009059,1,0,female,7,20150526
user_0009060,1,2015,male,4,20150322
user_0009061,1,37,,3,20151012
user_0009062,21,31,female,3,20161206
user_0009063,6,43,female,7,20160307
user_0009064,7,29,male,3,20150517
user_0009065,9,37,female,3,20170106
user_0009066,16,28,male,9,20150503
user_0009067,19,40,female,9,20160229
user_0009068,4,46,female,9,20150212
user_0009069,1,30,,3,20160614
user_0009070,5,27,male,13,20160221
user_0009071,14,34,male,3,20160106
user_0009072,20,30,male,9,20150113
user_0009073,1,1000,female,7,20160825
user_0009074,3,0,female,13,20160305
user_0009075,12,34,,13,20150206
user_0009076,1,45,male,4,20161003
user_0009077,12,25,male,3,20151103
user_0009078,13,37,female,9,20151221
user_0009079,13,47,male,3,20150608
user_0009080,1,19,female,3,20160801
user_0009081,9,34,male,4,20150927
user_0009082,1,24,male,3,20160424
user_0009083,8,36,female,4,20150817
user_0009084,1,39,female,3,20160805
user_0009085,10,32,female,4,20160618
user_0009086,1,29,male,9,20170120
user_0009087,10,27,,13,20160409
user_0009088,21,30,male,13,20150104
user_0009089,1,-1,male,7,20160517
user_0009090,7,1000,male,7,20160322
user_0009091,1,40,male,4,20151129
user_0009092,10,35,female,9,20151008
user_0009093,16,40,female,3,20150516
user_0009094,1,40,female,3,20151123
user_0009095,1,48,male,3,20150620
user_0009096,17,2015,male,4,20160223
user_0009097,8,27,,3,20160217
user_0009098,2,36,female,7,20160703
user_0009099,9,20,,3,20150708
user_0009100,4,31,male,7,20160424
user_0009101,10,20,female,4,20151202
user_0009102,5,15,,7,20170108
user_0009103,20,39,male,7,20161208
user_0009104,1,2015,,9,20160512
user_0009105,1,36,male,4,20150819
user_0009106,1,32,male,4,20161215
user_0009107,12,1000,male,3,20150322
user_0009108,1,41,male,4,20160514
user_0009109,1,38,female,3,20170104
user_0009110,14,30,male,13,20160726
user_0009111,4,37,male,13,20160913
user_0009112,5,26,male,3,20160526
user_0009113,1,28,female,3,20150325
user_0009114,11,37,female,4,20160121
user_0009115,21,37,male,4,20161109
user_0009116,7,2015,female,4,20161215
user_0009117,21,2015,female,3,20160331
user_0009118,18,38,female,7,20161002
user_0009119,19,28,female,4,20150523
user_0009120,1,28,,4,20160609
user_0009121,6,35,male,3,20160723
user_0009122,21,1000,,4,20160704
user_0009123,4,30,,3,20151122
user_0009124,1,23,female,9,20160829
user_0009125,2,42,female,4,20161204
user_0009126,4,35,female,3,20160712
user_0009127,1,-1,female,7,20161230
user_0009128,5,1000,female,9,20160422
user_0009129,1,37,female,3,20150223
user_0009130,12,15,,4,20150320
user_0009131,1,35,female,13,20161017
user_0009132,19,26,male,9,20160520
user_0009133,2,22,,4,20150205
user_0009134,17,30,male,3,20160223
user_0009135,3,34,female,9,20161115
user_0009136,6,26,male,3,20160531
user_0009137,1,35,male,3,20160107
user_0009138,8,35,female,4,20151117
user_0009139,1,35,male,4,20150307
user_0009140,20,32,female,4,20151107
user_0009141,1,23,female,7,20151101
user_0009142,9,1000,,9,20161205
user_0009143,15,26,female,4,20150906
user_0009144,4,23,male,3,20150315
user_0009145,13,22,male,9,20160613
user_0009146,20,35,female,3,20161123
user_0009147,1,40,female,9,20160622
user_0009148,6,24,,7,20161217
user_0009149,7,21,male,9,20151007
user_0009150,1,26,,7,20150417
user_0009151,13,27,female,3,20160627
user_0009152,7,32,female,7,20160619
user_0009153,9,21,female,4,20150108
user_0009154,2,25,male,3,20160127
user_0009155,13,41,female,3,20150626
user_0009156,5,23,female,3,20150707
user_0009157,1,37,male,3,20150324
user_0009158,6,34,male,3,20160125
user_0009159,6,49,,9,20150502
user_0009160,13,21,female,13,20150111
user_0009161,16,31,male,13,20150811
user_0009162,3,2015,female,4,20150319
user_0009163,1,2015,female,4,20150517
user_0009164,20,28,,3,20160520
user_0009165,15,34,female,3,20160129
user_0009166,12,23,male,7,20151215
user_0009167,14,36,,4,20161231
user_0009168,1,18,male,4,20160612
user_0009169,1,45,,7,20161206
user_0009170,9,30,female,9,20150510
user_0009171,1,35,female,7,20160805
user_0009172,20,45,female,3,20151022
user_0009173,3,48,female,4,20160909
user_0009174,1,19,,9,20160713
user_0009175,8,24,male,9,20150419
user_0009176,1,1000,male,13,20160214
user_0009177,5,18,,4,20150305
user_0009178,7,37,male,4,20150729
user_0009179,12,43,female,3,20160517
user_0009180,21,20,male,4,20160419
user_0009181,1,45,male,4,20151117
user_0009182,5,25,female,9,20161106
user_0009183,1,33,male,9,20150527
user_0009184,7,0,female,3,20150126
user_0009185,1,30,female,3,20150306
user_0009186,1,45,male,4,20160908
user_0009187,14,0,female,7,20150821
user_0009188,13,31,male,3,20150406
user_0009189,4,36,female,7,20151208
user_0009190,1,36,male,4,20150618
user_0009191,1,35,female,9,20150118
user_0009192,18,53,male,3,20150724
user_0009193,8,35,,4,20151106
user_0009194,5,43,,3,20160726
user_0009195,18,25,female,4,20150501
user_0009196,9,34,,7,20151219
user_0009197,21,2015,male,4,20161026
user_0009198,1,28,female,4,20160307
user_0009199,15,0,male,9,20160707
user_0009200,7,23,male,7,20160603
user_0009201,11,34,male,3,20150610
user_0009202,1,31,female,13,20150330
user_0009203,1,1000,male,7,20150407
user_0009204,3,27,female,3,20150531
user_0009205,12,21,male,3,20160817
user_0009206,1,32,male,7,20151031
user_0009207,1,1000,female,4,20160731
user_0009208,19,35,female,4,20150708
user_0009209,1,33,,3,20170109
user_0009210,17,23,,7,20150125
user_0009211,2,35,male,9,20150416
user_0009212,19,43,,4,20150527
user_0009213,1,25,male,3,20160225
user_0009214,4,46,male,13,20150914
user_0009215,1,36,female,13,20160918
user_0009216,20,39,,3,20160616
user_0009217,4,32,male,4,20151206
user_0009218,1,27,female,4,20151114
user_0009219,1,44,female,3,20150709
user_0009220,16,0,,4,20150821
user_0009221,8,25,female,7,20150407
user_0009222,1,34,,3,20150518
user_0009223,8,24,,3,20150807
user_0009224,15,24,female,9,20150103
user_0009225,12,51,male,7,20151002
user_0009226,1,31,female,3,20150629
user_0009227,21,32,male,3,20160512
user_0009228,1,17,,4,20161219
user_0009229,1,25,male,13,20150301
user_0009230,15,22,female,9,20160321
user_0009231,1,44,male,3,20160726
user_0009232,11,38,male,7,20160208
user_0009233,1,0,female,3,20150408
user_0009234,1,32,female,9,20150614
user_0009235,8,30,,13,20150722
user_0009236,1,18,,3,20150314
user_0009237,1,31,,3,20151209
user_0009238,19,31,male,3,20160805
user_0009239,11,45,male,3,20150206
user_0009240,7,34,female,7,20150412
user_0009241,12,32,female,3,20150918
user_0009242,9,35,,3,20161123
user_0009243,12,43,female,3,20161223
user_0009244,3,20,male,7,20150104
user_0009245,17,26,female,7,20161223
user_0009246,1,33,female,3,20161109
user_0009247,11,26,female,4,20160906
user_0009248,1,32,female,7,20150901
user_0009249,3,26,male,7,20150816
user_0009250,1,61,female,7,20151127
user_0009251,2,-1,male,9,20160213
user_0009252,4,25,male,3,20170112
user_0009253,1,1000,female,9,20160912
user_0009254,14,44,female,4,20160714
user_0009255,11,19,male,3,20150101
user_0009256,9,45,,7,20150601
user_0009257,1,28,male,3,20151114
user_0009258,1,23,male,7,20161015
user_0009259,3,28,male,3,20160207
user_0009260,1,15,,4,20150123
user_0009261,13,27,,4,20160420
user_0009262,1,35,,7,20150307
user_0009263,9,39,female,3,20150630
user_0009264,2,21,male,7,20160222
user_0009265,11,30,male,3,20150915
user_0009266,17,35,female,9,20150416
user_0009267,6,25,male,3,20170128
user_0009268,4,0,,3,20160605
user_0009269,6,31,female,3,20150302
user_0009270,2,15,male,4,20151226
user_0009271,16,32,,3,20160918
user_0009272,1,16,,4,20161205
user_0009273,1,2015,female,3,20160320
user_0009274,1,23,,4,20150402
user_0009275,13,32,female,9,20170122
user_0009276,1,30,female,13,20151011
user_0009277,15,47,female,3,20160318
user_0009278,18,20,female,13,20161020
user_0009279,1,35,male,4,20151102
user_0009280,20,39,female,7,20150803
user_0009281,1,0,,13,20170103
user_0009282,10,31,female,3,20151128
user_0009283,1,40,male,4,20160401
user_0009284,1,34,male,9,20160104
user_0009285,12,44,male,4,20160329
user_0009286,11,41,female,9,20160219
user_0009287,16,16,female,9,20160923
user_0009288,19,0,male,13,20150414
user_0009289,1,39,,7,20150920
user_0009290,1,25,female,3,20150130
user_0009291,1,56,female,9,20160331
user_0009292,1,-1,female,3,20160907
user_0009293,1,35,,3,20160822
user_0009294,10,30,male,3,20150827
user_0009295,1,41,female,3,20150616
user_0009296,10,24,female,3,20170108
user_0009297,11,2015,male,7,20150706
user_0009298,1,39,,9,20150406
user_0009299,9,2015,male,3,20160727
user_0009300,7,36,male,3,20150714
user_0009301,14,2015,male,7,20161011
user_0009302,1,31,female,3,20150902
user_0009303,1,39,female,4,20160619
user_0009304,18,42,male,9,20160602
user_0009305,1,-1,male,3,20160502
user_0009306,1,35,female,4,20150422
user_0009307,11,-1,male,3,20150413
user_0009308,1,2015,,7,20160401
user_0009309,1,0,female,3,20161005
user_0009310,1,-1,male,9,20151214
user_0009311,14,27,female,4,20170118
user_0009312,14,37,male,13,20160209
user_0009313,17,32,male,3,20161103
user_0009314,1,36,male,4,20150129
user_0009315,10,22,male,3,20160206
user_0009316,1,-1,male,3,20160610
user_0009317,1,53,male,4,20150407
user_0009318,1,25,,9,20150306
user_0009319,1,30,male,4,20151205
user_0009320,17,15,female,9,20160810
user_0009321,1,35,female,9,20161127
user_0009322,1,32,male,3,20160310
user_0009323,1,23,female,3,20160528
user_0009324,1,0,,9,20160904
user_0009325,19,43,female,7,20150427
user_0009326,1,-1,male,4,20161210
user_0009327,3,1000,female,4,20161224
user_0009328,14,-1,male,4,20150403
user_0009329,5,32,female,3,20160513
user_0009330,10,19,female,3,20160214
user_0009331,11,29,male,3,20160802
user_0009332,1,34,female,3,20150815
user_0009333,8,34,male,3,20150324
user_0009334,1,2015,male,9,20150522
user_0009335,5,2015,female,7,20160404
user_0009336,1,22,male,7,20160604
user_0009337,19,31,male,4,20160825
user_0009338,16,44,female,13,20150301
user_0009339,12,15,male,3,20150503
user_0009340,21,21,female,7,20160704
user_0009341,20,43,female,4,20150729
user_0009342,12,21,female,13,20160420
user_0009343,20,41,male,3,20161023
user_0009344,19,43,male,3,20160602
user_0009345,9,39,female,7,20160209
user_0009346,5,42,female,9,20161113
user_0009347,1,26,,7,20160815
user_0009348,16,26,male,9,20150607
user_0009349,15,29,male,3,20160809
user_0009350,10,34,male,7,20160114
user_0009351,21,30,male,4,20160204
user_0009352,2,36,,9,20160204
user_0009353,17,1000,male,4,20151119
user_0009354,12,30,female,3,20160322
user_0009355,7,44,male,3,20160717
user_0009356,15,26,female,4,20160121
user_0009357,1,2015,male,13,20151014
user_0009358,21,-1,male,7,20161020
user_0009359,17,44,male,7,20160528
user_0009360,1,-1,female,4,20151022
user_0009361,14,2015,male,4,20150311
user_0009362,1,15,,13,20160819
user_0009363,14,1000,female,4,20160720
user_0009364,1,40,male,3,20170128
user_0009365,8,1000,male,9,20160805
user_0009366,1,24,,3,20160205
user_0009367,16,0,,4,20160924
user_0009368,1,-1,,7,20151216
user_0009369,20,1000,,9,20160119
user_0009370,12,33,,3,20150626
user_0009371,1,54,female,7,20160914
user_0009372,14,26,,3,20161201
user_0009373,1,44,female,7,20150618
user_0009374,5,22,female,7,20150615
user_0009375,4,25,female,4,20150114
user_0009376,3,40,,4,20160712
user_0009377,15,31,female,4,20161106
user_0009378,9,27,male,13,20151007
user_0009379,4,31,male,3,20150409
user_0009380,17,30,,4,20161222
user_0009381,19,22,female,3,20150624
user_0009382,1,0,female,4,20160613
user_0009383,16,2015,male,3,20150801
user_0009384,9,2015,male,9,20150714
user_0009385,1,24,male,3,20150118
user_0009386,18,36,male,13,20161008
user_0009387,20,28,female,3,20150629
user_0009388,10,56,,7,20160323
user_0009389,2,1000,female,7,20151103
user_0009390,1,32,male,7,20161202
user_0009391,8,33,male,9,20150509
user_0009392,17,32,female,3,20150731
user_0009393,6,40,female,7,20161201
user_0009394,1,39,female,3,20150312
user_0009395,1,27,female,3,20150212
user_0009396,18,25,male,9,20160317
user_0009397,1,31,female,4,20150809
user_0009398,1,35,male,13,20150413
user_0009399,8,-1,male,9,20150613
user_0009400,6,34,,4,20151031
user_0009401,3,36,male,3,20160213
user_0009402,1,35,female,3,20151220
user_0009403,1,33,male,3,20150303
user_0009404,4,33,male,7,20150115
user_0009405,12,33,female,9,20160217
user_0009406,14,36,male,3,20151024
user_0009407,1,41,male,4,20150506
user_0009408,2,2015,,9,20150723
user_0009409,1,-1,male,7,20160728
user_0009410,9,35,male,4,20150318
user_0009411,13,52,female,13,20151021
user_0009412,13,0,female,4,20160727
user_0009413,9,42,male,3,20151009
user_0009414,3,43,,4,20150704
user_0009415,1,37,male,3,20161014
user_0009416,1,54,male,4,20161211
user_0009417,2,29,male,4,20150505
user_0009418,1,0,male,3,20151205
user_0009419,14,0,male,7,20160127
user_0009420,7,33,female,4,20160124
user_0009421,14,26,,7,20160708
user_0009422,1,39,male,3,20150904
user_0009423,18,34,male,3,20160105
user_0009424,1,50,,7,20160309
user_0009425,11,28,female,3,20170127
user_0009426,20,23,male,4,20160329
user_0009427,1,32,,3,20170127
user_0009428,1,36,female,3,20161125
user_0009429,1,38,male,3,20150302
user_0009430,17,26,,4,20150117
user_0009431,10,15,,7,20161221
user_0009432,19,27,female,3,20150825
user_0009433,1,22,female,3,20161108
user_0009434,12,2015,female,4,20161224
user_0009435,11,-1,male,7,20150323
user_0009436,19,2015,female,3,20160216
user_0009437,15,23,male,3,20160729
user_0009438,16,33,,4,20150901
user_0009439,1,0,female,4,20150914
user_0009440,15,26,male,13,20150410
user_0009441,1,28,male,4,20150719
user_0009442,8,19,male,3,20161004
user_0009443,1,19,male,7,20160207
user_0009444,15,1000,,3,20151101
user_0009445,1,35,male,3,20150303
user_0009446,16,28,male,3,20150217
user_0009447,1,-1,male,7,20160824
user_0009448,10,27,male,3,20160502
user_0009449,1,29,,13,20170102
user_0009450,6,49,female,3,20150531
user_0009451,19,36,male,13,20150810
user_0009452,7,34,male,9,20150714
user_0009453,17,31,male,4,20170121
user_0009454,15,31,male,4,20151127
user_0009455,1,33,male,4,20161216
user_0009456,9,42,female,7,20151123
user_0009457,7,2015,male,3,20151202
user_0009458,1,48,male,3,20151113
user_0009459,9,17,female,3,20151219
user_0009460,15,22,male,4,20160611
user_0009461,7,29,female,3,20160506
user_0009462,4,16,male,9,20150701
user_0009463,12,35,male,4,20150220
user_0009464,17,2015,,3,20170113
user_0009465,6,33,male,3,20150608
user_0009466,17,29,male,3,20150306
user_0009467,9,42,female,3,20160229
user_0009468,1,27,female,3,20150528
user_0009469,1,0,male,7,20151001
user_0009470,18,29,female,3,20150417
user_0009471,3,27,male,9,20160123
user_0009472,1,29,male,13,20161225
user_0009473,1,30,male,9,20150512
user_0009474,11,34,female,3,20160816
user_0009475,11,38,male,9,20161227
user_0009476,1,37,female,4,20150108
user_0009477,2,2015,female,13,20151125
user_0009478,10,29,female,3,20161206
user_0009479,17,0,male,7,20150702
user_0009480,1,27,,7,20160701
user_0009481,1,-1,male,3,20150204
user_0009482,1,21,,7,20160815
user_0009483,13,2015,male,7,20160317
user_0009484,19,22,female,9,20170119
user_0009485,4,38,female,9,20151109
user_0009486,1,25,male,3,20151027
user_0009487,12,-1,male,7,20160604
user_0009488,1,35,female,3,20151126
user_0009489,17,37,male,7,20160612
user_0009490,9,32,male,3,20160323
user_0009491,6,33,male,3,20150220
user_0009492,20,23,female,4,20161109
user_0009493,7,26,female,7,20150320
user_0009494,14,22,female,7,20160816
user_0009495,8,38,,9,20151214
user_0009496,21,30,male,3,20151027
user_0009497,13,35,female,3,20151124
user_0009498,5,15,female,7,20160907
user_0009499,1,2015,male,3,20151118
user_0009500,1,-1,male,9,20150521
user_0009501,19,39,,3,20160205
user_0009502,16,-1,male,7,20160123
user_0009503,16,40,,3,20151203
user_0009504,16,24,male,9,20160406
user_0009505,10,28,female,3,20161004
user_0009506,13,33,female,4,20161227
user_0009507,13,45,male,4,20160327
user_0009508,1,29,female,3,20150619
user_0009509,14,26,male,4,20150814
user_0009510,1,46,male,4,20150924
user_0009511,19,49,,9,20151102
user_0009512,1,30,female,13,20150919
user_0009513,1,41,,9,20150626
user_0009514,6,37,female,7,20161203
user_0009515,4,35,male,3,20160307
user_0009516,1,31,female,3,20150314
user_0009517,1,30,male,3,20161024
user_0009518,18,0,male,3,20151103
user_0009519,2,29,male,9,20160508
user_0009520,15,19,male,3,20151101
user_0009521,1,29,male,3,20161202
user_0009522,17,28,female,4,20150109
user_0009523,1,34,female,3,20160729
user_0009524,19,28,male,3,20160322
user_0009525,1,36,male,3,20160326
user_0009526,19,28,,4,20150209
user_0009527,1,51,male,3,20160922
user_0009528,8,21,male,3,20160622
user_0009529,5,27,female,9,20160524
user_0009530,7,18,male,7,20150828
user_0009531,19,27,male,7,20150111
user_0009532,10,19,male,3,20160608
user_0009533,14,25,male,13,20160508
user_0009534,1,36,,9,20160804
user_0009535,19,36,male,4,20160810
user_0009536,8,25,female,3,20160118
user_0009537,15,0,female,9,20160811
user_0009538,21,45,female,3,20160326
user_0009539,14,21,female,4,20150805
user_0009540,1,45,male,9,20150131
user_0009541,1,30,male,9,20150516
user_0009542,1,34,male,13,20150721
user_0009543,6,24,male,4,20150101
user_0009544,20,35,male,3,20160918
user_0009545,7,34,female,3,20150624
user_0009546,1,31,female,3,20160323
user_0009547,1,23,female,4,20150525
user_0009548,15,41,male,7,20150807
user_0009549,1,34,,13,20150807
user_0009550,1,34,female,3,20151223
user_0009551,17,46,female,3,20150317
user_0009552,1,0,male,3,20170112
user_0009553,20,0,female,9,20150520
user_0009554,16,42,female,4,20161228
user_0009555,18,40,female,3,20150406
user_0009556,6,29,female,4,20150212
user_0009557,1,32,female,4,20150701
user_0009558,5,16,male,9,20160615
user_0009559,10,38,female,3,20151101
user_0009560,1,35,,4,20161219
user_0009561,1,-1,female,4,20160911
user_0009562,1,29,male,3,20150304
user_0009563,1,1000,male,3,20161128
user_0009564,14,49,female,3,20160802
user_0009565,1,29,female,4,20160324
user_0009566,1,0,,4,20161021
user_0009567,1,39,male,7,20160125
user_0009568,14,29,female,9,20150410
user_0009569,1,1000,male,3,20160107
user_0009570,14,23,female,13,20160510
user_0009571,1,47,female,4,20161217
user_0009572,2,-1,male,9,20161002
user_0009573,1,43,,3,20161106
user_0009574,13,34,female,7,20160424
user_0009575,1,29,,7,20160429
user_0009576,20,43,male,3,20150310
user_0009577,6,0,female,9,20150922
user_0009578,1,40,,3,20170125
user_0009579,11,33,female,4,20161002
user_0009580,1,32,female,3,20170104
user_0009581,1,28,female,4,20161223
user_0009582,1,33,male,3,20150630
user_0009583,8,19,male,7,20160114
user_0009584,4,31,male,7,20160308
user_0009585,1,2015,female,4,20150527
user_0009586,1,25,male,9,20151217
user_0009587,1,21,,4,20160105
user_0009588,1,22,male,7,20160106
user_0009589,4,33,female,4,20150909
user_0009590,4,15,female,9,20160621
user_0009591,9,34,female,3,20150225
user_0009592,1,32,female,9,20160521
user_0009593,1,34,male,3,20160504
user_0009594,1,43,female,9,20150808
user_0009595,1,31,,3,20160403
user_0009596,1,50,male,7,20150810
user_0009597,13,36,,3,20160315
user_0009598,1,28,,9,20150406
user_0009599,10,33,,3,20150316
user_0009600,19,39,,3,20150729
user_0009601,1,20,,9,20160524
user_0009602,2,35,male,4,20150910
user_0009603,16,28,female,9,20151117
user_0009604,2,34,female,9,20150509
user_0009605,19,27,female,3,20150906
user_0009606,1,39,male,3,20160811
user_0009607,1,42,female,7,20150909
user_0009608,1,31,,9,20161115
user_0009609,21,-1,male,3,20151207
user_0009610,8,38,male,9,20150211
user_0009611,1,39,male,3,20160211
user_0009612,13,0,,7,20161011
user_0009613,14,40,male,7,20160901
user_0009614,18,26,female,4,20160807
user_0009615,2,29,,4,20160327
user_0009616,19,32,female,3,20160505
user_0009617,1,1000,male,4,20150128
user_0009618,6,22,,4,20160802
user_0009619,19,35,female,3,20151202
user_0009620,1,36,female,3,20160301
user_0009621,1,37,female,4,20160624
user_0009622,1,19,female,3,20160427
user_0009623,2,39,male,3,20151010
user_0009624,19,19,male,3,20160404
user_0009625,12,39,female,3,20150201
user_0009626,13,44,,9,20160528
user_0009627,18,28,female,3,20161225
user_0009628,1,42,,7,20160101
user_0009629,1,1000,female,3,20160201
user_0009630,1,37,male,7,20150901
user_0009631,12,16,female,13,20150520
user_0009632,21,32,male,7,20150531
user_0009633,7,27,female,7,20161216
user_0009634,11,27,male,4,20160702
user_0009635,1,29,,4,20150208
user_0009636,19,29,male,9,20160603
user_0009637,1,28,male,3,20150223
user_0009638,5,35,,4,20151126
user_0009639,9,1000,male,7,20150410
user_0009640,1,30,female,3,20160528
user_0009641,4,25,female,4,20150528
user_0009642,1,15,,3,20150913
user_0009643,17,24,female,7,20160329
user_0009644,14,44,male,3,20150722
user_0009645,10,15,female,3,20161211
user_0009646,1,-1,male,3,20150809
user_0009647,14,27,male,7,20151005
user_0009648,18,33,female,4,20161205
user_0009649,5,30,male,13,20161128
user_0009650,1,42,male,9,20150801
user_0009651,11,37,male,13,20150725
user_0009652,6,26,male,7,20150325
user_0009653,1,19,male,3,20150903
user_0009654,2,37,female,3,20160118
user_0009655,14,39,male,3,20160217
user_0009656,6,1000,female,3,20151024
user_0009657,19,42,male,4,20160928
user_0009658,14,33,male,9,20150907
user_0009659,12,35,male,4,20160604
user_0009660,15,26,male,3,20160214
user_0009661,10,30,,7,20151017
user_0009662,7,48,female,13,20150128
user_0009663,6,31,male,4,20150809
user_0009664,1,20,female,3,20150309
user_0009665,10,29,male,7,20150918
user_0009666,21,1000,female,4,20161106
user_0009667,1,25,female,9,20161028
user_0009668,17,21,male,7,20150103
user_0009669,1,42,female,9,20150826
user_0009670,3,27,,3,20160623
user_0009671,19,30,male,7,20150512
user_0009672,5,40,female,7,20150817
user_0009673,1,1000,male,7,20150721
user_0009674,5,0,female,3,20160320
user_0009675,6,22,female,4,20151027
user_0009676,1,40,,3,20150507
user_0009677,8,28,,7,20161227
user_0009678,7,44,male,3,20170105
user_0009679,4,57,female,3,20151229
user_0009680,1,23,male,13,20160530
user_0009681,10,32,female,7,20161030
user_0009682,15,23,female,3,20150423
user_0009683,10,42,male,3,20161111
user_0009684,14,31,male,4,20150228
user_0009685,1,60,female,3,20160324
user_0009686,1,40,,3,20150604
user_0009687,4,34,female,13,20160709
user_0009688,2,21,male,3,20160728
user_0009689,1,35,female,7,20150413
user_0009690,1,35,,7,20150730
user_0009691,1,20,female,7,20151113
user_0009692,21,25,female,3,20160130
user_0009693,15,45,female,3,20150323
user_0009694,2,39,female,7,20161209
user_0009695,1,22,female,13,20150324
user_0009696,1,33,male,4,20150424
user_0009697,1,36,female,3,20160108
user_0009698,14,30,female,4,20160901
user_0009699,3,46,male,3,20160926
user_0009700,2,0,,3,20160122
user_0009701,12,16,,7,20150308
user_0009702,17,41,male,3,20150502
user_0009703,21,30,male,4,20150126
user_0009704,3,15,female,7,20150314
user_0009705,7,31,male,3,20160929
user_0009706,20,45,male,3,20160213
user_0009707,1,35,female,13,20151208
user_0009708,6,41,female,9,20160702
user_0009709,17,24,male,9,20150404
user_0009710,16,37,,4,20161205
user_0009711,12,32,male,4,20161113
user_0009712,14,35,female,3,20160322
user_0009713,20,-1,,3,20160222
user_0009714,1,38,male,3,20161119
user_0009715,16,44,male,4,20160726
user_0009716,21,50,male,4,20160605
user_0009717,4,28,female,3,20161127
user_0009718,10,35,male,3,20150203
user_0009719,10,28,,4,20150412
user_0009720,15,35,female,3,20150624
user_0009721,18,23,,3,20150428
user_0009722,7,39,female,3,20161031
user_0009723,15,-1,male,9,20161214
user_0009724,6,28,female,7,20150223
user_0009725,20,-1,male,4,20150903
user_0009726,1,37,female,3,20150606
user_0009727,1,34,,4,20160324
user_0009728,1,37,female,3,20151204
user_0009729,7,29,female,3,20160223
user_0009730,1,35,male,4,20150305
user_0009731,6,39,,3,20150615
user_0009732,1,-1,female,4,20150925
user_0009733,1,43,male,4,20150815
user_0009734,1,38,,3,20151225
user_0009735,18,32,,3,20150326
user_0009736,17,36,,4,20151101
user_0009737,1,40,female,9,20160126
user_0009738,14,41,male,3,20170106
user_0009739,12,-1,female,4,20160424
user_0009740,4,38,,3,20151023
user_0009741,1,39,,4,20150113
user_0009742,1,25,male,13,20161019
user_0009743,1,46,female,7,20160918
user_0009744,20,43,female,3,20150910
user_0009745,3,47,female,4,20150713
user_0009746,1,44,male,13,20151007
user_0009747,6,50,female,9,20160206
user_0009748,2,27,male,4,20160915
user_0009749,16,31,male,4,20150219
user_0009750,15,26,female,4,20150307
user_0009751,12,27,female,3,20150909
user_0009752,1,30,,13,20150211
user_0009753,1,28,male,3,20150311
user_0009754,2,29,male,3,20160808
user_0009755,13,36,male,3,20160324
user_0009756,9,28,female,13,20151106
user_0009757,2,22,male,9,20150902
user_0009758,21,46,female,7,20150112
user_0009759,13,23,female,4,20161129
user_0009760,10,15,male,4,20150320
user_0009761,1,30,female,3,20150411
user_0009762,1,28,female,9,20150222
user_0009763,10,0,female,4,20160218
user_0009764,10,23,male,9,20161108
user_0009765,1,34,female,7,20161228
user_0009766,3,25,,7,20150903
user_0009767,1,15,male,7,20150808
user_0009768,15,18,female,7,20160718
user_0009769,1,22,female,9,20161024
user_0009770,1,2015,male,7,20161125
user_0009771,2,22,female,3,20170124
user_0009772,1,40,male,3,20160727
user_0009773,19,27,male,3,20150305
user_0009774,20,-1,female,9,20170101
user_0009775,11,38,male,4,20160215
user_0009776,18,38,,3,20160204
user_0009777,3,35,female,4,20151114
user_0009778,1,48,female,9,20160613
user_0009779,20,28,,9,20160101
user_0009780,1,26,,13,20150102
user_0009781,1,1000,,9,20160911
user_0009782,1,29,,3,20150110
user_0009783,1,24,female,4,20160828
user_0009784,1,22,female,7,20160922
user_0009785,5,42,female,7,20150717
user_0009786,2,32,female,3,20150219
user_0009787,14,34,,3,20160315
user_0009788,7,45,male,9,20150817
user_0009789,7,41,male,7,20161229
user_0009790,1,35,female,9,20150413
user_0009791,13,15,male,4,20150626
user_0009792,1,0,female,3,20150827
user_0009793,13,24,female,9,20150528
user_0009794,1,-1,male,7,20150909
user_0009795,1,29,female,7,20160303
user_0009796,14,25,female,3,20150906
user_0009797,12,34,male,3,20151102
user_0009798,7,39,female,7,20161017
user_0009799,20,19,female,9,20150808
user_0009800,20,29,male,3,20160508
user_0009801,1,2015,male,9,20160813
user_0009802,5,23,,3,20160830
user_0009803,3,34,,4,20161225
user_0009804,16,27,,3,20150803
user_0009805,3,36,,4,20150709
user_0009806,1,-1,male,3,20160925
user_0009807,18,0,female,4,20150405
user_0009808,1,22,female,4,20160516
user_0009809,3,15,male,4,20151212
user_0009810,1,28,male,3,20150422
user_0009811,8,22,male,7,20160209
user_0009812,19,45,male,3,20160722
user_0009813,7,32,,13,20161101
user_0009814,17,48,,3,20150416
user_0009815,6,23,,3,20161227
user_0009816,17,40,female,3,20150329
user_0009817,19,31,male,4,20160213
user_0009818,9,22,male,4,20160912
user_0009819,15,31,female,7,20160509
user_0009820,1,18,,3,20161005
user_0009821,5,31,female,4,20160303
user_0009822,11,41,,4,20150805
user_0009823,1,35,female,13,20150104
user_0009824,10,41,male,9,20150623
user_0009825,19,0,male,4,20160306
user_0009826,15,26,female,3,20161012
user_0009827,13,35,female,3,20160608
user_0009828,1,35,,7,20151009
user_0009829,1,31,,4,20150923
user_0009830,1,15,female,4,20161001
user_0009831,16,32,,7,20160413
user_0009832,13,30,male,4,20160907
user_0009833,14,30,male,7,20151118
user_0009834,1,0,male,3,20160506
user_0009835,14,42,female,3,20161128
user_0009836,1,-1,male,9,20150709
user_0009837,11,25,male,4,20151230
user_0009838,21,41,female,13,20161221
user_0009839,1,2015,male,3,20160305
user_0009840,7,31,male,13,20150728
user_0009841,21,31,,3,20150513
user_0009842,20,26,female,7,20150511
user_0009843,11,36,,4,20160707
user_0009844,4,42,female,3,20151114
user_0009845,1,39,male,3,20151218
user_0009846,1,27,,4,20151205
user_0009847,1,32,male,4,20150427
user_0009848,5,30,female,4,20150411
user_0009849,14,1000,female,3,20160126
user_0009850,11,37,,13,20170103
user_0009851,6,34,female,3,20150612
user_0009852,18,36,male,7,20160212
user_0009853,7,31,male,13,20150922
user_0009854,12,30,male,13,20170110
user_0009855,9,0,female,3,20150802
user_0009856,14,41,male,9,20150908
user_0009857,20,24,,4,20160125
user_0009858,17,30,female,7,20160406
user_0009859,1,38,female,3,20160309
user_0009860,14,25,male,3,20161120
user_0009861,1,46,male,4,20160828
user_0009862,1,32,male,9,20160325
user_0009863,21,29,female,4,20160127
user_0009864,21,1000,,13,20160619
user_0009865,16,35,female,7,20161031
user_0009866,1,22,male,3,20150216
user_0009867,18,44,female,13,20160927
user_0009868,10,0,female,3,20160828
user_0009869,8,2015,female,3,20150204
user_0009870,13,-1,,4,20160329
user_0009871,10,2015,,13,20150922
user_0009872,18,40,female,3,20160921
user_0009873,18,0,male,3,20150317
user_0009874,19,25,male,3,20160829
user_0009875,1,36,female,3,20161022
user_0009876,18,41,female,4,20160821
user_0009877,1,15,male,4,20150201
user_0009878,1,47,male,4,20151204
user_0009879,4,2015,male,3,20150703
user_0009880,1,-1,,4,20161116
user_0009881,5,49,female,4,20160322
user_0009882,6,35,female,13,20160623
user_0009883,1,30,male,3,20150404
user_0009884,1,35,,7,20150504
user_0009885,15,52,male,4,20161216
user_0009886,8,31,,7,20150816
user_0009887,5,35,female,7,20150724
user_0009888,15,32,female,13,20161111
user_0009889,1,46,male,7,20150324
user_0009890,1,36,male,3,20160209
user_0009891,14,27,male,4,20150404
user_0009892,1,16,male,9,20150423
user_0009893,17,50,,3,20151110
user_0009894,4,28,,13,20150315
user_0009895,14,39,male,4,20160102
user_0009896,13,1000,male,13,20160406
user_0009897,8,28,female,3,20160408
user_0009898,1,2015,male,9,20160223
user_0009899,8,32,female,4,20150317
user_0009900,1,24,male,3,20161126
user_0009901,1,41,female,4,20150513
user_0009902,9,1000,female,3,20150214
user_0009903,1,27,female,3,20150825
user_0009904,21,2015,female,9,20150719
user_0009905,1,33,,4,20150220
user_0009906,3,26,male,3,20160104
user_0009907,6,2015,male,3,20150306
user_0009908,1,-1,male,3,20160204
user_0009909,11,15,male,3,20150920
user_0009910,1,17,male,4,20150221
user_0009911,20,37,male,3,20151011
user_0009912,6,0,male,3,20160710
user_0009913,12,-1,female,4,20160718
user_0009914,1,16,female,9,20151102
user_0009915,21,24,female,9,20170112
user_0009916,1,23,female,13,20160208
user_0009917,5,42,female,3,20150429
user_0009918,20,35,male,3,20150711
user_0009919,1,-1,female,9,20160721
user_0009920,7,32,female,7,20161114
user_0009921,15,25,female,3,20150129
user_0009922,8,15,,4,20160404
user_0009923,1,28,female,13,20150522
user_0009924,1,2015,,9,20160521
user_0009925,1,48,,13,20150218
user_0009926,7,30,,4,20160801
user_0009927,18,22,male,3,20150217
user_0009928,11,33,male,4,20150422
user_0009929,7,34,male,3,20150514
user_0009930,5,35,female,3,20160425
user_0009931,14,1000,female,3,20160220
user_0009932,17,36,female,3,20160809
user_0009933,5,57,male,3,20160812
user_0009934,20,40,,3,20170105
user_0009935,3,23,female,7,20161116
user_0009936,12,51,female,7,20170119
user_0009937,21,36,female,3,20161130
user_0009938,1,28,female,9,20161006
user_0009939,1,30,female,9,20150830
user_0009940,13,33,,13,20161030
user_0009941,2,38,male,3,20161003
user_0009942,1,15,female,7,20151208
user_0009943,1,25,male,4,20160324
user_0009944,1,22,female,7,20151225
user_0009945,2,46,male,9,20160525
user_0009946,16,25,female,3,20160414
user_0009947,6,22,female,9,20160602
user_0009948,1,42,male,9,20160407
user_0009949,13,51,male,7,20150712
user_0009950,1,46,female,4,20151201
user_0009951,4,39,male,4,20161215
user_0009952,1,37,,3,20160608
user_0009953,1,-1,male,7,20151008
user_0009954,1,30,male,4,20160728
user_0009955,20,23,female,4,20150314
user_0009956,1,1000,female,7,20160316
user_0009957,1,27,male,3,20160107
user_0009958,9,17,female,3,20160607
user_0009959,1,31,female,3,20160306
user_0009960,17,2015,male,3,20161101
user_0009961,20,22,female,9,20160306
user_0009962,1,18,female,3,20170130
user_0009963,21,1000,female,3,20160327
user_0009964,15,17,male,7,20160823
user_0009965,20,-1,male,3,20170114
user_0009966,16,32,female,9,20160807
user_0009967,21,30,male,9,20160217
user_0009968,20,33,male,4,20150901
user_0009969,21,48,male,4,20160804
user_0009970,1,32,male,9,20160318
user_0009971,6,42,,13,20160711
user_0009972,1,15,female,7,20160718
user_0009973,1,55,male,4,20160226
user_0009974,1,28,male,3,20150412
user_0009975,16,51,female,7,20160321
user_0009976,1,40,female,7,20160603
user_0009977,1,27,,7,20161112
user_0009978,15,27,,3,20150716
user_0009979,1,47,,9,20150704
user_0009980,16,2015,,4,20150728
user_0009981,1,36,male,4,20160808
user_0009982,1,22,female,3,20151222
user_0009983,1,37,male,3,20151022
user_0009984,7,0,female,7,20150427
user_0009985,1,26,male,3,20160519
user_0009986,1,23,female,9,20160813
user_0009987,1,0,female,3,20170124
user_0009988,19,29,female,3,20150520
user_0009989,20,0,female,9,20151123
user_0009990,9,-1,male,4,20150620
user_0009991,1,16,,13,20160915
user_0009992,14,38,male,4,20150127
user_0009993,6,23,female,13,20151116
user_0009994,11,0,male,3,20150204
user_0009995,5,44,female,3,20150708
user_0009996,3,38,male,3,20151019
user_0009997,9,30,male,9,20150504
user_0009998,1,37,female,4,20150517
user_0009999,1,29,female,7,20161102
user_0010000,1,15,male,4,20161223
user_0010001,3,21,female,13,20170111
user_0010002,16,30,male,9,20150304
user_0010003,19,33,female,4,20160801
user_0010004,16,35,male,3,20150227
user_0010005,2,42,male,4,20150920
user_0010006,16,36,female,4,20150113
user_0010007,18,48,male,3,20161215
user_0010008,9,40,male,7,20161025
user_0010009,8,39,male,9,20160103
user_0010010,5,29,,9,20151020
user_0010011,3,23,,3,20160113
user_0010012,19,27,female,3,20150124
user_0010013,1,2015,male,7,20161027
user_0010014,9,0,,7,20160627
user_0010015,11,25,,9,20150114
user_0010016,7,39,female,9,20160105
user_0010017,16,33,female,3,20160716
user_0010018,1,43,male,3,20150223
user_0010019,11,2015,female,3,20151119
user_0010020,16,24,male,3,20160710
user_0010021,7,41,male,3,20160821
user_0010022,3,26,female,7,20150702
user_0010023,2,56,male,4,20150919
user_0010024,8,36,male,7,20150707
user_0010025,1,21,male,9,20150509
user_0010026,19,15,male,4,20160210
user_0010027,6,30,male,9,20160401
user_0010028,21,2015,female,9,20150825
user_0010029,21,30,male,4,20160411
user_0010030,6,0,male,7,20161005
user_0010031,1,-1,male,4,20151025
user_0010032,18,-1,male,4,20160319
user_0010033,20,37,female,7,20150926
user_0010034,10,32,female,7,20151104
user_0010035,11,30,male,3,20161218
user_0010036,14,34,male,7,20150318
user_0010037,7,19,female,4,20150506
user_0010038,1,24,,3,20151117
user_0010039,18,29,male,7,20160606
user_0010040,1,32,,4,20150919
user_0010041,21,16,female,13,20151019
user_0010042,9,36,female,9,20150201
user_0010043,5,25,male,3,20170124
user_0010044,13,21,female,3,20150801
user_0010045,9,19,,7,20170113
user_0010046,1,36,,3,20160402
user_0010047,15,26,male,9,20160801
user_0010048,18,34,,7,20150716
user_0010049,1,36,male,13,20160217
user_0010050,8,34,female,3,20150526
user_0010051,1,37,female,7,20160102
user_0010052,1,1000,female,7,20161222
user_0010053,18,32,,7,20150416
user_0010054,13,19,male,13,20150703
user_0010055,9,51,male,3,20160313
user_0010056,20,36,female,3,20160801
user_0010057,4,36,female,9,20161008
user_0010058,17,36,,3,20150119
user_0010059,1,24,male,4,20160816
user_0010060,11,36,male,13,20150731
user_0010061,10,2015,,9,20151013
user_0010062,1,42,male,7,20151205
user_0010063,9,2015,female,3,20150516
user_0010064,6,24,male,13,20150707
user_0010065,18,-1,female,4,20151222
user_0010066,1,22,male,3,20160201
user_0010067,1,23,,3,20150129
user_0010068,6,28,male,3,20160622
user_0010069,1,2015,male,3,20160307
user_0010070,9,36,male,4,20150826
user_0010071,21,23,female,4,20160621
user_0010072,19,53,female,3,20150907
user_0010073,13,15,female,9,20150105
user_0010074,21,15,female,3,20150131
user_0010075,19,23,male,4,20160821
user_0010076,14,35,,9,20160512
user_0010077,1,31,female,9,20151008
user_0010078,2,29,female,7,20160501
user_0010079,3,2015,male,4,20160325
user_0010080,1,35,male,3,20160318
user_0010081,10,37,male,4,20160510
user_0010082,1,37,female,7,20151215
user_0010083,2,52,female,9,20161020
user_0010084,4,26,male,7,20160309
user_0010085,16,30,male,9,20170115
user_0010086,20,17,male,4,20150610
user_0010087,1,44,female,9,20160512
user_0010088,2,19,male,9,20160317
user_0010089,20,-1,male,3,20151207
user_0010090,1,20,female,3,20160711
user_0010091,18,44,male,13,20160725
user_0010092,10,-1,male,3,20151114
user_0010093,1,27,male,4,20160626
user_0010094,5,0,female,4,20160630
user_0010095,8,23,male,9,20151010
user_0010096,14,36,,3,20160614
user_0010097,1,15,,4,20161115
user_0010098,13,21,female,4,20161202
user_0010099,2,39,male,3,20150410
user_0010100,1,39,female,4,20150114
user_0010101,2,20,male,9,20150114
user_0010102,16,25,female,3,20151023
user_0010103,1,47,,3,20150526
user_0010104,6,41,male,7,20150907
user_0010105,19,28,,4,20160515
user_0010106,15,2015,female,7,20150601
user_0010107,12,33,male,3,20170121
user_0010108,5,25,female,3,20160226
user_0010109,1,43,male,3,20151103
user_0010110,13,21,male,9,20161017
user_0010111,1,24,,4,20150411
user_0010112,3,33,female,4,20160725
user_0010113,12,30,male,9,20160830
user_0010114,12,30,female,4,20160808
user_0010115,14,0,female,3,20170122
user_0010116,1,28,female,4,20150423
user_0010117,16,33,male,9,20150225
user_0010118,12,31,male,3,20161219
user_0010119,6,-1,female,7,20160527
user_0010120,1,37,female,3,20150917
user_0010121,1,18,female,7,20160131
user_0010122,1,22,,3,20150210
user_0010123,20,45,female,7,20160423
user_0010124,1,29,male,9,20160131
user_0010125,13,38,male,3,20151006
user_0010126,21,21,male,13,20161011
user_0010127,6,34,male,3,20150802
user_0010128,15,31,male,3,20150409
user_0010129,1,33,,9,20161002
user_0010130,11,2015,male,4,20151009
user_0010131,1,1000,male,3,20150308
user_0010132,1,37,male,7,20160212
user_0010133,1,45,male,4,20160604
user_0010134,13,25,female,13,20150812
user_0010135,1,30,,13,20151125
user_0010136,3,-1,female,9,20150405
user_0010137,1,15,male,4,20160301
user_0010138,1,29,male,9,20160615
user_0010139,21,30,male,7,20161218
user_0010140,1,34,female,3,20150201
user_0010141,21,31,male,7,20160702
user_0010142,16,17,male,3,20160308
user_0010143,2,29,,4,20160708
user_0010144,9,39,,3,20150615
user_0010145,20,27,female,3,20151231
user_0010146,1,27,female,4,20160206
user_0010147,7,15,male,9,20160520
user_0010148,8,22,male,9,20151001
user_0010149,13,35,female,3,20151116
user_0010150,1,31,female,4,20160227
user_0010151,1,44,female,3,20151208
user_0010152,7,36,female,3,20160906
user_0010153,11,-1,male,3,20161008
user_0010154,10,45,female,7,20170129
user_0010155,1,28,female,13,20160328
user_0010156,7,43,male,3,20150303
user_0010157,6,27,male,3,20160815
user_0010158,18,1000,male,7,20150521
user_0010159,1,27,female,4,20160324
user_0010160,14,22,male,4,20161013
user_0010161,14,16,female,9,20160123
user_0010162,19,24,male,3,20150329
user_0010163,8,36,female,13,20160722
user_0010164,13,30,female,3,20160922
user_0010165,1,36,male,9,20150910
user_0010166,2,38,,9,20150118
user_0010167,1,2015,male,9,20160926
user_0010168,1,35,male,7,20150620
user_0010169,5,30,male,7,20160418
user_0010170,13,40,female,3,20161102
user_0010171,19,15,male,4,20150710
user_0010172,17,32,male,7,20160429
user_0010173,9,28,female,3,20160525
user_0010174,1,19,male,7,20160428
user_0010175,21,26,male,4,20160925
user_0010176,5,27,female,7,20151126
user_0010177,1,28,female,9,20150624
user_0010178,1,-1,female,3,20150705
user_0010179,19,31,female,7,20151002
user_0010180,1,37,female,3,20150509
user_0010181,1,35,female,9,20160214
user_0010182,1,38,female,9,20161027
user_0010183,8,35,male,7,20150626
user_0010184,5,17,male,7,20161210
user_0010185,1,15,male,4,20160605
user_0010186,16,-1,female,3,20161011
user_0010187,9,2015,male,9,20160913
user_0010188,6,2015,male,3,20151017
user_0010189,1,31,male,4,20151224
user_0010190,6,26,male,3,20151110
user_0010191,1,-1,male,7,20150131
user_0010192,12,2015,female,4,20150130
user_0010193,1,27,male,7,20150907
user_0010194,1,15,female,3,20150203
user_0010195,12,31,male,4,20160703
user_0010196,1,18,male,7,20160906
user_0010197,7,2015,female,4,20160406
user_0010198,9,1000,,7,20150327
user_0010199,10,1000,male,3,20160123
user_0010200,9,41,male,3,20150619
user_0010201,1,39,male,3,20160809
user_0010202,11,35,female,7,20150321
user_0010203,1,30,male,4,20170107
user_0010204,21,22,female,7,20150728
user_0010205,21,40,female,7,20160112
user_0010206,21,38,male,3,20150320
user_0010207,1,17,,7,20150726
user_0010208,1,37,female,9,20151225
user_0010209,12,41,male,9,20160730
user_0010210,16,34,female,3,20151020
user_0010211,4,28,female,3,20150516
user_0010212,12,31,female,4,20160506
user_0010213,12,2015,male,7,20150428
user_0010214,1,31,male,3,20151222
user_0010215,4,47,male,13,20160531
user_0010216,2,29,,7,20151117
user_0010217,14,32,female,3,20150712
user_0010218,7,44,male,7,20160423
user_0010219,1,47,female,4,20160820
user_0010220,17,26,,3,20160620
user_0010221,1,28,male,7,20150729
user_0010222,9,29,,7,20150131
user_0010223,4,32,female,7,20151226
user_0010224,18,21,male,3,20160219
user_0010225,6,31,male,3,20151005
user_0010226,14,27,female,3,20160118
user_0010227,6,2015,female,3,20150531
user_0010228,3,27,male,3,20160915
user_0010229,17,27,male,3,20150720
user_0010230,17,32,male,3,20150802
user_0010231,1,41,female,9,20160428
user_0010232,4,44,male,3,20160116
user_0010233,2,30,male,3,20150608
user_0010234,1,38,male,3,20150307
user_0010235,1,17,male,4,20160616
user_0010236,5,34,female,7,20150305
user_0010237,1,33,female,3,20160106
user_0010238,7,0,male,3,20160905
user_0010239,12,2015,male,3,20150726
user_0010240,1,0,female,4,20150523
user_0010241,8,27,female,13,20160929
user_0010242,1,48,male,9,20161108
user_0010243,12,33,male,9,20150712
user_0010244,16,27,male,9,20160209
user_0010245,1,39,,3,20161217
user_0010246,7,43,,7,20150214
user_0010247,4,37,female,4,20160309
user_0010248,12,33,,3,20150702
user_0010249,4,33,female,7,20160806
user_0010250,9,36,male,4,20160427
user_0010251,1,15,female,7,20170121
user_0010252,7,0,female,3,20160923
user_0010253,16,34,male,13,20151230
user_0010254,8,15,male,7,20150628
user_0010255,9,49,male,7,20160615
user_0010256,9,26,male,7,20160705
user_0010257,1,30,male,9,20150303
user_0010258,18,29,female,3,20150301
user_0010259,18,38,female,3,20160803
user_0010260,3,31,male,13,20150816
user_0010261,18,31,female,7,20150313
user_0010262,11,0,male,9,20160313
user_0010263,1,0,male,3,20150731
user_0010264,1,20,male,13,20150313
user_0010265,1,17,male,4,20160902
user_0010266,1,38,,9,20150510
user_0010267,1,27,female,9,20160610
user_0010268,7,29,male,4,20150424
user_0010269,1,33,female,4,20150915
user_0010270,4,1000,female,4,20160917
user_0010271,17,20,male,3,20150328
user_0010272,5,15,male,3,20151105
user_0010273,10,41,male,13,20150405
user_0010274,1,29,,7,20160426
user_0010275,7,29,female,3,20160822
user_0010276,1,26,female,4,20160703
user_0010277,1,37,male,3,20150726
user_0010278,12,36,male,9,20160105
user_0010279,1,18,male,3,20150711
user_0010280,18,22,female,3,20150410
user_0010281,8,33,male,7,20150109
user_0010282,10,16,,13,20161110
user_0010283,12,26,male,7,20160307
user_0010284,1,22,female,13,20151025
user_0010285,1,-1,male,3,20160630
user_0010286,1,36,female,3,20160202
user_0010287,3,30,female,7,20161212
user_0010288,4,35,female,4,20160310
user_0010289,18,36,female,3,20170106
user_0010290,1,20,female,3,20160606
user_0010291,1,21,male,3,20150604
user_0010292,1,2015,male,7,20150725
user_0010293,1,46,female,7,20150211
user_0010294,4,22,male,7,20151118
user_0010295,2,26,,7,20151113
user_0010296,1,28,,7,20151030
user_0010297,3,0,male,13,20150914
user_0010298,20,37,male,3,20151002
user_0010299,17,29,male,3,20150321
user_0010300,6,24,,13,20151030
user_0010301,13,22,male,9,20160914
user_0010302,1,29,,7,20151221
user_0010303,7,2015,female,9,20150928
user_0010304,14,41,male,7,20150926
user_0010305,6,26,female,3,20160811
user_0010306,7,32,male,4,20160910
user_0010307,16,34,,3,20150831
user_0010308,1,40,male,3,20151011
user_0010309,1,32,male,3,20150619
user_0010310,13,29,male,9,20150916
user_0010311,14,47,male,3,20150916
user_0010312,1,41,male,3,20151126
user_0010313,10,45,,3,20160515
user_0010314,3,2015,,9,20150401
user_0010315,18,25,female,9,20151013
user_0010316,4,46,female,3,20160520
user_0010317,17,28,male,13,20160909
user_0010318,6,29,female,4,20150123
user_0010319,1,25,male,7,20151217
user_0010320,5,23,male,7,20150531
user_0010321,15,35,male,4,20160616
user_0010322,1,16,female,9,20151107
user_0010323,10,1000,male,9,20151021
user_0010324,3,1000,male,4,20150817
user_0010325,7,17,female,3,20160630
user_0010326,19,50,male,13,20150316
user_0010327,2,21,female,7,20160124
user_0010328,10,26,male,3,20151002
user_0010329,1,31,male,3,20170113
user_0010330,14,43,male,4,20160721
user_0010331,12,29,,4,20160411
user_0010332,18,26,female,9,20150919
user_0010333,14,41,male,7,20151119
user_0010334,20,1000,male,4,20160624
user_0010335,17,41,male,9,20160514
user_0010336,1,30,,4,20160918
user_0010337,9,32,,9,20150906
user_0010338,15,2015,,3,20150624
user_0010339,17,22,,3,20160424
user_0010340,10,23,,9,20150523
user_0010341,16,39,male,7,20150615
user_0010342,1,24,male,3,20150325
user_0010343,1,29,,3,20170118
user_0010344,12,-1,,3,20160916
user_0010345,17,23,female,3,20161006
user_0010346,1,1000,female,9,20150217
user_0010347,1,30,male,3,20150530
user_0010348,4,26,,3,20151114
user_0010349,1,44,male,9,20150624
user_0010350,1,36,,3,20161224
user_0010351,12,23,,3,20160210
user_0010352,11,24,male,7,20160223
user_0010353,1,30,male,9,20160425
user_0010354,1,27,female,13,20150914
user_0010355,3,28,,3,20150907
user_0010356,1,1000,male,3,20150910
user_0010357,20,26,female,7,20161019
user_0010358,6,32,female,3,20161224
user_0010359,3,19,,7,20150324
user_0010360,1,32,female,3,20160402
user_0010361,1,47,male,7,20160304
user_0010362,14,21,male,3,20160408
user_0010363,1,32,female,3,20151115
user_0010364,1,43,female,9,20151218
user_0010365,18,0,female,7,20161218
user_0010366,2,41,male,4,20150902
user_0010367,8,47,female,3,20160709
user_0010368,1,36,male,7,20150121
user_0010369,1,31,,13,20161118
user_0010370,16,54,,3,20151015
user_0010371,19,31,female,3,20160906
user_0010372,1,32,,3,20150711
user_0010373,10,1000,female,9,20150520
user_0010374,1,27,male,3,20161229
user_0010375,16,34,female,7,20150908
user_0010376,3,19,male,3,20170122
user_0010377,1,1000,female,4,20150919
user_0010378,4,25,female,3,20161116
user_0010379,1,30,female,4,20150317
user_0010380,17,29,female,3,20160510
user_0010381,1,43,male,4,20160927
user_0010382,7,32,male,7,20161024
user_0010383,6,41,male,7,20160927
user_0010384,1,37,female,4,20150509
user_0010385,1,24,,3,20160828
user_0010386,8,21,female,9,20160622
user_0010387,8,41,male,3,20150118
user_0010388,1,30,male,3,20160401
user_0010389,20,34,male,9,20170122
user_0010390,18,19,female,13,20150606
user_0010391,10,36,female,7,20161001
user_0010392,15,36,male,3,20161222
user_0010393,15,26,,13,20150411
user_0010394,1,21,female,3,20151210
user_0010395,1,31,male,3,20150802
user_0010396,15,20,male,7,20160806
user_0010397,7,32,female,9,20160424
user_0010398,20,33,male,7,20160415
user_0010399,1,38,female,9,20151222
user_0010400,6,35,male,7,20160122
user_0010401,17,29,,3,20150528
user_0010402,4,34,,7,20161103
user_0010403,8,22,,7,20160629
user_0010404,9,45,female,4,20160513
user_0010405,1,32,female,7,20160706
user_0010406,1,28,,4,20150301
user_0010407,10,35,male,3,20150513
user_0010408,11,2015,female,9,20150130
user_0010409,3,34,male,3,20151223
user_0010410,20,40,male,3,20150926
user_0010411,4,37,male,3,20161109
user_0010412,19,2015,female,3,20150111
user_0010413,3,1000,female,4,20150526
user_0010414,18,1000,female,3,20161126
user_0010415,12,17,female,3,20150315
user_0010416,20,25,female,4,20150221
user_0010417,1,36,male,3,20160814
user_0010418,10,33,male,4,20150919
user_0010419,1,36,male,3,20170109
user_0010420,1,43,male,3,20160118
user_0010421,19,39,,3,20160118
user_0010422,21,27,female,9,20161115
user_0010423,8,1000,,9,20150114
user_0010424,1,37,,13,20160627
user_0010425,20,39,,9,20150108
user_0010426,1,43,male,4,20150620
user_0010427,1,0,female,4,20150920
user_0010428,1,21,male,4,20150606
user_0010429,1,29,male,7,20170116
user_0010430,19,29,female,13,20150521
user_0010431,19,28,female,3,20151111
user_0010432,17,36,male,9,20160120
user_0010433,16,37,female,13,20161014
user_0010434,1,42,male,13,20160320
user_0010435,8,27,male,7,20161124
user_0010436,3,30,male,7,20160724
user_0010437,1,35,female,13,20151011
user_0010438,16,-1,male,4,20160215
user_0010439,4,24,male,7,20160814
user_0010440,1,28,male,3,20150217
user_0010441,1,36,female,3,20160510
user_0010442,14,1000,female,4,20150831
user_0010443,8,15,male,7,20160317
user_0010444,1,33,,3,20150531
user_0010445,5,32,male,9,20150725
user_0010446,1,32,,4,20150716
user_0010447,15,26,male,3,20160810
user_0010448,1,0,female,3,20161119
user_0010449,1,-1,female,4,20160603
user_0010450,1,28,,9,20161128
user_0010451,3,37,female,13,20151012
user_0010452,13,26,male,7,20160305
user_0010453,1,30,,3,20150819
user_0010454,4,42,male,9,20160410
user_0010455,1,2015,male,3,20150504
user_0010456,1,24,male,4,20160409
user_0010457,6,0,male,7,20150121
user_0010458,4,1000,male,3,20160125
user_0010459,1,31,female,3,20151209
user_0010460,20,45,male,4,20160531
user_0010461,1,33,male,9,20160508
user_0010462,1,24,male,4,20160426
user_0010463,19,2015,male,3,20160211
user_0010464,14,38,female,3,20160318
user_0010465,10,32,male,4,20160326
user_0010466,2,34,male,4,20160717
user_0010467,1,-1,female,13,20150803
user_0010468,14,2015,male,4,20150423
user_0010469,17,31,female,9,20160515
user_0010470,15,1000,male,7,20161014
user_0010471,17,46,male,4,20150302
user_0010472,16,15,female,4,20160626
user_0010473,18,31,male,4,20150624
user_0010474,15,31,,3,20160412
user_0010475,21,26,male,3,20150505
user_0010476,17,31,male,3,20160302
user_0010477,1,36,male,3,20150729
user_0010478,16,21,,3,20150920
user_0010479,2,17,male,4,20160814
user_0010480,20,41,male,3,20151031
user_0010481,1,24,male,13,20151230
user_0010482,1,15,female,4,20150101
user_0010483,20,29,female,3,20160627
user_0010484,6,34,,7,20160907
user_0010485,12,31,male,7,20160907
user_0010486,17,32,male,13,20150629
user_0010487,13,24,female,3,20151120
user_0010488,1,48,female,3,20160328
user_0010489,20,25,male,7,20150901
user_0010490,1,21,female,7,20160528
user_0010491,2,17,,7,20150221
user_0010492,1,40,male,13,20150818
user_0010493,18,29,female,13,20151229
user_0010494,12,0,,3,20150618
user_0010495,11,36,male,4,20161031
user_0010496,3,28,male,13,20151206
user_0010497,7,0,female,3,20161128
user_0010498,7,22,male,3,20150816
user_0010499,1,0,male,7,20160525
user_0010500,8,27,male,3,20160414
user_0010501,2,32,,4,20160207
user_0010502,7,38,,13,20170102
user_0010503,1,18,male,4,20161120
user_0010504,11,43,male,3,20150322
user_0010505,20,37,female,3,20150821
user_0010506,3,20,male,4,20160610
user_0010507,12,33,female,3,20150823
user_0010508,18,39,,7,20150609
user_0010509,18,42,,3,20170102
user_0010510,3,48,,3,20160623
user_0010511,1,15,female,9,20160816
user_0010512,1,24,male,7,20161216
user_0010513,8,32,female,9,20170107
user_0010514,16,26,male,3,20150824
user_0010515,6,2015,male,3,20160615
user_0010516,6,35,,7,20160502
user_0010517,14,40,female,4,20150121
user_0010518,17,33,female,9,20160907
user_0010519,1,15,female,4,20160328
user_0010520,3,30,female,9,20150825
user_0010521,7,26,female,3,20151014
user_0010522,1,25,female,7,20170112
user_0010523,1,59,female,9,20150805
user_0010524,1,21,female,13,20150106
user_0010525,13,32,female,3,20160608
user_0010526,1,34,female,9,20160111
user_0010527,11,0,male,7,20161007
user_0010528,1,-1,male,7,20150710
user_0010529,1,38,,3,20160822
user_0010530,1,33,,9,20150928
user_0010531,1,29,female,3,20160929
user_0010532,12,24,,13,20160214
user_0010533,7,26,female,4,20150616
user_0010534,4,34,female,4,20160306
user_0010535,10,18,male,3,20151206
user_0010536,9,32,female,7,20160808
user_0010537,11,31,,3,20160415
user_0010538,3,28,male,9,20150802
user_0010539,16,1000,,7,20150120
user_0010540,16,32,female,3,20161204
user_0010541,16,1000,female,9,20160215
user_0010542,17,1000,male,7,20160730
user_0010543,6,31,,3,20150212
user_0010544,16,28,female,7,20150406
user_0010545,12,42,female,7,20151207
user_0010546,1,23,male,4,20150327
user_0010547,1,32,,7,20150912
user_0010548,13,27,male,9,20161023
user_0010549,20,35,male,9,20160429
user_0010550,1,55,male,9,20151003
user_0010551,1,16,male,3,20151119
user_0010552,16,43,female,9,20151211
user_0010553,5,36,male,13,20150617
user_0010554,1,41,male,4,20151005
user_0010555,17,20,,9,20150416
user_0010556,15,43,male,3,20150515
user_0010557,5,40,,3,20161002
user_0010558,13,29,,4,20150919
user_0010559,3,39,female,3,20150217
user_0010560,9,15,,3,20160118
user_0010561,3,37,,4,20160303
user_0010562,7,44,female,13,20160424
user_0010563,11,20,female,4,20160206
user_0010564,21,42,,13,20150307
user_0010565,8,41,,4,20150310
user_0010566,19,30,female,4,20151018
user_0010567,1,25,female,3,20151002
user_0010568,21,2015,male,3,20160916
user_0010569,3,21,male,9,20161022
user_0010570,15,0,,7,20150404
user_0010571,10,1000,,4,20161027
user_0010572,1,27,,9,20150726
user_0010573,1,39,male,7,20150307
user_0010574,1,-1,female,3,20150914
user_0010575,6,29,,9,20161125
user_0010576,1,34,male,7,20161010
user_0010577,1,40,female,3,20151113
user_0010578,15,32,female,9,20151125
user_0010579,17,36,female,3,20160401
user_0010580,7,28,female,9,20151024
user_0010581,14,24,female,9,20150403
user_0010582,1,36,female,9,20160413
user_0010583,2,37,female,3,20160217
user_0010584,1,17,male,7,20150106
user_0010585,1,31,female,3,20160523
user_0010586,3,-1,,9,20150831
user_0010587,4,27,male,3,20151003
user_0010588,3,19,female,9,20160108
user_0010589,1,0,female,13,20151125
user_0010590,21,15,,4,20150131
user_0010591,12,34,female,4,20160708
user_0010592,13,38,male,7,20160111
user_0010593,19,40,male,9,20150718
user_0010594,3,36,,3,20151013
user_0010595,1,37,male,9,20151013
user_0010596,4,2015,female,3,20160609
user_0010597,1,29,male,4,20160321
user_0010598,14,-1,male,9,20161205
user_0010599,2,19,,3,20161221
user_0010600,17,42,female,3,20160912
user_0010601,4,25,male,7,20160528
user_0010602,12,2015,female,7,20150923
user_0010603,1,19,male,3,20150729
user_0010604,14,30,female,7,20160618
user_0010605,4,27,female,3,20161208
user_0010606,1,40,male,3,20150411
user_0010607,14,40,male,3,20150727
user_0010608,12,28,female,3,20151106
user_0010609,6,2015,male,4,20160110
user_0010610,9,29,male,4,20150430
user_0010611,1,16,male,4,20150713
user_0010612,20,43,male,9,20151203
user_0010613,1,20,female,4,20150914
user_0010614,7,38,male,3,20150805
user_0010615,3,31,,13,20160903
user_0010616,16,25,male,7,20160216
user_0010617,1,18,,13,20150624
user_0010618,3,31,male,4,20161030
user_0010619,16,16,male,7,20161127
user_0010620,18,46,male,3,20150426
user_0010621,1,34,,13,20160830
user_0010622,10,15,male,3,20151028
user_0010623,1,-1,male,13,20161225
user_0010624,5,40,female,3,20150508
user_0010625,17,29,female,7,20160824
user_0010626,20,24,,7,20160702
user_0010627,3,36,,7,20151204
user_0010628,1,39,male,3,20160322
user_0010629,7,18,female,13,20160409
user_0010630,1,2015,female,4,20150802
user_0010631,4,35,,3,20151101
user_0010632,1,32,female,7,20161112
user_0010633,1,28,male,3,20160206
user_0010634,15,24,female,7,20160827
user_0010635,1,15,male,7,20160416
user_0010636,20,37,male,3,20160707
user_0010637,15,31,male,3,20150205
user_0010638,1,2015,female,3,20160117
user_0010639,4,45,female,7,20160201
user_0010640,8,22,male,7,20150220
user_0010641,1,32,male,9,20160130
user_0010642,4,30,male,3,20160327
user_0010643,15,32,male,3,20160517
user_0010644,1,32,female,7,20150425
user_0010645,18,22,male,9,20160104
user_0010646,9,20,,7,20151114
user_0010647,5,31,female,4,20150124
user_0010648,1,36,,3,20161013
user_0010649,5,15,,7,20160715
user_0010650,13,29,female,9,20160120
user_0010651,14,45,female,3,20160930
user_0010652,1,48,male,7,20160217
user_0010653,3,15,female,7,20160210
user_0010654,1,37,female,13,20150705
user_0010655,1,29,male,3,20161020
user_0010656,21,25,female,4,20160507
user_0010657,19,36,,3,20170109
user_0010658,1,1000,male,3,20150806
user_0010659,1,1000,,7,20150205
user_0010660,13,42,,3,20160502
user_0010661,18,15,male,9,20170108
user_0010662,1,34,,3,20160831
user_0010663,4,45,male,9,20151021
user_0010664,1,33,female,3,20150425
user_0010665,17,15,,7,20160320
user_0010666,1,21,male,4,20160109
user_0010667,1,19,,3,20170121
user_0010668,9,29,male,3,20150315
user_0010669,1,39,male,3,20150408
user_0010670,11,33,female,3,20151008
user_0010671,1,-1,female,9,20150109
user_0010672,21,37,female,13,20160119
user_0010673,3,36,female,9,20151213
user_0010674,2,51,male,3,20150415
user_0010675,8,0,male,9,20160329
user_0010676,1,19,female,9,20150725
user_0010677,14,2015,female,9,20170124
user_0010678,17,33,,7,20170130
user_0010679,21,2015,female,3,20161201
user_0010680,10,25,female,3,20160211
user_0010681,11,0,,4,20160524
user_0010682,1,1000,male,3,20151028
user_0010683,1,29,male,3,20160308
user_0010684,1,21,male,13,20150817
user_0010685,3,20,,4,20160824
user_0010686,17,22,female,7,20161011
user_0010687,3,44,female,3,20150912
user_0010688,13,19,female,9,20151221
user_0010689,19,22,female,7,20160312
user_0010690,9,1000,male,3,20151103
user_0010691,18,23,male,3,20160417
user_0010692,1,31,female,7,20160404
user_0010693,1,28,male,3,20150318
user_0010694,6,41,female,3,20161128
user_0010695,13,1000,female,3,20150901
user_0010696,1,25,female,3,20160320
user_0010697,20,15,male,7,20150207
user_0010698,6,35,male,9,20151001
user_0010699,17,27,female,4,20151012
user_0010700,1,41,male,3,20150115
user_0010701,9,36,female,9,20160217
user_0010702,14,30,,7,20150707
user_0010703,16,39,,3,20150317
user_0010704,10,36,female,3,20150514
user_0010705,6,17,female,7,20150525
user_0010706,1,30,,4,20160225
user_0010707,1,33,,4,20150509
user_0010708,2,28,,4,20150725
user_0010709,12,0,female,3,20161229
user_0010710,1,30,,4,20160504
user_0010711,14,1000,,3,20150206
user_0010712,11,32,,13,20160815
user_0010713,7,32,female,9,20150201
user_0010714,16,28,,4,20150310
user_0010715,1,34,male,13,20151030
user_0010716,19,31,male,7,20160606
user_0010717,6,0,male,4,20151028
user_0010718,1,28,,7,20150817
user_0010719,3,41,female,7,20160725
user_0010720,1,23,male,13,20160125
user_0010721,9,36,female,9,20150609
user_0010722,1,34,male,3,20151024
user_0010723,5,35,,3,20150319
user_0010724,6,25,male,13,20161012
user_0010725,1,31,female,7,20150720
user_0010726,11,26,female,4,20161015
user_0010727,1,1000,male,4,20160918
user_0010728,16,26,female,13,20150222
user_0010729,1,32,female,3,20150925
user_0010730,7,31,female,3,20160514
user_0010731,2,15,male,3,20160407
user_0010732,15,15,male,13,20151206
user_0010733,15,38,female,7,20151231
user_0010734,19,25,male,7,20150307
user_0010735,20,38,,3,20161026
user_0010736,18,1000,male,3,20160604
user_0010737,1,37,male,3,20150121
user_0010738,3,28,female,3,20160802
user_0010739,1,38,male,3,20160212
user_0010740,4,22,female,4,20160302
user_0010741,18,39,female,3,20160731
user_0010742,8,31,,13,20150403
user_0010743,1,36,female,13,20160820
user_0010744,5,21,,4,20150918
user_0010745,3,31,female,3,20160722
user_0010746,1,33,male,3,20160210
user_0010747,2,46,female,3,20151003
user_0010748,1,33,,7,20150429
user_0010749,1,33,male,4,20160901
user_0010750,2,26,male,13,20150705
user_0010751,1,27,,3,20160407
user_0010752,1,2015,male,9,20150728
user_0010753,8,30,male,4,20161009
user_0010754,1,26,female,7,20160427
user_0010755,10,1000,female,3,20161103
user_0010756,10,27,female,9,20150509
user_0010757,1,43,female,3,20160302
user_0010758,21,-1,male,3,20160117
user_0010759,7,20,female,3,20150215
user_0010760,14,34,male,4,20161014
user_0010761,9,2015,female,7,20170117
user_0010762,21,43,male,4,20161229
user_0010763,1,25,male,9,20150608
user_0010764,1,33,male,4,20160617
user_0010765,14,23,male,4,20160412
user_0010766,8,44,,4,20150510
user_0010767,14,20,female,3,20150117
user_0010768,20,0,female,4,20161209
user_0010769,1,33,,3,20150125
user_0010770,1,39,male,3,20150110
user_0010771,6,39,,3,20161013
user_0010772,1,31,female,3,20161124
user_0010773,18,17,male,7,20170116
user_0010774,21,36,female,3,20160422
user_0010775,20,40,male,3,20150805
user_0010776,15,15,,4,20150108
user_0010777,10,40,female,13,20151227
user_0010778,20,28,female,3,20160605
user_0010779,21,1000,male,3,20150126
user_0010780,9,2015,,3,20160916
user_0010781,4,31,,3,20150107
user_0010782,3,26,,3,20160911
user_0010783,7,31,female,9,20150310
user_0010784,1,40,female,13,20160401
user_0010785,9,2015,,4,20161107
user_0010786,9,39,female,9,20160913
user_0010787,11,39,male,3,20150508
user_0010788,20,-1,female,4,20150331
user_0010789,2,24,female,9,20150220
user_0010790,14,42,female,3,20150508
user_0010791,5,32,male,13,20160122
user_0010792,1,30,male,4,20160628
user_0010793,2,44,,4,20150526
user_0010794,3,33,male,13,20150712
user_0010795,1,31,female,9,20161209
user_0010796,1,31,male,3,20151107
user_0010797,2,25,female,4,20160828
user_0010798,1,23,,7,20160623
user_0010799,1,37,male,4,20160716
user_0010800,1,23,female,13,20160912
user_0010801,15,26,male,3,20150807
user_0010802,11,1000,female,13,20160114
user_0010803,13,16,female,7,20160414
user_0010804,1,43,female,7,20160207
user_0010805,1,2015,,7,20160408
user_0010806,11,38,female,3,20160428
user_0010807,1,2015,male,4,20150205
user_0010808,1,37,female,3,20160220
user_0010809,1,23,male,9,20160707
user_0010810,9,39,,3,20160517
user_0010811,9,-1,female,3,20170113
user_0010812,1,37,male,9,20151210
user_0010813,21,30,female,3,20150819
user_0010814,16,40,female,13,20150911
user_0010815,16,25,female,4,20161019
user_0010816,18,30,,7,20150718
user_0010817,17,0,,9,20150601
user_0010818,1,36,,4,20151014
user_0010819,8,19,male,13,20150130
user_0010820,3,23,male,9,20160306
user_0010821,1,26,,9,20151119
user_0010822,4,37,male,4,20160303
user_0010823,1,38,male,3,20160227
user_0010824,1,30,male,3,20160910
user_0010825,5,24,,3,20151125
user_0010826,1,28,male,4,20160902
user_0010827,6,15,female,13,20150712
user_0010828,20,28,,4,20150207
user_0010829,4,29,male,4,20150219
user_0010830,3,31,male,3,20160722
user_0010831,5,31,male,3,20151107
user_0010832,1,32,female,3,20170123
user_0010833,5,30,female,4,20150304
user_0010834,6,27,female,4,20151018
user_0010835,5,34,male,13,20150601
user_0010836,11,20,,4,20151221
user_0010837,1,34,male,9,20160925
user_0010838,16,28,female,3,20160127
user_0010839,1,36,male,3,20160819
user_0010840,11,34,female,7,20160401
user_0010841,17,1000,female,4,20161016
user_0010842,17,29,male,3,20150209
user_0010843,20,38,male,3,20151201
user_0010844,8,31,female,4,20150929
user_0010845,7,33,female,13,20160221
user_0010846,8,32,male,3,20160818
user_0010847,12,0,female,3,20161226
user_0010848,1,0,male,7,20160301
user_0010849,9,25,male,7,20160825
user_0010850,19,32,female,3,20160809
user_0010851,1,30,,4,20150411
user_0010852,17,2015,female,3,20150821
user_0010853,3,28,male,7,20160816
user_0010854,11,37,male,9,20160901
user_0010855,14,40,,3,20150715
user_0010856,3,39,male,9,20151003
user_0010857,6,28,female,4,20160408
user_0010858,1,38,male,4,20160605
user_0010859,1,28,female,3,20150122
user_0010860,3,32,female,3,20160823
user_0010861,7,28,male,3,20151030
user_0010862,1,38,,3,20160620
user_0010863,1,30,,4,20151102
user_0010864,15,29,male,4,20160810
user_0010865,1,0,,9,20160222
user_0010866,1,26,male,3,20150928
user_0010867,6,34,female,7,20151109
user_0010868,1,37,female,3,20151217
user_0010869,12,39,,4,20150430
user_0010870,21,1000,,3,20150205
user_0010871,18,32,female,9,20161024
user_0010872,16,37,male,3,20150617
user_0010873,1,34,female,7,20151108
user_0010874,20,36,female,4,20150315
user_0010875,6,48,male,4,20150308
user_0010876,1,38,,3,20160715
user_0010877,1,42,male,9,20160715
user_0010878,13,28,female,4,20151021
user_0010879,13,49,female,3,20160726
user_0010880,1,25,male,3,20151012
user_0010881,8,25,male,4,20150215
user_0010882,1,42,female,4,20160907
user_0010883,1,41,male,3,20150329
user_0010884,1,38,male,3,20160616
user_0010885,20,28,male,9,20150107
user_0010886,1,27,male,7,20161028
user_0010887,1,20,male,3,20160215
user_0010888,1,-1,female,9,20160823
user_0010889,18,28,female,3,20160304
user_0010890,17,0,male,9,20160314
user_0010891,5,29,,9,20170118
user_0010892,7,30,,3,20150420
user_0010893,1,27,female,13,20150820
user_0010894,1,21,,9,20160305
user_0010895,14,28,female,3,20150427
user_0010896,17,37,female,7,20160610
user_0010897,7,49,male,4,20161128
user_0010898,1,43,male,3,20160915
user_0010899,5,25,male,3,20150521
user_0010900,21,34,male,3,20160607
user_0010901,8,1000,,7,20160409
user_0010902,8,35,male,4,20151209
user_0010903,1,36,male,13,20150305
user_0010904,4,20,female,3,20150330
user_0010905,10,37,male,4,20160828
user_0010906,20,22,male,3,20150614
user_0010907,17,30,,4,20150317
user_0010908,1,20,female,4,20160825
user_0010909,14,24,male,9,20150223
user_0010910,1,15,female,7,20161102
user_0010911,1,29,,3,20150515
user_0010912,13,27,female,3,20161014
user_0010913,1,36,male,7,20161028
user_0010914,2,31,male,7,20150113
user_0010915,1,28,male,9,20160123
user_0010916,21,35,female,3,20150515
user_0010917,21,27,male,4,20160403
user_0010918,20,35,female,3,20150123
user_0010919,1,27,male,4,20150603
user_0010920,8,39,male,3,20160517
user_0010921,13,36,male,4,20161129
user_0010922,9,1000,,7,20160521
user_0010923,5,31,male,3,20161204
user_0010924,1,26,female,3,20150717
user_0010925,1,0,female,7,20151005
user_0010926,18,-1,male,7,20150805
user_0010927,1,2015,female,13,20160720
user_0010928,9,24,male,4,20150822
user_0010929,1,31,male,3,20161220
user_0010930,11,24,female,3,20150513
user_0010931,8,38,,13,20160224
user_0010932,1,36,female,7,20150114
user_0010933,17,29,female,3,20160104
user_0010934,12,33,male,4,20151224
user_0010935,11,41,female,3,20160428
user_0010936,2,42,female,7,20160106
user_0010937,1,23,female,7,20150122
user_0010938,1,26,male,13,20150824
user_0010939,1,2015,female,7,20150325
user_0010940,16,20,female,4,20150307
user_0010941,1,22,male,9,20160207
user_0010942,1,-1,,4,20150310
user_0010943,1,1000,female,7,20151107
user_0010944,13,33,female,3,20150916
user_0010945,1,31,,3,20150730
user_0010946,11,0,female,7,20160423
user_0010947,1,35,,3,20160130
user_0010948,1,38,female,9,20150126
user_0010949,20,1000,female,4,20160106
user_0010950,1,21,,13,20150505
user_0010951,6,45,male,7,20151117
user_0010952,1,34,female,4,20151018
user_0010953,12,25,male,4,20161031
user_0010954,15,15,female,3,20160429
user_0010955,7,45,male,3,20150411
user_0010956,6,25,female,9,20150102
user_0010957,1,34,female,7,20161118
user_0010958,20,2015,male,7,20161013
user_0010959,8,1000,,4,20160827
user_0010960,1,0,female,3,20161107
user_0010961,1,22,,9,20150713
user_0010962,13,30,male,4,20160617
user_0010963,1,15,,7,20160320
user_0010964,15,31,male,3,20150914
user_0010965,1,25,male,3,20160730
user_0010966,19,31,female,7,20160412
user_0010967,5,27,female,13,20160227
user_0010968,11,47,female,3,20150920
user_0010969,1,38,female,13,20150503
user_0010970,1,34,,7,20160809
user_0010971,5,40,female,3,20151003
user_0010972,11,15,male,3,20160323
user_0010973,17,24,male,13,20160219
user_0010974,8,29,female,7,20161212
user_0010975,12,33,,7,20160605
user_0010976,11,33,female,4,20150308
user_0010977,14,27,male,3,20151226
user_0010978,14,30,,4,20150306
user_0010979,1,40,male,7,20160412
user_0010980,8,1000,female,3,20150808
user_0010981,1,51,female,13,20160710
user_0010982,4,29,,7,20160803
user_0010983,18,17,,3,20160809
user_0010984,14,27,male,3,20151118
user_0010985,10,15,male,9,20160801
user_0010986,19,18,female,7,20161111
user_0010987,1,23,female,9,20151219
user_0010988,7,39,male,3,20160902
user_0010989,20,17,,9,20161022
user_0010990,1,41,female,7,20160407
user_0010991,1,31,male,4,20150505
user_0010992,17,0,male,7,20160721
user_0010993,1,31,male,3,20160310
user_0010994,19,31,male,9,20161213
user_0010995,4,1000,male,3,20150514
user_0010996,1,38,male,3,20151101
user_0010997,1,28,female,7,20150408
user_0010998,1,22,male,4,20160612
user_0010999,10,31,,9,20160213
user_0011000,16,-1,male,9,20161015
user_0011001,16,29,female,7,20160322
user_0011002,16,30,male,3,20160912
user_0011003,2,36,,4,20161107
user_0011004,1,39,male,3,20161019
user_0011005,10,30,,3,20160807
user_0011006,13,16,,3,20150204
user_0011007,12,29,male,3,20160731
user_0011008,16,29,male,7,20160525
user_0011009,13,45,male,4,20160102
user_0011010,13,34,male,3,20150906
user_0011011,18,2015,male,3,20151120
user_0011012,8,45,female,3,20160718
user_0011013,1,40,female,3,20160726
user_0011014,8,44,male,3,20161103
user_0011015,17,46,male,7,20161010
user_0011016,7,39,male,13,20160719
user_0011017,10,41,female,7,20150705
user_0011018,13,35,male,3,20160816
user_0011019,1,39,female,4,20150407
user_0011020,8,41,male,3,20150802
user_0011021,1,38,,3,20150830
user_0011022,1,25,male,3,20150311
user_0011023,15,28,male,4,20151031
user_0011024,18,43,male,4,20161121
user_0011025,1,34,female,3,20170123
user_0011026,9,39,female,13,20150421
user_0011027,1,32,female,3,20160906
user_0011028,14,40,male,4,20160826
user_0011029,1,43,male,7,20160909
user_0011030,1,0,,3,20161207
user_0011031,1,43,female,3,20170108
user_0011032,20,0,,4,20160129
user_0011033,1,31,male,7,20161110
user_0011034,6,24,female,7,20150211
user_0011035,2,31,male,7,20150519
user_0011036,11,0,male,3,20161224
user_0011037,17,25,female,3,20150705
user_0011038,1,46,female,9,20160205
user_0011039,13,46,female,3,20160824
user_0011040,1,53,male,3,20150719
user_0011041,19,19,female,9,20161203
user_0011042,2,30,female,3,20161201
user_0011043,13,34,male,9,20151014
user_0011044,1,39,female,7,20160426
user_0011045,1,23,male,4,20170127
user_0011046,7,2015,female,3,20161004
user_0011047,1,47,,4,20150515
user_0011048,1,33,male,9,20161007
user_0011049,8,37,female,3,20150130
user_0011050,8,39,female,3,20150131
user_0011051,21,43,female,4,20161210
user_0011052,1,35,male,9,20160724
user_0011053,20,19,male,4,20150912
user_0011054,13,30,female,4,20150726
user_0011055,1,1000,male,13,20150307
user_0011056,13,26,female,4,20160802
user_0011057,8,-1,female,9,20161121
user_0011058,21,44,male,7,20150723
user_0011059,4,37,male,4,20150804
user_0011060,15,27,,4,20160731
user_0011061,3,45,female,7,20160922
user_0011062,1,31,female,9,20151022
user_0011063,13,37,,3,20161224
user_0011064,1,28,female,3,20151026
user_0011065,16,27,female,3,20151020
user_0011066,8,35,female,9,20160709
user_0011067,20,32,male,3,20150929
user_0011068,8,33,female,4,20150818
user_0011069,1,27,female,4,20160608
user_0011070,14,17,,13,20160808
user_0011071,1,53,female,3,20150624
user_0011072,4,15,male,3,20160617
user_0011073,15,36,female,9,20161210
user_0011074,10,22,male,4,20150111
user_0011075,1,15,,3,20170114
user_0011076,1,28,female,13,20170120
user_0011077,21,29,female,3,20150124
user_0011078,10,30,,3,20160907
user_0011079,3,1000,female,9,20160920
user_0011080,21,1000,female,9,20150401
user_0011081,18,17,male,4,20150809
user_0011082,3,21,,3,20151228
user_0011083,10,29,male,7,20151129
user_0011084,12,36,female,3,20160609
user_0011085,1,22,female,4,20150601
user_0011086,8,20,female,3,20151018
user_0011087,10,1000,male,4,20160917
user_0011088,15,2015,male,3,20160805
user_0011089,1,16,male,4,20160326
user_0011090,16,1000,female,4,20150105
user_0011091,10,25,female,13,20160503
user_0011092,1,31,male,3,20150729
user_0011093,17,30,male,4,20160620
user_0011094,3,29,male,3,20160229
user_0011095,18,1000,,3,20151013
user_0011096,6,0,,3,20170115
user_0011097,1,43,,13,20161019
user_0011098,11,21,,3,20160917
user_0011099,19,27,male,7,20150130
user_0011100,1,43,,9,20150407
user_0011101,4,2015,,13,20160118
user_0011102,1,33,,7,20160822
user_0011103,1,32,female,3,20151226
user_0011104,11,43,male,13,20150606
user_0011105,15,25,female,4,20160101
user_0011106,18,36,female,4,20151126
user_0011107,8,-1,male,9,20160301
user_0011108,4,39,female,3,20150322
user_0011109,14,1000,female,7,20160525
user_0011110,1,30,male,7,20160331
user_0011111,1,29,male,7,20150804
user_0011112,17,28,male,3,20150806
user_0011113,1,31,female,9,20160219
user_0011114,6,37,male,3,20161108
user_0011115,21,48,female,3,20150911
user_0011116,21,23,female,9,20170113
user_0011117,1,0,male,13,20170122
user_0011118,6,31,male,3,20160529
user_0011119,11,28,female,4,20161021
user_0011120,15,33,female,9,20150110
user_0011121,3,40,female,4,20150108
user_0011122,1,26,female,3,20150823
user_0011123,13,35,male,3,20150217
user_0011124,16,48,female,7,20160904
user_0011125,8,26,female,7,20150819
user_0011126,18,22,,3,20150101
user_0011127,16,25,female,3,20160625
user_0011128,1,32,,9,20151022
user_0011129,3,42,,3,20170127
user_0011130,1,37,male,3,20150801
user_0011131,1,36,male,3,20161127
user_0011132,1,32,,3,20160121
user_0011133,5,44,male,3,20150109
user_0011134,17,46,female,4,20150920
user_0011135,15,19,,3,20150603
user_0011136,8,25,female,7,20151018
user_0011137,1,-1,male,3,20170118
user_0011138,10,34,male,3,20151212
user_0011139,1,28,female,13,20151220
user_0011140,1,31,female,4,20150320
user_0011141,1,35,female,9,20160331
user_0011142,12,25,,3,20150622
user_0011143,6,36,male,9,20151230
user_0011144,1,31,male,3,20161127
user_0011145,4,32,female,13,20160218
user_0011146,1,1000,male,13,20151211
user_0011147,1,42,,7,20150315
user_0011148,6,34,female,3,20150624
user_0011149,1,40,female,7,20160922
user_0011150,1,20,female,9,20160823
user_0011151,15,27,male,7,20151112
user_0011152,11,41,male,7,20151203
user_0011153,2,35,male,3,20160223
user_0011154,8,38,male,9,20160902
user_0011155,15,36,,3,20150903
user_0011156,7,37,,4,20160630
user_0011157,1,2015,,4,20150606
user_0011158,1,47,male,3,20160414
user_0011159,8,25,male,3,20150711
user_0011160,8,21,female,9,20160803
user_0011161,20,29,male,3,20151205
user_0011162,8,30,female,4,20170124
user_0011163,14,15,female,4,20150424
user_0011164,1,-1,male,3,20160305
user_0011165,20,21,,3,20160622
user_0011166,3,26,female,4,20160616
user_0011167,1,29,male,3,20150721
user_0011168,1,31,female,3,20160626
user_0011169,16,1000,female,3,20161207
user_0011170,2,28,female,3,20160613
user_0011171,21,29,,7,20161022
user_0011172,20,17,male,13,20150108
user_0011173,7,48,,3,20161219
user_0011174,16,2015,female,4,20150316
user_0011175,1,44,,7,20160407
user_0011176,2,0,female,3,20160213
user_0011177,14,35,male,3,20160317
user_0011178,1,31,,7,20160126
user_0011179,1,47,female,3,20150927
user_0011180,1,-1,female,3,20160312
user_0011181,16,47,male,3,20150125
user_0011182,1,0,,9,20150123
user_0011183,5,0,female,3,20160822
user_0011184,8,19,female,9,20150523
user_0011185,8,17,,7,20160418
user_0011186,10,30,,9,20150311
user_0011187,6,28,female,4,20150828
user_0011188,21,35,female,7,20150524
user_0011189,8,24,,9,20160320
user_0011190,1,35,male,3,20161117
user_0011191,16,29,female,3,20161106
user_0011192,1,15,female,4,20160919
user_0011193,1,25,male,4,20150516
user_0011194,1,29,male,4,20150717
user_0011195,7,41,female,3,20150315
user_0011196,8,55,female,13,20160509
user_0011197,21,-1,female,7,20151123
user_0011198,9,35,female,7,20151116
user_0011199,15,46,female,3,20150628
user_0011200,10,21,female,3,20150705
user_0011201,14,34,,3,20161213
user_0011202,12,21,male,13,20160127
user_0011203,8,32,female,3,20161014
user_0011204,1,25,female,4,20150308
user_0011205,11,24,,7,20150407
user_0011206,1,15,female,7,20160311
user_0011207,1,32,male,7,20150920
user_0011208,1,40,,3,20151226
user_0011209,1,15,female,3,20160708
user_0011210,18,1000,female,3,20161204
user_0011211,13,33,male,4,20160113
user_0011212,2,2015,,4,20161102
user_0011213,18,15,male,4,20161218
user_0011214,1,30,female,9,20151130
user_0011215,19,52,male,4,20161207
user_0011216,17,25,female,3,20161104
user_0011217,1,29,,7,20150108
user_0011218,16,30,female,4,20161109
user_0011219,1,29,male,9,20161222
user_0011220,12,2015,male,4,20150701
user_0011221,8,30,,3,20150404
user_0011222,18,44,male,4,20160909
user_0011223,6,33,male,3,20150521
user_0011224,6,28,male,3,20150801
user_0011225,3,39,male,7,20160717
user_0011226,17,32,female,13,20151128
user_0011227,3,44,female,9,20160529
user_0011228,12,23,female,3,20150626
user_0011229,15,46,male,4,20150423
user_0011230,3,0,male,9,20151006
user_0011231,1,33,female,9,20170102
user_0011232,17,18,female,3,20150508
user_0011233,1,45,male,3,20151230
user_0011234,10,36,male,4,20160208
user_0011235,14,-1,female,3,20160411
user_0011236,15,34,male,3,20150926
user_0011237,6,26,male,3,20150430
user_0011238,21,40,female,4,20150606
user_0011239,9,32,female,7,20161017
user_0011240,16,30,,7,20161021
user_0011241,9,26,female,4,20161004
user_0011242,1,55,female,4,20151219
user_0011243,19,35,,4,20150914
user_0011244,1,31,male,9,20150627
user_0011245,1,29,male,7,20160121
user_0011246,1,24,,7,20150905
user_0011247,9,43,female,9,20150207
user_0011248,9,33,female,3,20150119
user_0011249,19,33,,3,20161009
user_0011250,14,41,,4,20160522
user_0011251,17,38,male,4,20150507
user_0011252,1,0,female,9,20160328
user_0011253,9,37,female,3,20160911
user_0011254,1,46,female,7,20150812
user_0011255,11,45,,7,20150429
user_0011256,1,33,male,3,20150404
user_0011257,10,40,,3,20160105
user_0011258,1,16,male,4,20160120
user_0011259,5,1000,,3,20161204
user_0011260,9,37,female,3,20150802
user_0011261,1,-1,female,4,20150429
user_0011262,17,37,male,3,20150303
user_0011263,1,0,female,4,20150612
user_0011264,3,31,female,7,20150306
user_0011265,1,35,male,4,20151205
user_0011266,1,22,male,4,20150419
user_0011267,2,31,female,3,20160510
user_0011268,1,45,male,4,20150906
user_0011269,7,-1,male,9,20150126
user_0011270,10,39,female,9,20161117
user_0011271,12,25,female,3,20151109
user_0011272,1,37,male,3,20160104
user_0011273,12,32,male,7,20150712
user_0011274,5,33,female,4,20160308
user_0011275,21,55,female,4,20150702
user_0011276,1,44,male,9,20151217
user_0011277,1,35,female,9,20150707
user_0011278,10,23,female,4,20161218
user_0011279,1,41,male,3,20160506
user_0011280,20,34,male,13,20161118
user_0011281,16,1000,male,4,20160618
user_0011282,1,25,male,3,20160609
user_0011283,1,1000,male,3,20150528
user_0011284,1,22,female,13,20150514
user_0011285,1,35,,7,20150614
user_0011286,20,32,female,3,20161102
user_0011287,1,31,,3,20160819
user_0011288,1,33,female,13,20160815
user_0011289,12,30,male,3,20170104
user_0011290,1,42,,7,20160304
user_0011291,8,21,,4,20160129
user_0011292,1,34,male,4,20160313
user_0011293,7,38,male,7,20161225
user_0011294,12,28,female,3,20160920
user_0011295,19,17,female,7,20160417
user_0011296,11,44,female,9,20160419
user_0011297,1,-1,female,4,20150802
user_0011298,9,19,female,4,20150401
user_0011299,1,15,female,7,20170101
user_0011300,13,46,female,3,20160404
user_0011301,16,25,female,3,20150527
user_0011302,1,36,male,7,20150114
user_0011303,4,36,,4,20161022
user_0011304,15,30,female,3,20160111
user_0011305,6,15,male,9,20161114
user_0011306,10,24,female,4,20160115
user_0011307,1,33,male,3,20151007
user_0011308,19,35,female,3,20150911
user_0011309,1,22,female,13,20150121
user_0011310,2,1000,female,7,20160120
user_0011311,11,29,male,3,20161108
user_0011312,1,25,male,3,20161021
user_0011313,11,22,female,9,20160122
user_0011314,1,28,male,3,20160409
user_0011315,2,18,female,4,20150920
user_0011316,1,28,female,7,20160715
user_0011317,19,22,female,13,20160327
user_0011318,1,42,male,7,20161031
user_0011319,20,26,male,3,20161216
user_0011320,8,23,female,4,20150624
user_0011321,8,23,,9,20160727
user_0011322,6,-1,male,3,20160822
user_0011323,1,31,male,3,20160411
user_0011324,15,-1,female,3,20160721
user_0011325,1,24,male,9,20160916
user_0011326,1,37,male,13,20160930
user_0011327,3,15,male,4,20160403
user_0011328,18,55,female,3,20151030
user_0011329,1,20,male,4,20151112
user_0011330,15,27,male,3,20160917
user_0011331,7,30,male,4,20161106
user_0011332,17,41,,4,20150115
user_0011333,19,27,male,4,20160108
user_0011334,18,15,female,3,20160813
user_0011335,1,2015,male,13,20160508
user_0011336,19,35,male,7,20160225
user_0011337,3,15,male,4,20150814
user_0011338,1,21,,9,20151127
user_0011339,1,35,male,3,20160623
user_0011340,1,24,female,4,20150223
user_0011341,1,0,,3,20161127
user_0011342,15,41,male,7,20161016
user_0011343,1,26,,13,20151016
user_0011344,11,17,female,3,20160401
user_0011345,4,36,female,3,20160916
user_0011346,3,23,male,3,20160611
user_0011347,14,17,male,4,20170104
user_0011348,5,40,male,9,20150302
user_0011349,4,28,male,7,20160409
user_0011350,6,41,male,4,20161126
user_0011351,4,25,female,3,20151102
user_0011352,2,0,,4,20151210
user_0011353,16,24,male,4,20151003
user_0011354,1,30,male,3,20151119
user_0011355,5,24,female,9,20150217
user_0011356,8,47,female,9,20150802
user_0011357,16,35,female,7,20151009
user_0011358,5,25,female,3,20160709
user_0011359,9,28,female,4,20150913
user_0011360,18,0,male,3,20160611
user_0011361,1,35,male,7,20150909
user_0011362,18,-1,male,3,20151118
user_0011363,11,22,female,7,20151031
user_0011364,11,32,male,4,20160901
user_0011365,18,2015,,13,20150712
user_0011366,4,-1,female,4,20160319
user_0011367,1,-1,female,9,20160820
user_0011368,1,32,female,3,20161228
user_0011369,1,35,female,4,20160118
user_0011370,1,1000,male,3,20160510
user_0011371,19,15,female,13,20160801
user_0011372,2,27,female,13,20150426
user_0011373,1,31,male,3,20150325
user_0011374,19,32,,7,20160809
user_0011375,7,35,male,3,20161107
user_0011376,1,31,male,4,20150526
user_0011377,15,23,male,13,20150627
user_0011378,4,29,female,3,20160312
user_0011379,18,28,male,7,20150814
user_0011380,7,30,male,4,20161110
user_0011381,12,28,male,13,20160604
user_0011382,20,36,male,4,20150711
user_0011383,8,29,female,9,20160905
user_0011384,3,-1,,4,20151118
user_0011385,1,45,,9,20160522
user_0011386,6,36,female,9,20150414
user_0011387,17,40,male,7,20160223
user_0011388,2,35,male,3,20160117
user_0011389,21,47,,4,20150710
user_0011390,1,44,female,9,20160819
user_0011391,1,41,,9,20150409
user_0011392,1,32,female,7,20160413
user_0011393,4,29,male,4,20150731
user_0011394,5,42,male,3,20160917
user_0011395,1,18,female,3,20150609
user_0011396,1,26,male,7,20150926
user_0011397,3,39,male,4,20160219
user_0011398,7,31,male,7,20150901
user_0011399,1,1000,female,4,20160630
user_0011400,3,-1,female,4,20150116
user_0011401,2,35,female,3,20160522
user_0011402,15,33,male,9,20150124
user_0011403,16,32,male,3,20150709
user_0011404,14,53,female,7,20160723
user_0011405,1,33,,3,20160214
user_0011406,6,27,,13,20150519
user_0011407,19,2015,,3,20161120
user_0011408,9,28,female,4,20150502
user_0011409,17,44,male,9,20160304
user_0011410,6,54,female,3,20150803
user_0011411,4,35,female,7,20150531
user_0011412,16,32,male,4,20150107
user_0011413,15,37,male,13,20160910
user_0011414,4,39,,3,20160307
user_0011415,1,33,female,3,20150817
user_0011416,12,26,female,4,20151225
user_0011417,19,25,,7,20161130
user_0011418,1,30,,4,20160809
user_0011419,7,25,,3,20160721
user_0011420,16,31,female,4,20160130
user_0011421,10,0,,3,20150516
user_0011422,1,44,male,7,20160921
user_0011423,1,33,male,3,20150313
user_0011424,4,38,male,13,20160703
user_0011425,1,42,male,4,20150818
user_0011426,5,22,male,3,20160427
user_0011427,7,26,male,3,20161220
user_0011428,13,28,female,3,20161103
user_0011429,1,16,female,3,20170118
user_0011430,1,42,male,13,20160516
user_0011431,1,25,female,9,20160301
user_0011432,1,2015,,3,20150621
user_0011433,1,22,,3,20150426
user_0011434,6,47,female,3,20150314
user_0011435,1,18,male,3,20160112
user_0011436,8,33,male,7,20150503
user_0011437,1,29,male,3,20161019
user_0011438,8,43,female,9,20161220
user_0011439,18,20,female,4,20160310
user_0011440,12,30,female,7,20160131
user_0011441,12,17,male,7,20150304
user_0011442,17,23,,3,20160103
user_0011443,13,29,male,7,20160211
user_0011444,13,32,female,9,20160108
user_0011445,1,43,male,3,20170122
user_0011446,1,2015,male,13,20150517
user_0011447,8,48,male,9,20150309
user_0011448,1,24,female,7,20161118
user_0011449,5,50,,7,20150720
user_0011450,5,38,male,3,20151230
user_0011451,1,42,female,3,20160916
user_0011452,15,45,female,9,20160221
user_0011453,5,41,female,9,20160705
user_0011454,9,43,,3,20150521
user_0011455,2,22,male,4,20161209
user_0011456,1,30,male,3,20161118
user_0011457,1,35,female,3,20150415
user_0011458,9,15,female,9,20160303
user_0011459,15,1000,male,7,20160129
user_0011460,18,26,male,3,20160407
user_0011461,7,0,male,7,20160226
user_0011462,1,42,female,3,20160918
user_0011463,1,2015,female,3,20160320
user_0011464,9,48,female,4,20160421
user_0011465,16,18,,3,20150425
user_0011466,2,36,male,4,20161221
user_0011467,1,28,female,7,20160522
user_0011468,1,35,male,3,20150707
user_0011469,9,48,female,7,20161221
user_0011470,18,23,male,3,20170110
user_0011471,21,41,male,3,20150905
user_0011472,1,34,male,4,20150604
user_0011473,11,28,male,3,20161218
user_0011474,1,1000,female,7,20150713
user_0011475,16,23,female,9,20160206
user_0011476,2,45,female,3,20161002
user_0011477,19,27,male,9,20160817
user_0011478,1,28,male,4,20150101
user_0011479,16,46,female,13,20160708
user_0011480,10,47,male,9,20150401
user_0011481,1,0,male,9,20160919
user_0011482,9,31,female,9,20160204
user_0011483,1,16,male,9,20161028
user_0011484,20,29,male,7,20150307
user_0011485,15,25,female,9,20160125
user_0011486,13,40,,3,20150504
user_0011487,11,27,male,9,20150629
user_0011488,20,25,male,7,20160412
user_0011489,17,42,male,3,20150804
user_0011490,10,34,male,4,20151228
user_0011491,1,21,,3,20150512
user_0011492,14,27,,3,20161109
user_0011493,1,48,,7,20150124
user_0011494,13,35,female,4,20160612
user_0011495,15,35,female,13,20170107
user_0011496,7,33,male,3,20160713
user_0011497,19,22,female,3,20160513
user_0011498,13,1000,male,7,20150516
user_0011499,1,2015,female,13,20150803
user_0011500,10,-1,female,3,20151102
user_0011501,1,37,female,4,20151003
user_0011502,7,34,male,3,20170115
user_0011503,7,36,male,3,20150604
user_0011504,7,23,,9,20150814
user_0011505,3,16,male,13,20161224
user_0011506,20,37,female,4,20151122
user_0011507,5,21,female,9,20161211
user_0011508,6,43,male,3,20160505
user_0011509,1,36,female,7,20151016
user_0011510,20,15,,9,20160706
user_0011511,17,32,male,3,20161204
user_0011512,1,0,female,7,20160211
user_0011513,1,33,male,7,20150330
user_0011514,11,36,male,3,20160626
user_0011515,17,41,,3,20160622
user_0011516,18,20,female,4,20160730
user_0011517,9,42,female,3,20150716
user_0011518,20,27,,3,20160815
user_0011519,3,25,male,3,20161125
user_0011520,1,27,female,9,20160801
user_0011521,1,38,female,4,20150317
user_0011522,1,34,female,4,20150331
user_0011523,21,0,,7,20151018
user_0011524,14,40,female,3,20150816
user_0011525,1,20,male,7,20160720
user_0011526,5,49,male,4,20160530
user_0011527,2,22,female,3,20150518
user_0011528,5,16,male,4,20150403
user_0011529,21,15,male,4,20160522
user_0011530,9,27,,7,20170105
user_0011531,1,33,female,13,20160620
user_0011532,16,24,male,3,20160514
user_0011533,7,37,male,7,20161021
user_0011534,3,30,male,7,20160122
user_0011535,9,28,,4,20170111
user_0011536,16,41,male,4,20161215
user_0011537,9,36,female,7,20150426
user_0011538,17,25,female,4,20150418
user_0011539,11,37,male,4,20150524
user_0011540,4,33,female,7,20150911
user_0011541,1,-1,female,7,20150913
user_0011542,9,2015,female,3,20160411
user_0011543,1,24,female,3,20160211
user_0011544,10,23,female,9,20151110
user_0011545,1,18,male,3,20160917
user_0011546,21,28,male,4,20150708
user_0011547,2,39,male,7,20161027
user_0011548,21,35,male,3,20160723
user_0011549,8,0,female,3,20161222
user_0011550,1,24,female,3,20150212
user_0011551,1,30,female,4,20150726
user_0011552,16,29,female,3,20150611
user_0011553,14,26,male,7,20160120
user_0011554,9,31,male,7,20150128
user_0011555,11,47,male,9,20170125
user_0011556,17,2015,female,3,20151019
user_0011557,19,31,female,4,20160219
user_0011558,9,32,female,9,20161015
user_0011559,16,40,female,4,20160726
user_0011560,19,37,female,4,20150328
user_0011561,9,43,female,4,20160915
user_0011562,1,56,female,7,20160330
user_0011563,1,25,male,7,20150612
user_0011564,7,24,female,7,20160105
user_0011565,1,33,male,13,20160514
user_0011566,1,34,female,7,20161122
user_0011567,5,37,,4,20150911
user_0011568,1,41,,3,20150526
user_0011569,15,0,male,4,20160121
user_0011570,6,31,male,13,20160616
user_0011571,12,35,male,13,20170110
user_0011572,4,38,male,3,20160531
user_0011573,7,2015,male,7,20150905
user_0011574,19,36,female,3,20160516
user_0011575,8,29,female,3,20161101
user_0011576,15,23,,3,20160216
user_0011577,13,21,female,3,20160516
user_0011578,17,45,,7,20160228
user_0011579,1,26,female,4,20150104
user_0011580,21,15,female,4,20160915
user_0011581,17,-1,female,9,20150424
user_0011582,3,33,male,3,20161005
user_0011583,1,36,female,3,20160117
user_0011584,12,28,,3,20160414
user_0011585,1,41,,3,20160604
user_0011586,1,42,female,7,20160729
user_0011587,7,15,male,7,20161026
user_0011588,1,34,female,4,20160627
user_0011589,2,46,male,9,20151025
user_0011590,17,30,female,3,20150927
user_0011591,4,28,male,3,20151128
user_0011592,12,28,male,3,20160920
user_0011593,11,19,,3,20161210
user_0011594,10,24,male,4,20170107
user_0011595,1,19,female,3,20150324
user_0011596,12,40,female,4,20150329
user_0011597,21,42,female,3,20160309
user_0011598,1,55,female,3,20160629
user_0011599,1,18,female,7,20160814
user_0011600,1,20,female,4,20160906
user_0011601,14,35,,9,20150817
user_0011602,1,42,female,9,20170119
user_0011603,20,33,male,3,20161029
user_0011604,11,20,male,4,20170122
user_0011605,3,33,,7,20160520
user_0011606,12,-1,male,3,20161220
user_0011607,16,30,,9,20150702
user_0011608,11,52,female,3,20161210
user_0011609,3,0,female,3,20160620
user_0011610,19,20,,4,20151006
user_0011611,16,2015,female,7,20160416
user_0011612,2,31,male,9,20150309
user_0011613,11,19,female,9,20150221
user_0011614,1,18,male,3,20160514
user_0011615,2,25,male,3,20150713
user_0011616,1,23,female,3,20161018
user_0011617,1,0,female,3,20150324
user_0011618,1,23,,4,20150628
user_0011619,1,31,male,4,20150511
user_0011620,1,0,female,4,20160622
user_0011621,16,54,female,3,20160808
user_0011622,1,40,,3,20161219
user_0011623,9,48,,4,20151116
user_0011624,1,35,female,3,20160119
user_0011625,1,33,male,3,20150510
user_0011626,8,2015,,7,20150525
user_0011627,1,35,female,3,20160428
user_0011628,7,2015,female,3,20150726
user_0011629,1,2015,female,3,20150320
user_0011630,19,42,male,4,20161217
user_0011631,2,30,female,3,20150620
user_0011632,18,19,female,7,20160612
user_0011633,10,34,female,7,20160721
user_0011634,7,26,female,4,20161105
user_0011635,3,47,male,13,20151030
user_0011636,6,33,male,7,20161226
user_0011637,1,42,female,3,20150303
user_0011638,12,32,female,3,20160616
user_0011639,2,40,female,3,20150524
user_0011640,11,22,male,7,20150303
user_0011641,20,31,,3,20151218
user_0011642,1,36,female,4,20151001
user_0011643,1,32,male,3,20151225
user_0011644,1,33,,9,20151110
user_0011645,1,38,male,7,20160706
user_0011646,1,42,female,7,20150205
user_0011647,1,32,female,7,20160608
user_0011648,3,18,female,3,20150929
user_0011649,12,36,female,3,20151020
user_0011650,1,25,female,3,20160217
user_0011651,6,31,male,4,20170108
user_0011652,19,31,,9,20150807
user_0011653,7,21,male,3,20151014
user_0011654,6,55,male,3,20150214
user_0011655,7,36,male,4,20150722
user_0011656,10,33,,3,20160924
user_0011657,1,34,male,3,20150224
user_0011658,7,23,female,7,20160306
user_0011659,18,22,male,3,20160201
user_0011660,2,0,male,3,20151204
user_0011661,17,-1,male,3,20160420
user_0011662,15,43,male,3,20150930
user_0011663,13,1000,female,9,20160713
user_0011664,1,38,,13,20150110
user_0011665,4,35,female,4,20160601
user_0011666,1,1000,female,3,20160411
user_0011667,21,46,female,3,20160728
user_0011668,12,31,female,7,20160815
user_0011669,1,34,female,7,20161209
user_0011670,16,23,,9,20150511
user_0011671,1,38,male,3,20160315
user_0011672,4,15,female,3,20170115
user_0011673,1,0,male,3,20170120
user_0011674,4,27,female,4,20160229
user_0011675,15,34,female,9,20160816
user_0011676,1,26,male,3,20160602
user_0011677,1,39,male,3,20150427
user_0011678,1,30,male,3,20170112
user_0011679,1,1000,female,9,20151113
user_0011680,18,15,,7,20151123
user_0011681,5,38,female,9,20160621
user_0011682,11,24,female,3,20150821
user_0011683,1,20,male,4,20150609
user_0011684,21,33,female,9,20160202
user_0011685,1,35,male,3,20161103
user_0011686,3,36,male,9,20150422
user_0011687,1,39,,7,20160904
user_0011688,1,15,female,4,20161205
user_0011689,9,28,female,7,20160417
user_0011690,6,29,male,7,20161114
user_0011691,1,25,,3,20150704
user_0011692,3,34,male,13,20150918
user_0011693,20,36,female,13,20160427
user_0011694,1,0,male,3,20150401
user_0011695,1,35,female,13,20161010
user_0011696,14,35,female,4,20160112
user_0011697,1,40,male,4,20160601
user_0011698,1,0,,7,20161019
user_0011699,1,15,male,9,20150711
user_0011700,1,27,male,3,20160716
user_0011701,13,20,female,3,20170115
user_0011702,1,32,male,9,20160124
user_0011703,11,1000,male,4,20160128
user_0011704,16,19,female,4,20161015
user_0011705,1,24,male,4,20161002
user_0011706,20,25,,9,20160414
user_0011707,1,2015,male,4,20160728
user_0011708,1,42,male,7,20160908
user_0011709,1,2015,female,7,20161031
user_0011710,3,30,male,3,20150125
user_0011711,13,22,,4,20150809
user_0011712,1,31,female,7,20160121
user_0011713,19,32,male,3,20150130
user_0011714,7,42,male,3,20151014
user_0011715,9,23,female,3,20161014
user_0011716,5,36,,4,20151111
user_0011717,1,35,,7,20160512
user_0011718,4,-1,male,3,20150802
user_0011719,4,22,female,9,20150830
user_0011720,4,22,male,3,20151003
user_0011721,1,27,,3,20150823
user_0011722,1,27,female,3,20150303
user_0011723,1,0,female,13,20160114
user_0011724,12,31,male,3,20151118
user_0011725,7,46,female,9,20161207
user_0011726,6,0,female,4,20150212
user_0011727,12,26,male,3,20150518
user_0011728,3,24,male,4,20150406
user_0011729,12,15,male,3,20161213
user_0011730,1,29,female,7,20160229
user_0011731,20,45,male,7,20151018
user_0011732,1,20,female,4,20151031
user_0011733,1,28,male,9,20161010
user_0011734,14,35,female,7,20150522
user_0011735,1,25,,7,20150726
user_0011736,21,19,,7,20160911
user_0011737,11,0,male,4,20160603
user_0011738,2,41,male,3,20161025
user_0011739,10,41,male,4,20160408
user_0011740,1,46,female,4,20160121
user_0011741,1,28,female,3,20161027
user_0011742,9,-1,,7,20161118
user_0011743,1,26,female,4,20170119
user_0011744,11,34,male,7,20150407
user_0011745,2,2015,male,3,20160524
user_0011746,1,0,,3,20160208
user_0011747,2,39,male,3,20160817
user_0011748,20,1000,male,9,20161231
user_0011749,19,15,female,7,20150911
user_0011750,18,38,female,3,20161222
user_0011751,8,40,female,3,20150612
user_0011752,1,52,male,3,20150315
user_0011753,3,26,,9,20160527
user_0011754,16,36,male,9,20150224
user_0011755,1,36,male,3,20150509
user_0011756,5,21,,13,20160906
user_0011757,6,37,,3,20150701
user_0011758,13,21,female,3,20150911
user_0011759,15,33,,3,20160409
user_0011760,2,28,male,3,20150509
user_0011761,20,43,male,3,20150318
user_0011762,21,41,male,7,20160204
user_0011763,6,37,female,4,20150403
user_0011764,2,0,,9,20151014
user_0011765,15,32,female,3,20160528
user_0011766,5,0,male,7,20160712
user_0011767,7,-1,male,3,20160113
user_0011768,1,36,female,3,20150404
user_0011769,7,34,female,13,20150416
user_0011770,12,58,,7,20160115
user_0011771,1,38,female,7,20160321
user_0011772,8,18,female,7,20160124
user_0011773,1,48,,3,20160803
user_0011774,17,15,female,7,20160212
user_0011775,1,39,female,4,20160105
user_0011776,9,32,male,9,20151109
user_0011777,10,27,male,7,20150411
user_0011778,16,32,,9,20151220
user_0011779,8,34,,9,20150530
user_0011780,1,32,,9,20170127
user_0011781,19,15,,3,20160814
user_0011782,1,1000,female,3,20150105
user_0011783,1,19,male,4,20150504
user_0011784,1,32,,13,20150130
user_0011785,21,36,female,7,20170114
user_0011786,20,37,,4,20161031
user_0011787,1,48,male,9,20161128
user_0011788,13,42,male,7,20150428
user_0011789,11,21,male,3,20150712
user_0011790,4,0,male,4,20161110
user_0011791,16,30,female,9,20150731
user_0011792,4,26,female,9,20151103
user_0011793,1,23,,3,20170119
user_0011794,11,49,female,13,20170113
user_0011795,6,1000,male,4,20161023
user_0011796,9,23,,3,20150703
user_0011797,6,32,male,4,20170121
user_0011798,1,2015,,13,20151212
user_0011799,1,1000,,9,20160627
user_0011800,1,22,male,3,20151206
user_0011801,13,50,female,7,20160203
user_0011802,1,33,,3,20160731
user_0011803,8,29,female,9,20150831
user_0011804,1,35,male,3,20150709
user_0011805,5,-1,male,7,20150429
user_0011806,1,43,male,3,20151120
user_0011807,1,-1,male,3,20160606
user_0011808,1,46,female,3,20151026
user_0011809,10,1000,male,13,20160804
user_0011810,1,43,female,3,20161129
user_0011811,1,18,,4,20160713
user_0011812,1,27,male,3,20150703
user_0011813,9,34,male,4,20150911
user_0011814,20,29,,9,20160904
user_0011815,1,2015,male,3,20160708
user_0011816,18,28,male,7,20150204
user_0011817,1,26,,3,20160628
user_0011818,17,35,male,3,20161104
user_0011819,12,46,,9,20151106
user_0011820,12,34,male,3,20160908
user_0011821,14,18,female,7,20150317
user_0011822,1,42,male,13,20150819
user_0011823,1,45,,7,20170121
user_0011824,21,25,male,3,20150903
user_0011825,1,37,male,7,20160509
user_0011826,13,31,female,7,20150204
user_0011827,1,46,male,3,20160420
user_0011828,16,30,female,13,20160819
user_0011829,1,16,,3,20150222
user_0011830,8,29,,3,20160727
user_0011831,1,22,male,4,20160416
user_0011832,16,34,female,4,20160211
user_0011833,1,24,female,3,20160219
user_0011834,14,32,male,4,20150501
user_0011835,21,18,female,3,20151102
user_0011836,4,40,male,9,20160209
user_0011837,1,2015,female,4,20160530
user_0011838,12,25,male,4,20150827
user_0011839,1,23,female,3,20161125
user_0011840,16,38,female,13,20160205
user_0011841,10,42,male,3,20161202
user_0011842,2,46,male,4,20161217
user_0011843,1,1000,,7,20150330
user_0011844,1,20,,4,20150327
user_0011845,14,36,male,3,20150330
user_0011846,6,2015,female,7,20161028
user_0011847,4,30,female,7,20151004
user_0011848,8,2015,male,3,20150902
user_0011849,1,39,male,3,20160702
user_0011850,1,39,male,3,20151119
user_0011851,1,23,female,3,20150414
user_0011852,1,33,,7,20160516
user_0011853,1,39,female,13,20150609
user_0011854,1,33,male,3,20160128
user_0011855,1,23,female,13,20150723
user_0011856,17,30,male,4,20150404
user_0011857,1,46,male,9,20160204
user_0011858,4,31,male,3,20161130
user_0011859,4,-1,male,3,20161211
user_0011860,7,24,female,9,20160605
user_0011861,1,23,,9,20160506
user_0011862,19,42,female,9,20150824
user_0011863,20,32,male,7,20160217
user_0011864,6,0,male,3,20150621
user_0011865,1,37,male,13,20160215
user_0011866,21,20,male,4,20160606
user_0011867,1,27,female,9,20160421
user_0011868,2,33,female,4,20161026
user_0011869,1,46,male,13,20160804
user_0011870,15,24,,7,20151015
user_0011871,8,31,,7,20151214
user_0011872,1,35,female,3,20160418
user_0011873,14,22,female,4,20160421
user_0011874,13,38,female,3,20151231
user_0011875,1,23,,3,20160824
user_0011876,4,30,female,4,20160421
user_0011877,7,2015,male,3,20150927
user_0011878,1,53,male,3,20170129
user_0011879,1,-1,male,4,20151016
user_0011880,16,37,male,7,20170102
user_0011881,18,31,,3,20150322
user_0011882,15,44,female,7,20160416
user_0011883,1,45,male,4,20150617
user_0011884,1,15,female,4,20160518
user_0011885,21,26,female,3,20160405
user_0011886,8,34,,3,20160608
user_0011887,17,30,male,9,20161017
user_0011888,1,24,female,4,20161126
user_0011889,8,42,male,9,20151125
user_0011890,11,36,,9,20161031
user_0011891,14,31,,7,20160222
user_0011892,9,34,female,4,20160610
user_0011893,1,34,female,3,20160521
user_0011894,1,0,female,3,20161227
user_0011895,19,47,female,4,20151218
user_0011896,1,0,male,7,20160428
user_0011897,16,43,female,9,20160728
user_0011898,4,33,male,13,20150419
user_0011899,7,39,female,7,20150426
user_0011900,10,1000,male,4,20160502
user_0011901,1,26,female,3,20150429
user_0011902,1,33,male,4,20150503
user_0011903,15,23,female,3,20170106
user_0011904,1,42,female,9,20150204
user_0011905,1,44,female,3,20160516
user_0011906,3,22,male,4,20150801
user_0011907,20,1000,male,3,20150114
user_0011908,4,31,male,3,20160318
user_0011909,1,37,male,7,20160202
user_0011910,7,35,female,3,20150617
user_0011911,1,22,male,3,20161016
user_0011912,1,28,female,3,20160507
user_0011913,1,48,male,9,20161025
user_0011914,8,38,female,9,20150728
user_0011915,1,-1,female,3,20161225
user_0011916,9,21,male,13,20160826
user_0011917,11,1000,female,3,20151211
user_0011918,1,29,female,3,20160422
user_0011919,18,36,female,4,20150320
user_0011920,1,39,female,3,20160305
user_0011921,15,32,male,9,20161109
user_0011922,5,36,male,13,20150109
user_0011923,17,15,male,3,20170111
user_0011924,11,34,male,4,20150207
user_0011925,12,16,male,4,20150323
user_0011926,4,39,male,13,20160128
user_0011927,17,1000,female,13,20150725
user_0011928,16,-1,female,3,20160919
user_0011929,13,48,male,13,20150825
user_0011930,1,23,male,7,20150927
user_0011931,1,39,male,4,20150910
user_0011932,14,27,female,4,20151114
user_0011933,21,28,female,9,20161016
user_0011934,11,1000,female,3,20150801
user_0011935,1,27,female,4,20150914
user_0011936,10,41,female,3,20151103
user_0011937,14,35,female,4,20150131
user_0011938,1,25,female,9,20151005
user_0011939,4,33,male,9,20160728
user_0011940,11,31,female,3,20161111
user_0011941,16,26,male,3,20160122
user_0011942,6,28,,7,20150722
user_0011943,12,1000,female,3,20160911
user_0011944,1,1000,male,3,20160411
user_0011945,21,38,female,9,20160518
user_0011946,1,2015,female,3,20160121
user_0011947,2,34,female,9,20170111
user_0011948,6,38,female,4,20150321
user_0011949,19,41,female,4,20160113
user_0011950,1,51,male,3,20151204
user_0011951,1,35,female,4,20160118
user_0011952,7,1000,female,9,20160228
user_0011953,1,2015,male,4,20161227
user_0011954,7,24,female,3,20150412
user_0011955,12,38,female,4,20150522
user_0011956,1,18,male,3,20161007
user_0011957,7,30,male,9,20151019
user_0011958,20,21,male,3,20160920
user_0011959,15,42,male,4,20170113
user_0011960,8,34,,3,20150419
user_0011961,1,37,female,3,20170120
user_0011962,1,34,female,7,20150304
user_0011963,13,37,male,7,20160907
user_0011964,15,29,female,9,20160113
user_0011965,12,43,male,3,20160613
user_0011966,1,18,male,4,20160810
user_0011967,1,0,male,3,20160922
user_0011968,16,25,male,7,20151204
user_0011969,4,41,male,3,20161105
user_0011970,7,53,female,13,20160727
user_0011971,9,30,,4,20160428
user_0011972,5,18,male,4,20160322
user_0011973,21,32,female,3,20160105
user_0011974,7,35,female,4,20160704
user_0011975,15,2015,,9,20160208
user_0011976,9,38,female,7,20160103
user_0011977,2,37,,4,20150828
user_0011978,10,-1,,9,20170130
user_0011979,1,24,male,3,20151015
user_0011980,13,33,,3,20150616
user_0011981,6,42,female,3,20160810
user_0011982,9,47,,4,20161009
user_0011983,7,52,female,4,20150205
user_0011984,9,1000,female,3,20160623
user_0011985,12,36,female,7,20161026
user_0011986,1,39,female,3,20150201
user_0011987,7,45,female,7,20150805
user_0011988,1,18,female,4,20160115
user_0011989,19,31,female,7,20160317
user_0011990,16,36,female,9,20170130
user_0011991,20,34,male,7,20150523
user_0011992,13,25,male,7,20150722
user_0011993,1,32,male,7,20160910
user_0011994,13,28,male,4,20161230
user_0011995,1,1000,,13,20160727
user_0011996,1,27,female,9,20150122
user_0011997,20,0,female,3,20150524
user_0011998,7,26,female,3,20160927
user_0011999,1,26,female,4,20160103
user_0012000,6,33,female,13,20160401
user_0012001,1,22,male,3,20160118
user_0012002,7,34,male,3,20160729
user_0012003,13,-1,,13,20160327
user_0012004,8,43,female,7,20160422
user_0012005,8,35,male,4,20150127
user_0012006,19,1000,female,3,20150324
user_0012007,20,37,,3,20160819
user_0012008,1,27,,3,20160726
user_0012009,14,2015,male,3,20160614
user_0012010,8,21,female,9,20160805
user_0012011,1,33,female,4,20160413
user_0012012,19,31,,4,20150123
user_0012013,1,35,female,7,20150925
user_0012014,21,36,male,4,20160107
user_0012015,20,0,female,3,20160419
user_0012016,1,40,female,7,20160131
user_0012017,15,2015,male,7,20160316
user_0012018,1,39,female,9,20161231
user_0012019,18,30,female,4,20150801
user_0012020,16,34,,3,20151201
user_0012021,20,23,male,13,20151107
user_0012022,1,35,female,3,20160524
user_0012023,1,31,female,3,20161220
user_0012024,4,39,male,7,20170130
user_0012025,17,-1,female,9,20150821
user_0012026,12,45,male,13,20150324
user_0012027,18,28,female,4,20160109
user_0012028,10,27,male,3,20151109
user_0012029,4,29,male,3,20150924
user_0012030,16,29,female,7,20160504
user_0012031,1,34,female,7,20160525
user_0012032,1,15,,3,20150130
user_0012033,7,30,male,7,20151029
user_0012034,19,37,male,13,20150912
user_0012035,13,36,female,3,20161202
user_0012036,1,38,male,7,20161220
user_0012037,17,1000,female,4,20150426
user_0012038,4,43,male,7,20161222
user_0012039,1,23,female,3,20150817
user_0012040,7,29,male,9,20150417
user_0012041,14,31,male,3,20170107
user_0012042,1,19,male,7,20150722
user_0012043,11,20,,3,20160516
user_0012044,1,33,male,3,20151107
user_0012045,1,21,male,13,20160710
user_0012046,20,2015,female,3,20150715
user_0012047,1,30,,13,20151212
user_0012048,20,29,female,9,20150615
user_0012049,13,16,,4,20150219
user_0012050,1,0,,4,20160608
user_0012051,3,44,female,3,20150205
user_0012052,13,38,female,7,20150314
user_0012053,13,41,male,7,20160809
user_0012054,1,42,,4,20151117
user_0012055,1,25,female,9,20170111
user_0012056,8,29,female,4,20150814
user_0012057,11,1000,female,4,20151230
user_0012058,1,38,male,7,20150727
user_0012059,1,40,female,4,20160626
user_0012060,15,36,,7,20150201
user_0012061,18,15,male,3,20150917
user_0012062,6,38,male,3,20151127
user_0012063,14,37,female,3,20160727
user_0012064,1,1000,male,9,20160820
user_0012065,6,-1,female,13,20150725
user_0012066,17,2015,male,13,20170127
user_0012067,2,38,female,4,20151014
user_0012068,15,35,male,9,20150719
user_0012069,1,31,male,3,20160813
user_0012070,1,1000,female,3,20161002
user_0012071,4,27,female,13,20160119
user_0012072,1,33,male,3,20160404
user_0012073,1,30,male,3,20160129
user_0012074,6,16,female,4,20161010
user_0012075,1,22,male,7,20150125
user_0012076,1,31,,13,20151227
user_0012077,5,35,male,3,20150822
user_0012078,1,31,female,7,20160228
user_0012079,5,22,female,9,20150719
user_0012080,16,2015,male,9,20160903
user_0012081,5,29,female,9,20151121
user_0012082,14,23,female,7,20151102
user_0012083,15,17,female,9,20150515
user_0012084,3,34,,4,20160219
user_0012085,5,31,male,4,20161204
user_0012086,1,15,male,4,20161011
user_0012087,1,15,female,4,20160914
user_0012088,19,21,male,4,20160318
user_0012089,1,43,male,7,20160830
user_0012090,1,49,male,3,20150115
user_0012091,12,34,female,9,20151106
user_0012092,16,21,female,7,20160127
user_0012093,13,35,male,3,20160506
user_0012094,3,46,female,3,20151108
user_0012095,12,29,,9,20150918
user_0012096,7,32,,4,20150212
user_0012097,10,41,male,9,20150804
user_0012098,13,34,female,4,20150216
user_0012099,7,29,female,13,20161125
user_0012100,15,20,male,4,20151215
user_0012101,1,36,male,13,20160820
user_0012102,10,38,male,4,20170110
user_0012103,12,40,female,4,20161020
user_0012104,11,35,,3,20160815
user_0012105,8,16,male,9,20160427
user_0012106,4,55,female,3,20160212
user_0012107,1,21,female,9,20160526
user_0012108,17,26,male,4,20150208
user_0012109,1,38,female,9,20170119
user_0012110,1,28,male,7,20150613
user_0012111,1,0,male,13,20160313
user_0012112,1,30,,4,20150419
user_0012113,1,34,male,3,20150726
user_0012114,1,26,female,13,20150713
user_0012115,2,1000,female,9,20150608
user_0012116,5,0,female,9,20150904
user_0012117,1,49,male,4,20161201
user_0012118,11,2015,female,3,20161119
user_0012119,13,28,female,3,20150606
user_0012120,1,33,male,9,20150503
user_0012121,10,48,female,7,20150217
user_0012122,1,16,,4,20160411
user_0012123,15,36,female,4,20160309
user_0012124,9,26,male,9,20150102
user_0012125,18,31,male,3,20150314
user_0012126,1,46,male,3,20161218
user_0012127,1,38,male,3,20151218
user_0012128,5,0,male,13,20150913
user_0012129,2,35,male,3,20150828
user_0012130,9,34,,13,20160916
user_0012131,6,29,,3,20150913
user_0012132,1,55,male,7,20161012
user_0012133,9,28,female,4,20160730
user_0012134,1,23,male,4,20150201
user_0012135,19,34,,3,20150911
user_0012136,6,22,female,4,20160904
user_0012137,10,32,,7,20161126
user_0012138,17,-1,male,9,20150912
user_0012139,1,24,male,9,20160913
user_0012140,14,35,female,9,20160831
user_0012141,11,61,male,3,20161004
user_0012142,18,40,,9,20161225
user_0012143,11,26,female,4,20150726
user_0012144,15,41,male,9,20160512
user_0012145,1,31,male,9,20150917
user_0012146,1,40,male,3,20151220
user_0012147,1,27,male,4,20150726
user_0012148,10,34,male,4,20160312
user_0012149,21,38,female,7,20151108
user_0012150,1,1000,male,13,20151013
user_0012151,6,28,,3,20150810
user_0012152,10,25,,7,20150828
user_0012153,1,1000,male,4,20151031
user_0012154,1,21,male,3,20150813
user_0012155,6,42,male,7,20160419
user_0012156,13,2015,,7,20151113
user_0012157,5,28,female,3,20160329
user_0012158,4,23,male,3,20150313
user_0012159,1,32,male,4,20160801
user_0012160,17,21,male,13,20151104
user_0012161,8,31,,9,20160928
user_0012162,7,32,female,7,20170128
user_0012163,18,26,male,4,20151020
user_0012164,15,28,male,13,20150313
user_0012165,7,42,female,4,20161117
user_0012166,10,29,female,3,20150804
user_0012167,1,49,female,4,20151104
user_0012168,20,36,female,3,20150919
user_0012169,6,24,,9,20150618
user_0012170,13,34,male,4,20161001
user_0012171,13,1000,female,7,20151025
user_0012172,14,33,male,9,20151005
user_0012173,12,38,male,9,20150802
user_0012174,15,45,male,9,20160613
user_0012175,5,1000,male,9,20150714
user_0012176,10,34,male,4,20150121
user_0012177,20,25,female,3,20150328
user_0012178,4,27,male,3,20160928
user_0012179,17,30,female,7,20161031
user_0012180,17,23,female,3,20150607
user_0012181,18,29,,13,20150708
user_0012182,19,38,male,3,20160621
user_0012183,15,0,female,7,20161116
user_0012184,1,20,female,3,20160101
user_0012185,7,31,female,4,20161124
user_0012186,14,43,female,9,20150529
user_0012187,13,35,female,9,20170122
user_0012188,1,29,,3,20151111
user_0012189,16,30,male,9,20150928
user_0012190,9,29,male,13,20151116
user_0012191,6,2015,female,3,20150122
user_0012192,18,34,male,9,20160925
user_0012193,13,25,female,3,20160816
user_0012194,11,1000,male,7,20150404
user_0012195,21,26,male,13,20160824
user_0012196,1,37,male,3,20150427
user_0012197,12,22,female,7,20161125
user_0012198,1,37,male,3,20150730
user_0012199,15,29,male,4,20160206
user_0012200,1,23,female,3,20160708
user_0012201,11,17,,4,20161010
user_0012202,21,40,female,7,20150424
user_0012203,4,-1,male,3,20150905
user_0012204,9,0,male,3,20160306
user_0012205,20,33,male,3,20150213
user_0012206,19,2015,female,4,20150811
user_0012207,9,35,female,3,20150625
user_0012208,1,19,male,3,20160719
user_0012209,1,36,male,7,20161025
user_0012210,5,35,male,7,20160125
user_0012211,4,40,male,3,20160725
user_0012212,13,20,male,7,20160526
user_0012213,2,-1,male,7,20150427
user_0012214,1,-1,male,3,20160818
user_0012215,1,33,female,3,20150919
user_0012216,18,37,male,3,20150108
user_0012217,2,23,male,7,20151226
user_0012218,3,32,male,3,20160708
user_0012219,1,26,male,4,20161202
user_0012220,6,36,female,4,20161108
user_0012221,1,36,,4,20160917
user_0012222,7,26,female,7,20161015
user_0012223,17,0,,3,20150626
user_0012224,17,32,male,3,20150901
user_0012225,10,32,female,4,20150717
user_0012226,5,44,female,3,20170126
user_0012227,1,47,female,7,20161125
user_0012228,20,1000,male,3,20160423
user_0012229,17,26,female,9,20160728
user_0012230,13,2015,,13,20150419
user_0012231,10,40,female,3,20160727
user_0012232,19,-1,male,4,20161115
user_0012233,20,27,,3,20151025
user_0012234,13,37,male,3,20150812
user_0012235,1,25,female,3,20161119
user_0012236,20,25,female,4,20151003
user_0012237,1,57,,9,20150519
user_0012238,4,22,,3,20160821
user_0012239,7,35,male,9,20150125
user_0012240,14,21,,7,20150724
user_0012241,13,36,male,7,20161214
user_0012242,9,33,male,9,20160121
user_0012243,1,29,female,7,20150330
user_0012244,1,30,female,9,20150925
user_0012245,1,19,male,13,20150111
user_0012246,3,23,female,9,20160609
user_0012247,19,45,female,4,20160913
user_0012248,20,0,male,3,20151110
user_0012249,1,0,female,7,20151228
user_0012250,1,28,male,7,20150225
user_0012251,14,40,male,7,20161206
user_0012252,10,29,female,4,20150529
user_0012253,18,29,female,7,20151226
user_0012254,14,48,,3,20160715
user_0012255,18,15,,3,20160427
user_0012256,1,30,female,13,20151217
user_0012257,17,39,female,9,20151210
user_0012258,1,40,,4,20161101
user_0012259,10,-1,male,4,20160208
user_0012260,14,22,male,3,20160215
user_0012261,1,1000,female,13,20150715
user_0012262,5,30,male,3,20150606
user_0012263,2,28,,7,20150311
user_0012264,6,42,female,3,20150930
user_0012265,2,43,male,3,20160106
user_0012266,7,38,male,4,20151105
user_0012267,1,1000,male,7,20151225
user_0012268,18,39,male,13,20161205
user_0012269,1,-1,male,7,20160428
user_0012270,1,37,male,7,20150826
user_0012271,6,37,,7,20150321
user_0012272,7,43,male,3,20170118
user_0012273,1,29,,3,20150728
user_0012274,1,22,male,7,20170108
user_0012275,20,36,female,3,20150323
user_0012276,1,0,female,3,20160223
user_0012277,3,43,,3,20150111
user_0012278,10,2015,female,3,20150817
user_0012279,4,22,male,4,20150718
user_0012280,9,1000,male,3,20150321
user_0012281,14,34,,4,20150331
user_0012282,1,36,male,4,20151004
user_0012283,11,28,female,3,20150601
user_0012284,20,26,,9,20150107
user_0012285,1,40,female,3,20160304
user_0012286,18,22,,3,20160416
user_0012287,9,2015,male,3,20160210
user_0012288,1,51,,9,20160408
user_0012289,13,38,male,3,20150806
user_0012290,14,23,female,13,20150611
user_0012291,4,42,male,3,20150121
user_0012292,18,28,,4,20160725
user_0012293,12,29,female,7,20161211
user_0012294,14,35,male,13,20160709
user_0012295,1,30,,9,20170119
user_0012296,7,30,,3,20161121
user_0012297,16,15,male,7,20150920
user_0012298,1,32,male,3,20150314
user_0012299,1,43,male,4,20160410
user_0012300,2,29,,7,20151227
user_0012301,4,25,,3,20150419
user_0012302,4,17,female,7,20151212
user_0012303,12,33,female,3,20160508
user_0012304,7,29,female,7,20151108
user_0012305,18,31,male,3,20150530
user_0012306,11,32,female,4,20160623
user_0012307,1,-1,,13,20160203
user_0012308,8,28,male,7,20150111
user_0012309,1,0,male,13,20161219
user_0012310,1,34,female,13,20161216
user_0012311,1,20,male,7,20160802
user_0012312,9,45,,9,20160612
user_0012313,3,23,male,7,20150806
user_0012314,1,35,female,4,20160709
user_0012315,5,33,male,9,20161023
user_0012316,2,1000,female,9,20160501
user_0012317,17,32,female,9,20150812
user_0012318,1,42,,3,20160319
user_0012319,1,45,,3,20160608
user_0012320,11,0,,4,20150325
user_0012321,6,35,female,7,20150706
user_0012322,2,20,female,4,20161103
user_0012323,7,1000,female,4,20161025
user_0012324,4,17,female,3,20160305
user_0012325,11,42,male,7,20150415
user_0012326,4,29,,13,20160526
user_0012327,1,29,male,7,20150611
user_0012328,11,42,male,3,20160406
user_0012329,6,37,male,7,20160505
user_0012330,1,23,male,3,20161019
user_0012331,1,-1,female,3,20150202
user_0012332,1,43,female,3,20151004
user_0012333,1,36,male,7,20160719
user_0012334,1,35,female,3,20150404
user_0012335,11,43,female,9,20150909
user_0012336,5,15,female,3,20151111
user_0012337,15,38,male,7,20161006
user_0012338,1,32,female,3,20150414
user_0012339,1,22,male,3,20150805
user_0012340,21,1000,female,4,20161227
user_0012341,11,16,,3,20160503
user_0012342,19,37,male,3,20150112
user_0012343,1,35,male,7,20160201
user_0012344,20,19,female,9,20160905
user_0012345,1,0,,3,20160910
user_0012346,1,26,,3,20150501
user_0012347,8,33,male,13,20150806
user_0012348,1,24,,7,20160808
user_0012349,2,39,male,9,20150125
user_0012350,1,33,,4,20150601
user_0012351,7,31,male,7,20161125
user_0012352,12,32,female,7,20150919
user_0012353,1,15,male,7,20150729
user_0012354,1,33,female,4,20150617
user_0012355,1,45,male,3,20161009
user_0012356,1,31,female,3,20160916
user_0012357,9,47,,3,20150917
user_0012358,1,28,female,3,20160301
user_0012359,3,26,female,4,20150903
user_0012360,13,23,male,9,20161006
user_0012361,1,22,,3,20150729
user_0012362,21,27,male,4,20160402
user_0012363,18,24,female,9,20160819
user_0012364,10,28,female,3,20150709
user_0012365,14,22,female,3,20150503
user_0012366,1,31,female,3,20160922
user_0012367,19,33,male,7,20160603
user_0012368,1,35,female,9,20150429
user_0012369,1,27,male,3,20160102
user_0012370,21,32,male,4,20151205
user_0012371,13,27,,3,20160220
user_0012372,6,30,male,3,20150905
user_0012373,10,32,male,4,20161008
user_0012374,10,38,,3,20150213
user_0012375,1,51,male,4,20150110
user_0012376,1,24,female,3,20160303
user_0012377,7,37,male,4,20160601
user_0012378,1,26,female,3,20151219
user_0012379,1,35,,4,20160327
user_0012380,12,31,female,3,20151128
user_0012381,20,42,male,4,20150714
user_0012382,9,40,,7,20160612
user_0012383,6,49,female,3,20150111
user_0012384,6,33,male,13,20150826
user_0012385,17,21,male,3,20161115
user_0012386,1,34,,9,20160204
user_0012387,13,33,,3,20160329
user_0012388,2,32,male,3,20160201
user_0012389,1,26,male,9,20170128
user_0012390,1,39,,4,20151128
user_0012391,16,18,male,3,20160318
user_0012392,1,41,female,4,20160418
user_0012393,1,48,male,9,20151101
user_0012394,1,15,,7,20161125
user_0012395,13,30,female,3,20160424
user_0012396,10,1000,male,3,20150227
user_0012397,1,33,male,4,20161230
user_0012398,1,20,female,3,20150324
user_0012399,1,15,male,3,20150601
user_0012400,1,1000,male,9,20160814
user_0012401,16,37,female,7,20170117
user_0012402,1,16,male,3,20150723
user_0012403,20,1000,male,4,20150915
user_0012404,8,15,male,4,20151019
user_0012405,17,39,male,7,20151230
user_0012406,1,28,,4,20150126
user_0012407,3,0,male,3,20160221
user_0012408,12,29,,9,20160701
user_0012409,2,40,,3,20150409
user_0012410,12,22,female,7,20160914
user_0012411,1,28,male,3,20150711
user_0012412,11,29,,7,20150624
user_0012413,12,27,female,3,20150914
user_0012414,18,41,male,9,20160207
user_0012415,13,15,male,3,20150820
user_0012416,3,15,,7,20160420
user_0012417,9,33,male,7,20150123
user_0012418,1,39,male,4,20150721
user_0012419,15,29,male,4,20160718
user_0012420,1,19,female,3,20150104
user_0012421,1,33,male,4,20161031
user_0012422,3,37,,4,20150316
user_0012423,4,-1,male,9,20150801
user_0012424,1,31,,3,20150227
user_0012425,10,45,female,3,20150113
user_0012426,20,43,male,4,20161123
user_0012427,1,31,female,9,20160408
user_0012428,8,30,male,3,20150917
user_0012429,1,0,male,3,20151223
user_0012430,1,43,female,13,20161208
user_0012431,15,27,female,4,20150328
user_0012432,1,37,female,7,20150322
user_0012433,1,49,female,4,20161107
user_0012434,1,26,,3,20150811
user_0012435,14,29,female,7,20160409
user_0012436,6,15,female,3,20160408
user_0012437,7,50,female,4,20160902
user_0012438,14,26,male,3,20160817
user_0012439,9,0,female,9,20150325
user_0012440,15,-1,female,4,20170102
user_0012441,6,30,male,7,20151118
user_0012442,19,-1,female,3,20160404
user_0012443,4,46,female,7,20160428
user_0012444,16,33,male,3,20150623
user_0012445,1,29,,3,20151115
user_0012446,1,39,male,3,20160826
user_0012447,8,35,,3,20160918
user_0012448,19,24,female,7,20150402
user_0012449,4,35,male,4,20161215
user_0012450,21,23,male,9,20160330
user_0012451,10,46,male,3,20160815
user_0012452,12,28,male,4,20160701
user_0012453,6,15,female,13,20151006
user_0012454,21,27,female,3,20150922
user_0012455,16,23,male,3,20151029
user_0012456,5,29,,9,20150531
user_0012457,1,55,female,3,20160217
user_0012458,1,15,male,7,20160830
user_0012459,19,30,female,4,20150413
user_0012460,1,27,male,9,20151016
user_0012461,1,42,male,4,20160412
user_0012462,2,2015,,7,20151213
user_0012463,19,39,female,3,20160722
user_0012464,14,28,female,13,20160629
user_0012465,12,15,female,3,20150303
user_0012466,1,31,male,9,20170113
user_0012467,18,22,female,7,20160801
user_0012468,3,-1,male,4,20150222
user_0012469,2,36,female,3,20160424
user_0012470,7,50,male,3,20151010
user_0012471,8,33,female,9,20160702
user_0012472,17,2015,,3,20160319
user_0012473,13,37,male,9,20150426
user_0012474,19,24,,9,20161011
user_0012475,20,22,female,3,20160625
user_0012476,1,1000,female,3,20161224
user_0012477,5,36,male,7,20150614
user_0012478,1,37,male,7,20150315
user_0012479,19,16,male,3,20151128
user_0012480,9,36,,9,20160504
user_0012481,1,28,female,9,20161101
user_0012482,19,40,female,7,20150319
user_0012483,11,16,,9,20160622
user_0012484,1,30,male,13,20150123
user_0012485,1,38,,3,20151027
user_0012486,6,0,female,13,20160922
user_0012487,19,39,,9,20161126
user_0012488,18,19,male,4,20160311
user_0012489,11,39,male,3,20150331
user_0012490,11,-1,,13,20160114
user_0012491,1,29,male,7,20150411
user_0012492,8,30,male,3,20160423
user_0012493,2,32,male,3,20160908
user_0012494,13,24,male,13,20151108
user_0012495,9,29,male,3,20151006
user_0012496,18,23,male,9,20161216
user_0012497,1,30,male,4,20160806
user_0012498,19,43,female,7,20150628
user_0012499,1,34,male,9,20150206
user_0012500,1,28,male,3,20161111
user_0012501,1,1000,male,3,20150301
user_0012502,1,23,male,3,20160509
user_0012503,14,27,male,4,20160102
user_0012504,1,17,female,3,20160216
user_0012505,13,24,female,9,20151109
user_0012506,1,39,male,9,20160201
user_0012507,3,-1,female,4,20160528
user_0012508,4,29,female,3,20151209
user_0012509,1,33,female,3,20160221
user_0012510,2,35,male,4,20161124
user_0012511,16,-1,female,9,20161119
user_0012512,10,22,,13,20150815
user_0012513,21,-1,female,13,20150105
user_0012514,14,37,,3,20160828
user_0012515,1,26,female,7,20151121
user_0012516,7,29,male,4,20160109
user_0012517,10,1000,male,4,20160514
user_0012518,13,39,male,7,20160121
user_0012519,8,28,male,3,20150215
user_0012520,1,1000,male,3,20160520
user_0012521,20,23,,4,20161111
user_0012522,2,41,male,3,20160427
user_0012523,1,29,male,9,20160624
user_0012524,19,46,male,3,20161214
user_0012525,1,27,male,3,20151122
user_0012526,14,35,,7,20150612
user_0012527,4,44,,13,20160418
user_0012528,6,35,male,4,20160218
user_0012529,1,18,female,3,20150722
user_0012530,7,22,female,9,20160205
user_0012531,20,41,female,7,20160101
user_0012532,13,15,female,7,20151220
user_0012533,1,57,,4,20150514
user_0012534,12,21,female,7,20160403
user_0012535,12,-1,male,7,20150207
user_0012536,21,15,male,4,20160118
user_0012537,5,52,female,3,20150602
user_0012538,1,2015,,9,20160105
user_0012539,15,29,female,9,20160808
user_0012540,7,48,male,3,20150121
user_0012541,21,1000,male,3,20150906
user_0012542,1,34,female,3,20151205
user_0012543,14,42,,9,20160607
user_0012544,11,16,male,7,20160601
user_0012545,1,39,male,4,20161114
user_0012546,18,33,female,13,20160927
user_0012547,1,37,male,13,20150427
user_0012548,1,36,female,4,20161117
user_0012549,9,26,male,3,20160701
user_0012550,6,-1,male,4,20170117
user_0012551,8,30,,4,20151202
user_0012552,5,28,male,9,20160403
user_0012553,1,36,male,9,20160501
user_0012554,15,15,,3,20150918
user_0012555,12,2015,female,9,20161129
user_0012556,7,25,,3,20150725
user_0012557,1,33,,3,20160819
user_0012558,21,33,female,4,20160712
user_0012559,19,1000,male,3,20160921
user_0012560,1,28,,3,20150517
user_0012561,19,29,male,3,20150507
user_0012562,7,27,female,9,20150220
user_0012563,6,18,male,7,20160917
user_0012564,1,34,,3,20150701
user_0012565,19,29,male,4,20170109
user_0012566,1,43,male,4,20160303
user_0012567,20,41,male,9,20161217
user_0012568,10,20,,3,20150729
user_0012569,5,-1,female,3,20160831
user_0012570,12,0,female,7,20150105
user_0012571,17,-1,male,7,20160928
user_0012572,1,33,female,7,20150112
user_0012573,17,36,,3,20160305
user_0012574,13,48,male,3,20160101
user_0012575,6,21,male,13,20161215
user_0012576,13,1000,male,13,20160711
user_0012577,5,40,male,3,20160720
user_0012578,16,28,female,4,20160703
user_0012579,15,25,,4,20150315
user_0012580,1,-1,male,3,20150310
user_0012581,5,33,female,3,20151006
user_0012582,20,48,,3,20160418
user_0012583,1,1000,male,13,20150328
user_0012584,3,34,female,4,20160828
user_0012585,18,34,,3,20161202
user_0012586,1,31,male,3,20151109
user_0012587,1,33,female,7,20150104
user_0012588,8,46,female,9,20160803
user_0012589,10,28,male,3,20160117
user_0012590,19,48,female,7,20150523
user_0012591,5,18,,3,20160621
user_0012592,17,43,,3,20150717
user_0012593,13,22,female,7,20151114
user_0012594,6,42,male,3,20151004
user_0012595,1,40,male,4,20161128
user_0012596,6,34,,4,20161210
user_0012597,9,27,female,3,20150919
user_0012598,1,22,female,9,20160314
user_0012599,15,15,female,7,20151018
user_0012600,3,0,female,9,20161029
user_0012601,3,18,,7,20150629
user_0012602,9,35,male,3,20170106
user_0012603,11,20,,7,20161016
user_0012604,5,35,male,4,20151223
user_0012605,15,18,female,7,20160419
user_0012606,1,1000,female,7,20160506
user_0012607,21,23,female,3,20160714
user_0012608,11,2015,female,9,20161030
user_0012609,21,23,male,4,20160401
user_0012610,1,-1,female,3,20150224
user_0012611,19,31,female,4,20151118
user_0012612,20,44,male,13,20151216
user_0012613,8,31,male,7,20150109
user_0012614,1,41,,3,20150126
user_0012615,12,34,male,3,20160801
user_0012616,17,55,female,7,20150611
user_0012617,1,38,male,13,20161228
user_0012618,9,22,male,4,20161023
user_0012619,15,37,,4,20150608
user_0012620,1,29,female,3,20160705
user_0012621,1,30,female,3,20160506
user_0012622,10,0,female,9,20150919
user_0012623,1,36,male,3,20160425
user_0012624,1,29,female,4,20151026
user_0012625,9,-1,,7,20150206
user_0012626,1,22,,4,20151223
user_0012627,8,33,female,7,20160222
user_0012628,15,1000,female,7,20161025
user_0012629,1,23,female,3,20160523
user_0012630,14,25,,4,20160722
user_0012631,10,40,female,7,20160915
user_0012632,1,15,male,3,20150330
user_0012633,3,2015,male,13,20160210
user_0012634,1,-1,male,7,20151104
user_0012635,5,33,male,13,20150103
user_0012636,4,40,,9,20160312
user_0012637,1,37,male,3,20160204
user_0012638,8,39,male,3,20151026
user_0012639,10,38,female,9,20161220
user_0012640,18,15,male,3,20150531
user_0012641,1,40,male,9,20160211
user_0012642,1,33,male,13,20150311
user_0012643,3,38,,7,20160509
user_0012644,1,29,female,7,20151216
user_0012645,1,1000,female,4,20150109
user_0012646,1,37,male,9,20160817
user_0012647,20,46,female,7,20160920
user_0012648,18,30,female,3,20150322
user_0012649,10,-1,male,7,20151004
user_0012650,19,35,,3,20161028
user_0012651,19,29,female,3,20150313
user_0012652,3,31,male,3,20160316
user_0012653,9,41,,9,20161023
user_0012654,15,24,male,7,20161016
user_0012655,14,35,,4,20150827
user_0012656,1,16,female,9,20170109
user_0012657,5,23,female,4,20161104
user_0012658,5,37,male,3,20160629
user_0012659,2,39,male,3,20150907
user_0012660,16,25,female,7,20151214
user_0012661,10,27,male,3,20150602
user_0012662,1,27,male,4,20150709
user_0012663,10,50,female,3,20170106
user_0012664,9,49,female,7,20150310
user_0012665,12,45,male,3,20150114
user_0012666,15,42,,3,20150116
user_0012667,5,34,female,7,20151213
user_0012668,1,34,female,9,20161117
user_0012669,1,21,female,7,20160426
user_0012670,20,57,female,3,20160102
user_0012671,4,-1,female,4,20161219
user_0012672,1,36,female,4,20160408
user_0012673,19,31,,13,20160229
user_0012674,18,20,male,3,20161227
user_0012675,11,15,female,9,20151216
user_0012676,1,30,,3,20160529
user_0012677,11,20,female,9,20150714
user_0012678,21,39,female,3,20151003
user_0012679,12,33,male,4,20150812
user_0012680,4,18,female,3,20160811
user_0012681,1,19,male,7,20150728
user_0012682,1,31,female,3,20151105
user_0012683,20,32,male,9,20160103
user_0012684,1,40,,13,20150731
user_0012685,19,37,male,7,20150225
user_0012686,16,22,male,3,20150420
user_0012687,1,2015,male,3,20160916
user_0012688,1,22,male,9,20150618
user_0012689,12,35,,4,20161118
user_0012690,1,20,male,4,20160605
user_0012691,21,34,male,9,20151023
user_0012692,1,23,female,7,20160427
user_0012693,1,32,male,4,20160516
user_0012694,14,17,male,3,20150911
user_0012695,12,1000,,3,20170106
user_0012696,1,25,male,3,20150804
user_0012697,1,39,male,3,20160826
user_0012698,1,33,female,4,20161021
user_0012699,6,42,male,13,20160108
user_0012700,20,15,male,3,20160409
user_0012701,9,35,male,4,20150301
user_0012702,17,34,,7,20150816
user_0012703,20,1000,male,13,20151102
user_0012704,19,40,female,13,20150412
user_0012705,9,27,female,7,20150714
user_0012706,4,21,,4,20160628
user_0012707,18,32,,7,20150227
user_0012708,21,40,female,4,20160919
user_0012709,1,29,male,9,20150327
user_0012710,1,28,male,9,20150301
user_0012711,1,32,female,3,20160122
user_0012712,12,0,female,4,20160306
user_0012713,1,28,female,3,20160701
user_0012714,2,29,female,3,20150601
user_0012715,19,41,female,4,20150130
user_0012716,20,1000,male,7,20160801
user_0012717,1,25,female,4,20150715
user_0012718,4,21,female,4,20161114
user_0012719,20,15,female,4,20150301
user_0012720,13,51,male,4,20150315
user_0012721,1,42,male,3,20160618
user_0012722,8,23,female,7,20160606
user_0012723,1,28,female,9,20160604
user_0012724,6,0,female,4,20150701
user_0012725,2,39,female,7,20150531
user_0012726,6,28,female,3,20150504
user_0012727,15,37,,7,20160627
user_0012728,20,34,,4,20150728
user_0012729,4,41,female,7,20151225
user_0012730,1,30,female,7,20160713
user_0012731,1,-1,female,4,20161027
user_0012732,16,30,male,3,20170126
user_0012733,1,35,female,13,20161019
user_0012734,6,1000,male,9,20150104
user_0012735,9,33,female,4,20161005
user_0012736,1,37,,3,20151109
user_0012737,1,15,male,9,20160706
user_0012738,17,-1,female,7,20161204
user_0012739,20,43,male,3,20170128
user_0012740,1,52,,9,20151220
user_0012741,18,52,male,3,20160413
user_0012742,1,2015,,9,20160513
user_0012743,16,23,male,3,20160530
user_0012744,10,37,female,13,20160503
user_0012745,4,37,female,3,20150216
user_0012746,13,24,female,13,20150928
user_0012747,7,33,female,3,20160122
user_0012748,19,19,,3,20150109
user_0012749,9,42,male,3,20160714
user_0012750,1,-1,female,4,20160325
user_0012751,4,28,male,3,20160930
user_0012752,10,33,male,7,20150105
user_0012753,18,34,female,7,20150411
user_0012754,11,0,female,7,20160222
user_0012755,1,0,male,4,20170102
user_0012756,1,39,female,4,20160108
user_0012757,16,35,female,3,20150811
user_0012758,1,37,,4,20160211
user_0012759,7,36,female,4,20150514
user_0012760,12,20,female,3,20161231
user_0012761,14,24,female,4,20150115
user_0012762,3,1000,female,3,20160326
user_0012763,20,24,male,4,20150822
user_0012764,1,-1,female,3,20150127
user_0012765,8,37,,4,20160927
user_0012766,3,30,male,7,20151010
user_0012767,1,2015,female,3,20160124
user_0012768,1,45,female,4,20151027
user_0012769,1,33,,3,20150124
user_0012770,5,21,female,3,20161005
user_0012771,1,31,female,7,20151107
user_0012772,12,1000,female,7,20160625
user_0012773,21,52,male,7,20160106
user_0012774,13,45,,9,20161216
user_0012775,19,44,male,3,20160806
user_0012776,7,39,,3,20150128
user_0012777,1,-1,male,3,20160504
user_0012778,8,-1,female,3,20150204
user_0012779,8,-1,female,7,20150628
user_0012780,13,32,male,7,20150209
user_0012781,18,35,,7,20160610
user_0012782,1,32,,4,20160120
user_0012783,1,34,male,3,20160313
user_0012784,1,36,female,7,20160603
user_0012785,1,53,female,9,20150227
user_0012786,10,26,male,9,20160816
user_0012787,13,33,female,3,20160611
user_0012788,18,0,male,3,20160208
user_0012789,1,20,,4,20160513
user_0012790,9,36,male,7,20160831
user_0012791,5,33,male,9,20161015
user_0012792,4,1000,female,3,20160216
user_0012793,3,36,,9,20160417
user_0012794,1,39,male,4,20151010
user_0012795,9,33,male,13,20160826
user_0012796,13,20,,9,20160516
user_0012797,1,35,female,4,20150921
user_0012798,1,33,female,13,20170105
user_0012799,13,1000,male,4,20160609
user_0012800,18,39,male,3,20151122
user_0012801,1,38,female,3,20150115
user_0012802,14,2015,male,4,20150704
user_0012803,1,15,,7,20160626
user_0012804,4,46,,3,20160814
user_0012805,19,35,female,13,20150103
user_0012806,1,30,,3,20161004
user_0012807,9,15,male,13,20160310
user_0012808,1,33,female,7,20151101
user_0012809,20,25,male,7,20160215
user_0012810,12,15,male,4,20150102
user_0012811,1,37,female,4,20150315
user_0012812,1,29,female,3,20160912
user_0012813,1,37,male,4,20151115
user_0012814,11,41,female,9,20150201
user_0012815,18,45,female,7,20150622
user_0012816,3,50,female,9,20150108
user_0012817,19,-1,male,4,20160815
user_0012818,20,-1,,3,20160520
user_0012819,1,28,,4,20151106
user_0012820,3,32,,13,20160730
user_0012821,1,29,,7,20160127
user_0012822,19,31,male,3,20160813
user_0012823,20,25,male,9,20150323
user_0012824,20,41,female,9,20150426
user_0012825,18,23,male,7,20160509
user_0012826,11,15,,7,20161116
user_0012827,18,28,male,7,20150717
user_0012828,11,37,male,4,20160922
user_0012829,13,34,male,4,20161016
user_0012830,8,20,,7,20150912
user_0012831,21,20,female,4,20160924
user_0012832,6,32,male,3,20150909
user_0012833,1,2015,male,9,20150226
user_0012834,2,31,male,9,20150827
user_0012835,9,31,male,3,20150620
user_0012836,17,36,male,9,20151007
user_0012837,14,24,,7,20150324
user_0012838,1,0,female,3,20150731
user_0012839,4,43,male,3,20161108
user_0012840,8,2015,,3,20160514
user_0012841,10,2015,female,4,20160527
user_0012842,5,41,female,3,20151107
user_0012843,9,32,,7,20150118
user_0012844,5,29,female,13,20160409
user_0012845,1,34,male,3,20160329
user_0012846,19,27,female,3,20150207
user_0012847,1,37,female,4,20160721
user_0012848,13,38,male,3,20150918
user_0012849,16,27,female,3,20150116
user_0012850,1,41,female,3,20150109
user_0012851,1,37,male,9,20150613
user_0012852,1,22,,4,20160513
user_0012853,1,42,female,9,20150610
user_0012854,11,39,female,9,20151027
user_0012855,4,45,female,3,20150418
user_0012856,5,29,,3,20160506
user_0012857,1,2015,male,3,20150320
user_0012858,13,35,female,7,20160227
user_0012859,1,15,female,4,20160417
user_0012860,4,37,male,9,20150323
user_0012861,20,28,male,7,20150417
user_0012862,16,27,male,3,20150429
user_0012863,21,32,male,4,20160611
user_0012864,1,-1,female,4,20150313
user_0012865,21,-1,,3,20151209
user_0012866,1,27,male,3,20160131
user_0012867,10,36,female,7,20150417
user_0012868,1,38,female,7,20161122
user_0012869,1,29,male,4,20160105
user_0012870,7,22,male,3,20160913
user_0012871,1,34,male,3,20161113
user_0012872,12,35,male,4,20160513
user_0012873,17,40,female,7,20161113
user_0012874,19,43,male,4,20160720
user_0012875,11,21,female,7,20170118
user_0012876,1,38,,3,20161014
user_0012877,14,38,male,7,20160314
user_0012878,5,1000,male,7,20150423
user_0012879,15,0,,4,20150417
user_0012880,12,-1,female,4,20160920
user_0012881,8,45,male,3,20150503
user_0012882,2,34,female,3,20151114
user_0012883,6,45,male,7,20160820
user_0012884,9,30,male,3,20160313
user_0012885,16,33,female,3,20160308
user_0012886,21,28,,4,20150324
user_0012887,6,0,,13,20161130
user_0012888,14,50,female,13,20151017
user_0012889,10,31,male,7,20161103
user_0012890,1,36,,3,20151113
user_0012891,6,-1,male,3,20160530
user_0012892,10,46,female,4,20160809
user_0012893,21,0,female,3,20161001
user_0012894,1,38,,3,20160606
user_0012895,14,41,,7,20160125
user_0012896,6,33,,7,20160413
user_0012897,1,27,male,13,20161202
user_0012898,20,30,male,3,20150703
user_0012899,19,36,,4,20160112
user_0012900,1,37,female,7,20151226
user_0012901,1,28,male,3,20160330
user_0012902,12,36,female,3,20160506
user_0012903,1,24,male,13,20170121
user_0012904,1,26,female,3,20150813
user_0012905,16,28,female,9,20160902
user_0012906,1,28,female,4,20160525
user_0012907,1,25,male,9,20160316
user_0012908,9,40,,9,20150331
user_0012909,1,35,female,3,20150502
user_0012910,20,36,male,3,20160720
user_0012911,20,23,female,7,20150418
user_0012912,12,1000,male,3,20160924
user_0012913,1,26,female,3,20161107
user_0012914,3,41,,7,20161224
user_0012915,1,37,female,4,20150106
user_0012916,18,42,male,3,20160930
user_0012917,20,37,,9,20160422
user_0012918,1,-1,male,9,20150619
user_0012919,3,21,,9,20160520
user_0012920,6,28,female,3,20151024
user_0012921,19,22,female,13,20150922
user_0012922,1,30,female,4,20160114
user_0012923,11,35,male,3,20150618
user_0012924,16,19,female,3,20150423
user_0012925,15,30,,9,20160327
user_0012926,4,38,female,7,20150824
user_0012927,1,2015,male,13,20170107
user_0012928,1,32,female,3,20160920
user_0012929,3,32,male,3,20160124
user_0012930,17,32,female,9,20150824
user_0012931,15,45,male,3,20160425
user_0012932,1,35,female,3,20161012
user_0012933,1,40,,3,20151121
user_0012934,18,30,,4,20150721
user_0012935,1,32,female,3,20150629
user_0012936,1,2015,female,3,20160816
user_0012937,7,39,female,13,20160421
user_0012938,16,2015,female,3,20160929
user_0012939,2,37,male,3,20160711
user_0012940,5,34,female,3,20170108
user_0012941,17,44,female,9,20160215
user_0012942,5,43,male,9,20161007
user_0012943,1,37,,9,20161024
user_0012944,1,40,male,4,20150924
user_0012945,2,15,female,9,20170122
user_0012946,1,29,,9,20170101
user_0012947,12,32,female,9,20150413
user_0012948,18,29,female,3,20161113
user_0012949,1,33,female,4,20150727
user_0012950,19,30,,7,20161229
user_0012951,10,23,female,3,20160619
user_0012952,1,46,female,9,20150909
user_0012953,1,25,,7,20160302
user_0012954,11,36,female,9,20160314
user_0012955,8,39,,7,20150302
user_0012956,1,37,male,4,20150924
user_0012957,15,31,female,3,20151009
user_0012958,1,47,female,3,20150301
user_0012959,18,27,female,4,20150925
user_0012960,1,34,male,13,20150806
user_0012961,7,30,female,3,20161231
user_0012962,1,42,,9,20150726
user_0012963,9,18,female,3,20150331
user_0012964,15,2015,,4,20151225
user_0012965,1,-1,female,9,20161106
user_0012966,6,1000,male,4,20151118
user_0012967,2,-1,male,3,20161215
user_0012968,6,39,male,3,20161114
user_0012969,7,21,female,7,20150916
user_0012970,1,34,male,7,20150511
user_0012971,11,36,,7,20160222
user_0012972,5,0,female,3,20160620
user_0012973,15,-1,male,7,20160314
user_0012974,7,40,female,9,20160603
user_0012975,1,15,male,4,20161219
user_0012976,5,25,female,3,20150809
user_0012977,4,46,male,7,20150722
user_0012978,1,45,female,9,20150704
user_0012979,17,2015,female,4,20160211
user_0012980,16,29,female,4,20151117
user_0012981,1,34,male,7,20151211
user_0012982,20,34,male,9,20160804
user_0012983,18,27,male,3,20161116
user_0012984,7,35,male,7,20160906
user_0012985,5,41,male,3,20161229
user_0012986,1,26,,3,20151218
user_0012987,1,34,male,7,20150521
user_0012988,2,31,male,3,20160328
user_0012989,5,26,female,7,20160406
user_0012990,13,0,female,9,20151208
user_0012991,1,22,female,7,20160306
user_0012992,1,39,male,9,20160611
user_0012993,1,25,male,7,20150417
user_0012994,20,15,male,4,20150418
user_0012995,1,34,male,13,20160105
user_0012996,1,40,,3,20160313
user_0012997,1,34,female,3,20150430
user_0012998,1,35,,4,20151207
user_0012999,9,36,female,4,20150721
user_0013000,9,36,female,3,20150102
user_0013001,18,19,female,13,20151205
user_0013002,1,1000,,3,20160326
user_0013003,10,22,,3,20150317
user_0013004,1,29,female,4,20151207
user_0013005,1,41,male,3,20150728
user_0013006,8,34,female,7,20161006
user_0013007,18,37,male,3,20150926
user_0013008,18,30,female,3,20160227
user_0013009,1,48,female,7,20150124
user_0013010,1,28,,7,20151018
user_0013011,1,39,female,3,20161120
user_0013012,15,30,female,4,20160201
user_0013013,1,18,female,4,20170102
user_0013014,1,20,,3,20170106
user_0013015,17,36,,3,20160530
user_0013016,1,27,,7,20160812
user_0013017,1,35,,9,20160807
user_0013018,20,0,male,9,20170123
user_0013019,11,21,,9,20150515
user_0013020,3,19,female,4,20160828
user_0013021,1,20,male,3,20160110
user_0013022,17,27,,7,20151016
user_0013023,1,44,female,3,20150205
user_0013024,7,26,male,3,20150830
user_0013025,17,23,female,3,20150629
user_0013026,4,29,male,3,20151011
user_0013027,10,22,,4,20150228
user_0013028,14,46,,4,20150419
user_0013029,7,-1,male,13,20160904
user_0013030,1,36,male,9,20160717
user_0013031,1,-1,male,9,20161030
user_0013032,1,21,female,7,20150707
user_0013033,1,42,female,3,20150502
user_0013034,1,32,male,3,20160424
user_0013035,5,47,,9,20150315
user_0013036,6,30,male,7,20170106
user_0013037,11,39,male,3,20150405
user_0013038,1,30,male,4,20150206
user_0013039,1,40,female,3,20161211
user_0013040,1,42,,4,20160925
user_0013041,1,21,female,4,20150723
user_0013042,1,25,male,4,20150114
user_0013043,21,41,female,7,20151115
user_0013044,10,35,female,7,20150907
user_0013045,15,39,male,9,20161102
user_0013046,1,35,,4,20151112
user_0013047,1,30,female,3,20150107
user_0013048,10,23,female,9,20150715
user_0013049,1,25,female,3,20160324
user_0013050,18,2015,,7,20150309
user_0013051,1,-1,male,3,20160131
user_0013052,1,-1,female,3,20151110
user_0013053,3,30,male,13,20150510
user_0013054,1,28,female,3,20150214
user_0013055,1,20,female,3,20160416
user_0013056,17,35,female,3,20150515
user_0013057,19,38,male,13,20161014
user_0013058,1,26,male,4,20150529
user_0013059,10,36,female,3,20150425
user_0013060,8,34,female,9,20151231
user_0013061,13,38,female,9,20150426
user_0013062,1,41,male,3,20160823
user_0013063,21,28,male,3,20160311
user_0013064,2,29,male,9,20150713
user_0013065,18,35,male,4,20160707
user_0013066,1,2015,,4,20150916
user_0013067,1,40,female,3,20160907
user_0013068,1,35,male,4,20161205
user_0013069,2,36,,9,20170107
user_0013070,4,1000,,9,20151227
user_0013071,5,1000,male,3,20161010
user_0013072,19,36,male,7,20150616
user_0013073,1,29,male,3,20160126
user_0013074,1,39,female,4,20160116
user_0013075,13,0,,9,20160114
user_0013076,1,41,male,3,20151113
user_0013077,1,36,male,4,20160226
user_0013078,5,15,,3,20150326
user_0013079,3,37,female,3,20151031
user_0013080,16,42,,7,20160607
user_0013081,20,25,female,3,20160911
user_0013082,19,37,male,3,20150312
user_0013083,3,-1,female,3,20150406
user_0013084,16,-1,male,7,20160408
user_0013085,7,37,female,4,20160721
user_0013086,15,25,,7,20150624
user_0013087,20,21,male,3,20150415
user_0013088,19,33,male,7,20150416
user_0013089,1,18,male,3,20150727
user_0013090,13,28,female,3,20150213
user_0013091,5,29,female,3,20160109
user_0013092,9,33,male,9,20161225
user_0013093,8,2015,,3,20161201
user_0013094,15,1000,male,4,20161205
user_0013095,16,-1,female,13,20161227
user_0013096,12,2015,male,3,20160913
user_0013097,1,0,female,3,20160914
user_0013098,1,35,,3,20160924
user_0013099,1,31,male,4,20160217
user_0013100,1,31,,9,20160124
user_0013101,3,30,female,3,20160528
user_0013102,1,31,female,4,20161117
user_0013103,1,25,male,3,20150507
user_0013104,2,28,male,13,20160601
user_0013105,21,23,male,4,20160426
user_0013106,20,45,male,7,20161202
user_0013107,17,44,male,3,20161030
user_0013108,5,38,male,4,20150704
user_0013109,4,28,female,9,20160423
user_0013110,1,21,male,3,20160620
user_0013111,5,15,female,3,20160110
user_0013112,1,30,female,3,20151107
user_0013113,15,36,female,9,20150928
user_0013114,3,28,female,9,20161008
user_0013115,1,45,female,7,20151125
user_0013116,3,44,male,3,20151004
user_0013117,1,38,male,3,20151031
user_0013118,15,2015,female,7,20160309
user_0013119,3,15,male,4,20160308
user_0013120,9,19,female,3,20151123
user_0013121,15,33,male,13,20161213
user_0013122,11,26,male,3,20150506
user_0013123,1,37,female,7,20151027
user_0013124,3,31,male,3,20160109
user_0013125,1,29,female,9,20160208
user_0013126,19,2015,,3,20160903
user_0013127,1,42,,13,20160720
user_0013128,21,0,,7,20160105
user_0013129,21,41,female,9,20150608
user_0013130,1,15,male,7,20160909
user_0013131,9,43,female,3,20160408
user_0013132,9,37,,4,20150402
user_0013133,1,-1,male,13,20160226
user_0013134,1,51,,3,20160706
user_0013135,8,28,male,4,20160824
user_0013136,11,38,female,4,20150825
user_0013137,1,32,male,4,20160626
user_0013138,1,2015,female,3,20150424
user_0013139,4,36,female,3,20150119
user_0013140,1,27,male,3,20150214
user_0013141,6,33,male,3,20150808
user_0013142,15,22,female,3,20160809
user_0013143,1,27,,7,20150116
user_0013144,1,18,,9,20150811
user_0013145,1,48,male,3,20160621
user_0013146,19,22,female,3,20150323
user_0013147,11,29,female,4,20160524
user_0013148,1,30,female,3,20150817
user_0013149,17,51,male,4,20160402
user_0013150,21,29,female,3,20150613
user_0013151,18,34,male,4,20160928
user_0013152,1,38,female,7,20161006
user_0013153,16,38,male,9,20161114
user_0013154,20,28,male,7,20160918
user_0013155,6,32,female,9,20150907
user_0013156,1,25,male,13,20150623
user_0013157,21,1000,female,4,20161008
user_0013158,1,36,male,3,20150820
user_0013159,15,24,female,3,20160129
user_0013160,17,50,male,4,20161215
user_0013161,1,0,male,7,20161208
user_0013162,1,40,female,9,20150625
user_0013163,1,30,male,3,20150213
user_0013164,14,29,female,4,20161115
user_0013165,6,2015,male,3,20150417
user_0013166,14,23,female,4,20150311
user_0013167,2,15,female,9,20160521
user_0013168,9,2015,female,3,20170105
user_0013169,1,36,female,7,20150504
user_0013170,1,29,female,7,20161005
user_0013171,1,38,male,7,20160521
user_0013172,6,34,female,3,20150524
user_0013173,1,34,female,4,20150411
user_0013174,1,33,male,3,20150407
user_0013175,9,40,male,4,20161017
user_0013176,1,38,female,3,20161126
user_0013177,5,34,male,13,20160212
user_0013178,7,2015,male,3,20151028
user_0013179,12,24,,3,20150123
user_0013180,1,34,male,9,20160512
user_0013181,17,32,male,4,20150820
user_0013182,15,43,male,4,20160609
user_0013183,4,27,female,9,20160110
user_0013184,16,33,male,4,20160227
user_0013185,17,40,female,4,20160628
user_0013186,1,28,female,7,20150724
user_0013187,2,26,male,3,20150807
user_0013188,1,34,male,3,20150326
user_0013189,13,27,female,7,20160619
user_0013190,11,26,female,4,20161011
user_0013191,1,27,female,13,20160521
user_0013192,1,25,female,4,20160812
user_0013193,6,2015,female,9,20161101
user_0013194,1,47,male,3,20170104
user_0013195,1,28,male,3,20151028
user_0013196,17,43,male,3,20161216
user_0013197,14,25,male,9,20150403
user_0013198,4,32,male,4,20150820
user_0013199,1,36,male,7,20150618
user_0013200,16,20,,3,20160202
user_0013201,1,39,,3,20160914
user_0013202,7,15,male,3,20160704
user_0013203,1,44,female,3,20160108
user_0013204,12,29,male,3,20151001
user_0013205,10,37,male,7,20160308
user_0013206,20,36,,3,20160513
user_0013207,10,1000,female,9,20150902
user_0013208,16,40,male,4,20150720
user_0013209,1,0,male,3,20160921
user_0013210,13,42,,3,20160914
user_0013211,1,42,female,3,20150209
user_0013212,20,39,female,7,20161110
user_0013213,1,21,female,3,20170126
user_0013214,1,47,male,4,20160926
user_0013215,13,18,female,4,20160725
user_0013216,9,30,female,3,20150918
user_0013217,1,1000,female,9,20150620
user_0013218,1,19,male,4,20150601
user_0013219,1,17,male,3,20160613
user_0013220,1,28,male,3,20170122
user_0013221,1,37,male,3,20150630
user_0013222,1,21,female,3,20160511
user_0013223,1,21,female,7,20150803
user_0013224,13,30,female,7,20150630
user_0013225,1,39,male,4,20160322
user_0013226,14,40,female,7,20151128
user_0013227,6,39,female,7,20160226
user_0013228,12,22,female,4,20150706
user_0013229,1,44,male,3,20160901
user_0013230,18,18,female,7,20150928
user_0013231,12,35,,3,20160519
user_0013232,1,2015,male,4,20151209
user_0013233,1,34,male,3,20150102
user_0013234,6,24,,7,20160226
user_0013235,20,34,female,7,20150510
user_0013236,1,23,,3,20150728
user_0013237,1,37,male,4,20150112
user_0013238,1,42,male,7,20160730
user_0013239,1,35,male,4,20160702
user_0013240,4,28,,3,20150626
user_0013241,18,30,male,3,20160502
user_0013242,21,26,female,9,20150922
user_0013243,3,31,female,3,20161226
user_0013244,18,1000,female,3,20150627
user_0013245,14,22,,9,20160219
user_0013246,1,17,female,3,20160305
user_0013247,3,54,female,3,20160417
user_0013248,1,34,,3,20170103
user_0013249,6,25,male,3,20160610
user_0013250,14,28,male,3,20150628
user_0013251,1,0,female,7,20150614
user_0013252,1,30,female,3,20161209
user_0013253,20,21,male,9,20151120
user_0013254,1,29,female,3,20150105
user_0013255,1,29,female,3,20160605
user_0013256,10,40,female,4,20151116
user_0013257,1,21,female,3,20151115
user_0013258,1,-1,male,4,20151116
user_0013259,18,27,male,4,20160217
user_0013260,1,24,female,7,20161201
user_0013261,4,2015,female,13,20150113
user_0013262,5,-1,male,4,20160523
user_0013263,21,39,,9,20151018
user_0013264,13,0,male,3,20151116
user_0013265,16,-1,female,7,20151105
user_0013266,1,1000,female,4,20160806
user_0013267,8,25,female,7,20160724
user_0013268,1,37,male,4,20150905
user_0013269,5,30,male,9,20160805
user_0013270,20,30,male,3,20150603
user_0013271,2,61,male,3,20161006
user_0013272,9,30,female,4,20160720
user_0013273,13,20,male,7,20160620
user_0013274,8,32,female,3,20161105
user_0013275,1,2015,female,9,20151226
user_0013276,6,30,male,3,20160313
user_0013277,11,15,male,13,20160528
user_0013278,1,42,,13,20150831
user_0013279,5,32,female,3,20160113
user_0013280,20,38,,7,20150321
user_0013281,19,27,,9,20151204
user_0013282,9,28,male,3,20160323
user_0013283,2,52,male,7,20150928
user_0013284,19,-1,female,4,20160516
user_0013285,1,33,male,4,20161020
user_0013286,7,35,female,3,20170130
user_0013287,11,26,female,7,20150712
user_0013288,1,29,male,3,20150529
user_0013289,14,46,male,3,20150301
user_0013290,18,39,,3,20160717
user_0013291,14,23,,13,20150122
user_0013292,7,37,female,4,20150506
user_0013293,1,36,female,3,20150801
user_0013294,1,15,male,4,20161217
user_0013295,1,1000,female,7,20150206
user_0013296,17,-1,male,7,20160826
user_0013297,2,34,female,7,20160722
user_0013298,1,33,male,9,20160614
user_0013299,11,43,female,3,20150430
user_0013300,2,29,male,3,20161113
user_0013301,1,46,,9,20150725
user_0013302,11,46,female,4,20160815
user_0013303,13,32,female,4,20160615
user_0013304,9,48,female,9,20160327
user_0013305,6,41,male,7,20161022
user_0013306,17,43,male,9,20150405
user_0013307,15,32,,3,20160801
user_0013308,1,33,,7,20161201
user_0013309,14,24,male,4,20160430
user_0013310,20,28,male,4,20160329
user_0013311,20,0,male,3,20160629
user_0013312,1,32,female,3,20150716
user_0013313,8,26,male,9,20150902
user_0013314,1,29,male,4,20170111
user_0013315,1,22,male,3,20170103
user_0013316,14,1000,male,7,20150710
user_0013317,11,2015,male,9,20151119
user_0013318,1,1000,,4,20160825
user_0013319,13,22,male,3,20160525
user_0013320,13,23,female,7,20150612
user_0013321,1,26,,7,20160120
user_0013322,1,17,female,7,20160815
user_0013323,13,21,male,3,20151119
user_0013324,18,29,,3,20150725
user_0013325,2,38,male,13,20150611
user_0013326,1,36,,4,20160511
user_0013327,13,33,,3,20170110
user_0013328,1,38,male,3,20150807
user_0013329,1,32,male,4,20160509
user_0013330,1,2015,female,3,20150922
user_0013331,16,45,male,3,20160827
user_0013332,19,29,female,7,20151212
user_0013333,1,32,,3,20160301
user_0013334,20,21,female,13,20151027
user_0013335,17,25,female,3,20150915
user_0013336,12,24,female,9,20151130
user_0013337,11,32,,3,20160220
user_0013338,6,24,female,3,20160128
user_0013339,1,0,female,7,20160418
user_0013340,5,21,female,4,20160502
user_0013341,2,38,female,3,20150929
user_0013342,11,27,male,9,20150629
user_0013343,2,25,female,4,20150131
user_0013344,18,29,male,4,20151128
user_0013345,8,26,female,3,20161022
user_0013346,1,19,female,9,20160828
user_0013347,1,48,male,7,20150903
user_0013348,1,33,female,3,20151231
user_0013349,1,31,female,9,20161213
user_0013350,17,15,female,4,20150607
user_0013351,13,37,female,3,20161026
user_0013352,5,41,female,3,20150729
user_0013353,1,27,male,3,20161201
user_0013354,3,21,,3,20161216
user_0013355,1,48,male,3,20150214
user_0013356,1,17,,4,20150910
user_0013357,15,38,female,3,20160320
user_0013358,19,18,,9,20160424
user_0013359,11,29,,4,20160806
user_0013360,1,40,male,4,20150617
user_0013361,9,21,male,4,20150407
user_0013362,11,24,female,3,20160809
user_0013363,14,20,male,4,20160424
user_0013364,1,38,male,3,20160808
user_0013365,5,30,female,3,20161019
user_0013366,15,38,male,4,20160922
user_0013367,1,26,,7,20160904
user_0013368,6,36,male,3,20161126
user_0013369,1,35,male,7,20170128
user_0013370,1,22,female,3,20150527
user_0013371,9,46,male,9,20161008
user_0013372,1,15,male,3,20160127
user_0013373,3,35,male,4,20150430
user_0013374,1,41,male,3,20150701
user_0013375,1,27,male,4,20160302
user_0013376,1,30,male,3,20160708
user_0013377,3,1000,female,3,20151118
user_0013378,1,15,male,3,20160101
user_0013379,7,2015,female,7,20160612
user_0013380,13,30,,7,20160618
user_0013381,16,34,female,9,20160801
user_0013382,1,33,female,9,20160704
user_0013383,18,15,female,4,20160712
user_0013384,21,29,,7,20150625
user_0013385,21,2015,female,13,20170129
user_0013386,10,0,male,4,20161001
user_0013387,8,42,female,4,20160221
user_0013388,16,15,,7,20151026
user_0013389,1,22,male,3,20161012
user_0013390,1,2015,male,9,20151013
user_0013391,6,32,female,4,20160502
user_0013392,1,39,female,7,20160414
user_0013393,7,36,male,3,20160520
user_0013394,11,32,male,4,20150224
user_0013395,1,1000,female,4,20150329
user_0013396,21,33,female,7,20160413
user_0013397,1,28,female,4,20160707
user_0013398,15,37,female,7,20160811
user_0013399,1,29,,13,20160903
user_0013400,10,27,male,3,20150604
user_0013401,1,31,,4,20150809
user_0013402,10,40,female,9,20161020
user_0013403,1,31,male,4,20160425
user_0013404,17,26,,4,20160302
user_0013405,21,25,female,4,20160321
user_0013406,7,30,,13,20150922
user_0013407,1,36,male,7,20150306
user_0013408,2,33,female,7,20150216
user_0013409,9,2015,female,3,20151004
user_0013410,1,47,,4,20150422
user_0013411,13,51,,7,20160718
user_0013412,7,41,,3,20150513
user_0013413,18,30,male,7,20150424
user_0013414,8,26,female,13,20151114
user_0013415,1,29,,7,20151223
user_0013416,10,23,male,7,20151119
user_0013417,3,15,,3,20160513
user_0013418,8,51,male,3,20160201
user_0013419,20,44,male,13,20160511
user_0013420,5,40,female,4,20150818
user_0013421,1,23,male,9,20150629
user_0013422,20,22,male,7,20160712
user_0013423,7,48,male,13,20151111
user_0013424,6,24,female,3,20160506
user_0013425,19,27,,9,20160624
user_0013426,2,37,female,7,20160513
user_0013427,1,23,female,4,20160407
user_0013428,1,24,male,3,20151114
user_0013429,20,18,male,3,20160811
user_0013430,16,35,,13,20160513
user_0013431,16,47,female,4,20160425
user_0013432,15,35,male,7,20160412
user_0013433,15,2015,,13,20160726
user_0013434,1,35,male,3,20161210
user_0013435,1,-1,male,3,20150906
user_0013436,1,1000,male,3,20150923
user_0013437,1,39,female,4,20160602
user_0013438,7,34,male,9,20150626
user_0013439,7,42,male,9,20160802
user_0013440,4,32,female,4,20161216
user_0013441,1,15,female,3,20151122
user_0013442,3,36,female,3,20150718
user_0013443,1,32,,3,20150407
user_0013444,3,2015,female,3,20160603
user_0013445,9,2015,female,3,20160906
user_0013446,10,-1,,3,20160623
user_0013447,3,43,female,4,20160505
user_0013448,2,40,,3,20150330
user_0013449,1,23,male,3,20160307
user_0013450,14,-1,female,3,20150721
user_0013451,15,36,male,9,20150706
user_0013452,1,41,male,3,20160809
user_0013453,1,39,female,3,20160512
user_0013454,19,-1,,3,20160624
user_0013455,6,28,male,3,20150611
user_0013456,1,34,male,3,20150614
user_0013457,14,18,male,3,20161024
user_0013458,1,23,female,3,20161023
user_0013459,18,27,female,7,20150319
user_0013460,21,27,male,3,20160915
user_0013461,7,41,male,9,20161106
user_0013462,21,35,female,9,20150321
user_0013463,1,0,female,4,20150105
user_0013464,14,22,male,7,20160609
user_0013465,12,-1,male,3,20161022
user_0013466,10,36,female,3,20161216
user_0013467,21,24,male,9,20150602
user_0013468,2,45,female,4,20150708
user_0013469,1,2015,,7,20150317
user_0013470,9,34,male,9,20160616
user_0013471,16,2015,female,7,20150527
user_0013472,17,31,female,4,20160904
user_0013473,19,29,female,3,20160807
user_0013474,1,34,,3,20150501
user_0013475,4,0,,9,20160728
user_0013476,1,26,,7,20161007
user_0013477,11,31,,3,20150323
user_0013478,1,19,,9,20151112
user_0013479,16,41,male,3,20151029
user_0013480,1,42,male,9,20160903
user_0013481,14,24,male,3,20150627
user_0013482,11,34,female,3,20161216
user_0013483,11,39,female,9,20160716
user_0013484,20,34,female,9,20160822
user_0013485,20,35,female,4,20160416
user_0013486,1,22,male,9,20151130
user_0013487,12,32,female,3,20161203
user_0013488,1,25,male,3,20150805
user_0013489,17,22,female,13,20160611
user_0013490,20,36,female,13,20161108
user_0013491,16,35,female,7,20160319
user_0013492,12,48,male,3,20160703
user_0013493,14,1000,female,7,20161223
user_0013494,21,27,male,3,20160121
user_0013495,2,37,male,3,20150620
user_0013496,1,43,female,9,20160923
user_0013497,19,18,male,3,20150313
user_0013498,14,32,,3,20161211
user_0013499,1,0,male,4,20151001
user_0013500,19,0,female,7,20161215
user_0013501,19,28,,3,20160527
user_0013502,1,32,female,9,20160402
user_0013503,2,29,male,9,20150704
user_0013504,18,47,,3,20150628
user_0013505,15,38,female,4,20161005
user_0013506,5,36,male,9,20161223
user_0013507,19,27,female,4,20150807
user_0013508,1,43,male,7,20150918
user_0013509,8,-1,male,3,20150410
user_0013510,9,15,male,9,20161101
user_0013511,1,30,female,9,20161101
user_0013512,1,43,male,7,20160826
user_0013513,4,42,male,9,20150615
user_0013514,17,23,male,4,20150408
user_0013515,20,15,female,4,20150505
user_0013516,1,29,,9,20160208
user_0013517,1,34,male,7,20160703
user_0013518,1,16,male,4,20151020
user_0013519,1,25,female,3,20160805
user_0013520,2,33,male,3,20160721
user_0013521,1,33,male,4,20160205
user_0013522,9,23,male,7,20160407
user_0013523,1,35,male,9,20151005
user_0013524,21,49,female,13,20160826
user_0013525,1,2015,female,4,20170115
user_0013526,19,2015,male,13,20160205
user_0013527,18,15,,4,20150203
user_0013528,1,29,female,3,20150719
user_0013529,8,39,male,13,20160427
user_0013530,1,32,male,3,20150730
user_0013531,1,15,female,4,20150606
user_0013532,1,40,male,7,20160707
user_0013533,1,33,,7,20151113
user_0013534,17,36,female,9,20160928
user_0013535,20,33,male,4,20151012
user_0013536,3,24,female,4,20160301
user_0013537,1,38,male,3,20150928
user_0013538,1,39,male,7,20160616
user_0013539,4,-1,male,4,20150716
user_0013540,10,31,male,4,20150418
user_0013541,15,-1,female,7,20160710
user_0013542,1,-1,male,4,20160321
user_0013543,3,35,male,7,20160314
user_0013544,11,34,male,4,20161124
user_0013545,6,27,male,7,20161029
user_0013546,8,21,male,3,20160215
user_0013547,18,45,,3,20160723
user_0013548,14,18,female,3,20160508
user_0013549,3,0,,9,20151214
user_0013550,1,39,,4,20160521
user_0013551,3,44,,13,20160310
user_0013552,4,0,female,4,20160809
user_0013553,1,0,male,13,20160918
user_0013554,13,45,male,7,20160106
user_0013555,1,37,male,9,20150406
user_0013556,10,0,female,3,20160426
user_0013557,20,27,,13,20150104
user_0013558,1,2015,male,3,20150916
user_0013559,5,34,male,7,20160125
user_0013560,4,29,,7,20160724
user_0013561,9,1000,female,3,20151220
user_0013562,2,48,male,3,20150716
user_0013563,4,34,female,3,20160320
user_0013564,1,39,female,3,20160209
user_0013565,1,15,,4,20160217
user_0013566,1,-1,,4,20161202
user_0013567,12,2015,female,3,20150615
user_0013568,15,30,female,3,20161008
user_0013569,6,32,female,3,20161128
user_0013570,17,15,,4,20150816
user_0013571,21,38,,7,20161224
user_0013572,16,59,female,9,20150513
user_0013573,10,48,,4,20150707
user_0013574,15,16,male,7,20161109
user_0013575,1,40,male,3,20151018
user_0013576,2,28,female,3,20150315
user_0013577,1,49,male,4,20161205
user_0013578,1,45,female,3,20160912
user_0013579,15,1000,male,4,20160317
user_0013580,1,25,female,3,20150518
user_0013581,12,22,male,7,20160319
user_0013582,18,40,male,9,20151009
user_0013583,12,32,male,7,20161027
user_0013584,13,15,male,3,20170101
user_0013585,8,29,female,3,20150526
user_0013586,1,17,female,3,20160605
user_0013587,9,27,male,13,20150423
user_0013588,20,55,male,4,20151004
user_0013589,13,-1,male,3,20160519
user_0013590,18,46,female,9,20160403
user_0013591,15,-1,male,3,20151107
user_0013592,5,21,male,3,20160712
user_0013593,20,52,male,3,20150709
user_0013594,12,30,,3,20160614
user_0013595,1,26,male,4,20150513
user_0013596,1,43,male,4,20170102
user_0013597,1,35,male,3,20150614
user_0013598,1,41,female,4,20161012
user_0013599,13,29,male,9,20161129
user_0013600,15,44,male,3,20160917
user_0013601,1,25,male,3,20151031
user_0013602,13,33,male,7,20150926
user_0013603,7,25,female,4,20150409
user_0013604,1,39,,3,20150627
user_0013605,14,34,,13,20150818
user_0013606,21,40,,3,20160504
user_0013607,1,33,male,4,20150507
user_0013608,9,38,male,3,20151012
user_0013609,1,32,male,9,20161210
user_0013610,1,44,female,7,20150608
user_0013611,9,38,female,9,20150716
user_0013612,8,42,female,3,20151008
user_0013613,8,1000,,9,20151004
user_0013614,1,43,male,7,20150808
user_0013615,12,39,male,3,20151029
user_0013616,8,1000,female,3,20160502
user_0013617,13,45,male,9,20150106
user_0013618,16,-1,female,4,20150418
user_0013619,21,1000,female,3,20160331
user_0013620,1,31,male,3,20161113
user_0013621,20,0,female,3,20150901
user_0013622,6,41,male,7,20150224
user_0013623,1,0,female,3,20161008
user_0013624,1,-1,,3,20151105
user_0013625,16,1000,female,9,20151021
user_0013626,19,32,,3,20160901
user_0013627,11,15,male,7,20150828
user_0013628,6,29,female,9,20161004
user_0013629,15,28,female,7,20150605
user_0013630,12,20,male,7,20151121
user_0013631,8,33,male,4,20151219
user_0013632,19,25,female,7,20150616
user_0013633,18,33,male,3,20161206
user_0013634,11,26,,7,20151108
user_0013635,1,29,male,7,20170121
user_0013636,8,15,female,3,20160528
user_0013637,1,41,female,3,20160104
user_0013638,16,37,female,7,20150827
user_0013639,13,38,,4,20160908
user_0013640,1,1000,female,7,20150605
user_0013641,1,45,,7,20150622
user_0013642,1,33,male,4,20150109
user_0013643,8,45,,3,20161031
user_0013644,4,28,female,4,20150102
user_0013645,3,15,male,3,20160319
user_0013646,10,30,,4,20160702
user_0013647,1,2015,female,3,20150907
user_0013648,1,29,female,13,20161129
user_0013649,19,30,female,3,20160709
user_0013650,1,15,male,13,20161210
user_0013651,16,40,male,9,20160228
user_0013652,20,30,female,4,20151207
user_0013653,1,41,,4,20151124
user_0013654,7,21,male,3,20150718
user_0013655,1,37,male,3,20160228
user_0013656,15,37,male,4,20160712
user_0013657,1,43,,3,20170128
user_0013658,5,27,female,3,20150627
user_0013659,11,39,female,3,20150830
user_0013660,8,28,male,4,20150626
user_0013661,11,17,female,7,20150628
user_0013662,17,44,male,13,20160107
user_0013663,6,30,male,3,20160416
user_0013664,9,42,,9,20161204
user_0013665,10,39,,4,20160416
user_0013666,1,30,female,3,20150211
user_0013667,20,39,female,3,20150621
user_0013668,13,18,,13,20150911
user_0013669,1,22,male,7,20150921
user_0013670,1,18,female,7,20151016
user_0013671,3,1000,female,7,20151103
user_0013672,1,34,male,13,20160312
user_0013673,1,42,male,4,20150808
user_0013674,11,44,female,3,20150127
user_0013675,12,36,,3,20150102
user_0013676,6,32,female,4,20170119
user_0013677,1,31,female,3,20150125
user_0013678,1,30,male,13,20160422
user_0013679,12,21,female,13,20150817
user_0013680,19,1000,male,4,20150807
user_0013681,14,17,female,7,20161202
user_0013682,20,29,,3,20160507
user_0013683,16,32,female,9,20160309
user_0013684,1,0,,4,20161122
user_0013685,5,22,,7,20161124
user_0013686,1,23,male,4,20160829
user_0013687,1,45,female,9,20160124
user_0013688,15,29,male,3,20151025
user_0013689,17,24,female,13,20160316
user_0013690,1,15,,7,20160705
user_0013691,7,-1,female,3,20151103
user_0013692,17,26,female,4,20150707
user_0013693,11,17,female,3,20160713
user_0013694,6,15,,4,20150724
user_0013695,3,42,male,9,20160507
user_0013696,1,32,female,4,20150524
user_0013697,6,26,female,3,20150222
user_0013698,1,28,female,4,20150717
user_0013699,1,26,female,4,20150929
user_0013700,2,27,male,4,20150303
user_0013701,19,2015,male,4,20160209
user_0013702,21,33,female,7,20170109
user_0013703,4,40,male,7,20160116
user_0013704,2,42,female,3,20150625
user_0013705,9,2015,male,13,20150206
user_0013706,14,-1,,3,20150829
user_0013707,1,30,male,4,20150825
user_0013708,4,25,female,4,20150831
user_0013709,1,15,female,9,20160629
user_0013710,1,15,female,3,20150903
user_0013711,17,19,male,9,20151122
user_0013712,6,1000,,7,20160904
user_0013713,11,2015,,4,20160826
user_0013714,16,-1,female,4,20160118
user_0013715,13,24,male,4,20150721
user_0013716,1,21,female,7,20161107
user_0013717,2,29,male,4,20160606
user_0013718,2,1000,male,13,20160406
user_0013719,1,2015,,4,20150204
user_0013720,6,34,male,4,20150614
user_0013721,18,28,male,9,20160810
user_0013722,2,39,,3,20151221
user_0013723,1,28,female,9,20160228
user_0013724,1,35,male,4,20150510
user_0013725,17,0,male,3,20170119
user_0013726,1,1000,female,7,20150413
user_0013727,6,15,,3,20160318
user_0013728,18,27,female,4,20150629
user_0013729,10,15,male,4,20160223
user_0013730,1,38,,13,20150309
user_0013731,2,48,female,7,20150427
user_0013732,18,39,female,4,20150124
user_0013733,2,34,male,7,20161110
user_0013734,4,2015,female,7,20160129
user_0013735,19,32,,3,20150511
user_0013736,1,25,female,4,20160316
user_0013737,1,29,female,3,20151112
user_0013738,1,36,male,3,20150123
user_0013739,8,-1,male,3,20161225
user_0013740,5,30,male,3,20150203
user_0013741,2,15,,3,20150324
user_0013742,20,30,female,3,20160501
user_0013743,7,-1,male,4,20161012
user_0013744,14,2015,male,4,20160513
user_0013745,9,21,female,3,20160607
user_0013746,4,18,male,13,20150306
user_0013747,1,25,female,7,20150410
user_0013748,6,-1,female,7,20161112
user_0013749,1,29,,7,20160524
user_0013750,3,29,male,7,20160627
user_0013751,1,15,female,3,20160406
user_0013752,21,35,female,7,20160709
user_0013753,3,19,male,3,20161226
user_0013754,12,29,female,3,20160815
user_0013755,4,31,female,3,20161127
user_0013756,1,29,,9,20161126
user_0013757,9,28,,4,20150420
user_0013758,9,33,male,9,20150728
user_0013759,5,35,female,13,20170121
user_0013760,2,33,female,13,20161012
user_0013761,14,40,,4,20150419
user_0013762,1,27,male,4,20161107
user_0013763,14,34,female,7,20160902
user_0013764,16,34,male,3,20160114
user_0013765,20,0,female,7,20151122
user_0013766,5,45,male,9,20150518
user_0013767,1,34,male,3,20161110
user_0013768,20,36,male,3,20160625
user_0013769,12,28,male,7,20151210
user_0013770,16,0,male,13,20160519
user_0013771,16,-1,female,3,20150205
user_0013772,11,21,female,9,20160607
user_0013773,5,24,female,3,20161121
user_0013774,1,34,female,4,20151110
user_0013775,17,57,female,3,20150909
user_0013776,20,30,female,9,20150725
user_0013777,1,17,female,3,20160623
user_0013778,15,22,female,3,20160714
user_0013779,1,35,male,4,20161103
user_0013780,21,25,female,7,20151218
user_0013781,1,34,male,7,20150924
user_0013782,8,2015,male,3,20160102
user_0013783,17,22,,7,20160617
user_0013784,1,23,,3,20151201
user_0013785,5,30,female,4,20150921
user_0013786,4,-1,female,9,20150105
user_0013787,7,26,,3,20160928
user_0013788,1,24,,3,20160621
user_0013789,1,37,male,3,20170120
user_0013790,15,15,male,3,20170101
user_0013791,1,34,male,4,20150617
user_0013792,1,38,male,4,20160710
user_0013793,5,32,,4,20160912
user_0013794,12,29,female,3,20160318
user_0013795,14,33,female,9,20161224
user_0013796,15,-1,male,4,20160910
user_0013797,1,29,,3,20151017
user_0013798,20,28,male,7,20150328
user_0013799,1,41,,3,20150331
user_0013800,9,32,male,3,20151101
user_0013801,17,29,male,7,20160322
user_0013802,13,36,female,3,20161130
user_0013803,12,22,,13,20160615
user_0013804,1,28,male,3,20160520
user_0013805,1,15,female,7,20150816
user_0013806,19,46,female,3,20151213
user_0013807,1,33,,13,20150105
user_0013808,11,28,,13,20160106
user_0013809,21,50,,7,20160325
user_0013810,8,52,female,3,20160921
user_0013811,18,37,,3,20150513
user_0013812,16,41,male,4,20160325
user_0013813,1,51,male,3,20151017
user_0013814,3,29,,4,20160510
user_0013815,1,33,female,9,20160718
user_0013816,15,41,female,3,20160816
user_0013817,1,42,female,3,20150414
user_0013818,1,15,,13,20161109
user_0013819,4,41,female,9,20160131
user_0013820,9,26,,3,20150528
user_0013821,20,22,male,3,20150606
user_0013822,1,0,female,7,20160309
user_0013823,20,29,female,9,20160511
user_0013824,1,23,female,13,20160411
user_0013825,19,33,,3,20151130
user_0013826,1,2015,,4,20160902
user_0013827,12,34,female,4,20160503
user_0013828,1,22,female,9,20160117
user_0013829,1,39,male,4,20150718
user_0013830,1,26,male,3,20151228
user_0013831,15,40,female,3,20160522
user_0013832,12,23,male,4,20160109
user_0013833,19,27,male,3,20150404
user_0013834,7,-1,,4,20161105
user_0013835,1,47,female,4,20160330
user_0013836,20,27,female,4,20151025
user_0013837,7,42,male,4,20150129
user_0013838,1,33,female,3,20150318
user_0013839,15,27,,7,20160607
user_0013840,11,36,female,3,20150207
user_0013841,21,36,male,4,20161009
user_0013842,7,43,,3,20160116
user_0013843,19,15,male,4,20160323
user_0013844,16,55,female,9,20161007
user_0013845,9,40,male,9,20151231
user_0013846,1,38,female,9,20160513
user_0013847,6,39,,7,20161204
user_0013848,1,19,,4,20170106
user_0013849,20,41,female,9,20160721
user_0013850,17,30,female,3,20150414
user_0013851,1,33,,3,20161121
user_0013852,1,0,male,9,20151102
user_0013853,2,-1,,7,20160506
user_0013854,2,33,female,4,20160115
user_0013855,4,30,male,3,20161103
user_0013856,5,37,female,13,20160811
user_0013857,1,39,female,3,20170108
user_0013858,1,30,,3,20151103
user_0013859,1,29,female,13,20151009
user_0013860,16,33,male,7,20150901
user_0013861,1,34,male,9,20161225
user_0013862,1,17,female,13,20150526
user_0013863,9,22,,13,20161110
user_0013864,1,53,male,4,20160921
user_0013865,8,27,male,3,20150728
user_0013866,1,0,female,4,20150713
user_0013867,1,43,male,4,20150523
user_0013868,8,43,male,3,20160420
user_0013869,1,-1,male,4,20160116
user_0013870,19,26,male,9,20160611
user_0013871,15,51,,4,20161011
user_0013872,11,33,female,3,20160605
user_0013873,1,35,female,3,20150218
user_0013874,1,26,male,9,20160618
user_0013875,1,34,male,7,20160625
user_0013876,1,24,,3,20150107
user_0013877,14,39,male,9,20151203
user_0013878,19,2015,female,3,20160224
user_0013879,10,31,male,3,20160917
user_0013880,13,0,male,3,20150507
user_0013881,1,1000,female,9,20150122
user_0013882,17,-1,male,4,20161113
user_0013883,16,39,male,7,20160515
user_0013884,1,49,female,9,20150925
user_0013885,11,29,male,13,20150813
user_0013886,10,30,,9,20150202
user_0013887,14,53,female,4,20160514
user_0013888,13,33,male,4,20150511
user_0013889,1,15,female,3,20150227
user_0013890,1,38,female,3,20150719
user_0013891,17,57,female,4,20170122
user_0013892,18,0,female,3,20160929
user_0013893,1,21,female,4,20161210
user_0013894,17,31,male,3,20150904
user_0013895,16,28,female,13,20151017
user_0013896,5,36,female,4,20150210
user_0013897,1,26,male,3,20151210
user_0013898,12,28,female,7,20161209
user_0013899,10,28,,4,20161212
user_0013900,1,26,male,7,20151215
user_0013901,14,34,male,13,20160718
user_0013902,19,0,female,4,20150124
user_0013903,1,31,female,3,20160112
user_0013904,1,26,male,3,20160518
user_0013905,1,35,female,4,20150327
user_0013906,1,50,female,3,20160211
user_0013907,1,23,male,4,20150729
user_0013908,3,25,female,7,20150906
user_0013909,15,38,female,4,20160430
user_0013910,1,27,female,3,20161224
user_0013911,18,15,,3,20161027
user_0013912,1,1000,female,3,20161123
user_0013913,12,20,female,7,20150522
user_0013914,19,35,male,4,20160604
user_0013915,1,30,male,4,20160511
user_0013916,12,24,male,4,20150711
user_0013917,1,15,male,7,20151030
user_0013918,7,38,,13,20150531
user_0013919,1,0,male,7,20161011
user_0013920,5,30,male,3,20150703
user_0013921,6,32,male,7,20150313
user_0013922,1,33,male,3,20150111
user_0013923,1,2015,male,7,20150128
user_0013924,5,37,,4,20160809
user_0013925,8,35,male,3,20160714
user_0013926,21,34,female,3,20150109
user_0013927,2,31,male,3,20150323
user_0013928,1,27,male,3,20160718
user_0013929,6,41,male,9,20160929
user_0013930,2,35,female,7,20150328
user_0013931,10,45,female,4,20161208
user_0013932,20,31,female,4,20150206
user_0013933,15,28,male,3,20160609
user_0013934,2,37,female,3,20150208
user_0013935,1,28,female,9,20161206
user_0013936,9,21,male,3,20151205
user_0013937,1,35,male,3,20160517
user_0013938,14,0,,13,20160115
user_0013939,6,20,male,3,20161210
user_0013940,1,31,female,9,20150108
user_0013941,7,16,female,4,20161214
user_0013942,11,25,male,3,20151105
user_0013943,2,35,,3,20150215
user_0013944,17,19,male,3,20161211
user_0013945,1,27,,3,20150304
user_0013946,1,26,male,3,20150815
user_0013947,1,24,male,4,20150129
user_0013948,12,29,male,4,20161204
user_0013949,19,23,female,3,20160618
user_0013950,12,27,male,4,20150511
user_0013951,1,27,,9,20170121
user_0013952,18,2015,,7,20151020
user_0013953,1,15,female,3,20161018
user_0013954,2,38,female,3,20150203
user_0013955,9,50,female,7,20150502
user_0013956,17,19,male,7,20170123
user_0013957,10,19,male,3,20170118
user_0013958,6,39,male,3,20150628
user_0013959,10,0,male,4,20161026
user_0013960,1,37,,7,20150217
user_0013961,1,27,female,4,20150405
user_0013962,13,38,male,7,20160524
user_0013963,1,39,female,9,20150702
user_0013964,4,46,male,9,20170127
user_0013965,17,24,female,3,20150321
user_0013966,9,24,male,9,20160704
user_0013967,1,41,male,3,20160805
user_0013968,12,0,,3,20150526
user_0013969,1,25,male,9,20161102
user_0013970,18,23,female,9,20150710
user_0013971,1,38,male,3,20150614
user_0013972,11,43,,7,20161030
user_0013973,13,31,female,3,20161209
user_0013974,1,41,female,9,20150912
user_0013975,1,20,male,4,20151101
user_0013976,16,40,male,4,20160704
user_0013977,1,1000,male,9,20160720
user_0013978,1,43,,3,20160301
user_0013979,10,23,female,4,20160530
user_0013980,7,-1,male,3,20150813
user_0013981,21,36,female,3,20150822
user_0013982,11,0,male,4,20160808
user_0013983,1,24,,9,20161113
user_0013984,11,36,male,3,20151014
user_0013985,17,44,male,3,20150813
user_0013986,1,43,male,3,20160922
user_0013987,1,40,female,4,20161021
user_0013988,1,26,male,3,20161223
user_0013989,1,1000,female,3,20150909
user_0013990,1,36,female,3,20160717
user_0013991,1,31,,9,20150820
user_0013992,1,35,male,4,20151115
user_0013993,1,33,female,3,20150416
user_0013994,1,35,female,4,20160929
user_0013995,11,-1,male,4,20151126
user_0013996,13,20,,7,20160320
user_0013997,8,33,male,7,20160302
user_0013998,20,26,female,4,20150724
user_0013999,16,1000,male,3,20151104
user_0014000,1,35,male,4,20161125
user_0014001,10,-1,male,7,20160924
user_0014002,21,-1,male,4,20160729
user_0014003,11,30,male,3,20170106
user_0014004,5,2015,male,3,20151116
user_0014005,6,15,male,7,20150505
user_0014006,1,24,female,7,20170112
user_0014007,1,31,male,3,20160429
user_0014008,1,26,male,7,20160802
user_0014009,18,39,female,4,20150224
user_0014010,13,36,male,7,20160724
user_0014011,7,29,male,9,20161030
user_0014012,9,27,male,3,20160505
user_0014013,18,44,,7,20150608
user_0014014,11,19,female,7,20151009
user_0014015,1,40,male,4,20151113
user_0014016,15,15,female,3,20161231
user_0014017,2,1000,male,4,20150712
user_0014018,1,37,male,4,20150203
user_0014019,14,45,female,4,20150818
user_0014020,18,32,,4,20160905
user_0014021,2,32,male,7,20161014
user_0014022,3,41,,9,20160626
user_0014023,21,2015,male,13,20150820
user_0014024,2,29,,13,20150509
user_0014025,1,39,male,3,20150704
user_0014026,10,21,male,9,20151021
user_0014027,1,30,female,9,20161001
user_0014028,3,1000,male,13,20160628
user_0014029,1,2015,male,9,20160111
user_0014030,1,40,male,13,20161112
user_0014031,12,24,male,13,20160714
user_0014032,1,48,male,3,20160602
user_0014033,1,16,male,3,20160606
user_0014034,1,46,female,4,20151003
user_0014035,6,46,male,9,20150302
user_0014036,3,27,male,4,20150329
user_0014037,17,35,female,4,20160703
user_0014038,9,37,,9,20151005
user_0014039,8,42,female,4,20150129
user_0014040,9,27,,9,20151115
user_0014041,1,37,female,7,20160518
user_0014042,5,35,female,4,20151218
user_0014043,7,25,female,4,20160710
user_0014044,6,25,female,9,20151013
user_0014045,1,0,male,3,20160423
user_0014046,14,24,female,3,20150513
user_0014047,8,33,male,3,20160309
user_0014048,17,36,male,7,20151110
user_0014049,1,41,male,4,20160807
user_0014050,10,41,,9,20160819
user_0014051,14,39,female,3,20161107
user_0014052,9,1000,male,9,20151201
user_0014053,5,-1,,3,20150910
user_0014054,1,2015,female,13,20160522
user_0014055,14,39,female,9,20160714
user_0014056,12,32,male,3,20160215
user_0014057,11,37,female,4,20160628
user_0014058,4,45,male,3,20160817
user_0014059,18,36,male,7,20151213
user_0014060,1,45,male,7,20150214
user_0014061,17,15,male,4,20161028
user_0014062,9,38,male,4,20160816
user_0014063,12,30,female,4,20170122
user_0014064,10,37,male,9,20160512
user_0014065,1,45,male,3,20151212
user_0014066,10,29,male,9,20160510
user_0014067,12,43,female,7,20161223
user_0014068,1,31,female,4,20160823
user_0014069,20,30,female,13,20151109
user_0014070,1,16,,4,20160807
user_0014071,7,1000,male,4,20160719
user_0014072,6,42,female,4,20161116
user_0014073,1,51,male,3,20150206
user_0014074,16,32,,4,20160724
user_0014075,10,35,female,3,20160906
user_0014076,14,42,female,7,20161224
user_0014077,10,44,male,3,20150523
user_0014078,11,28,female,7,20151111
user_0014079,7,36,female,7,20161102
user_0014080,1,45,male,13,20150308
user_0014081,1,18,female,7,20150215
user_0014082,4,29,female,3,20161007
user_0014083,14,23,female,3,20160404
user_0014084,5,-1,male,4,20160302
user_0014085,4,33,female,4,20150104
user_0014086,15,35,female,4,20170127
user_0014087,1,32,female,7,20160115
user_0014088,1,25,male,13,20160919
user_0014089,1,48,male,3,20151207
user_0014090,1,27,male,7,20150910
user_0014091,1,23,female,3,20170101
user_0014092,2,15,male,4,20150724
user_0014093,1,33,,13,20161129
user_0014094,21,32,female,3,20161213
user_0014095,20,16,female,3,20160507
user_0014096,21,27,female,4,20151223
user_0014097,13,1000,,7,20160321
user_0014098,1,50,,13,20151015
user_0014099,17,41,,13,20161108
user_0014100,1,34,male,13,20151204
user_0014101,18,29,male,7,20160222
user_0014102,5,36,,4,20150917
user_0014103,1,23,female,3,20151212
user_0014104,1,35,female,9,20160505
user_0014105,1,37,male,7,20150219
user_0014106,1,33,male,7,20150727
user_0014107,1,37,,7,20161015
user_0014108,8,40,,9,20160611
user_0014109,14,35,male,4,20151223
user_0014110,1,38,male,3,20150803
user_0014111,1,39,male,3,20150627
user_0014112,10,15,,3,20150730
user_0014113,1,53,male,7,20150425
user_0014114,13,43,male,3,20160321
user_0014115,20,29,female,3,20151006
user_0014116,4,15,male,3,20150903
user_0014117,10,23,,3,20160317
user_0014118,1,40,female,4,20160220
user_0014119,1,0,female,7,20160912
user_0014120,1,37,female,13,20170112
user_0014121,12,41,female,9,20151118
user_0014122,1,2015,female,3,20151224
user_0014123,14,0,female,3,20161220
user_0014124,4,39,male,13,20160627
user_0014125,18,24,,3,20150105
user_0014126,14,38,female,4,20161202
user_0014127,5,30,female,9,20151123
user_0014128,10,29,female,7,20150904
user_0014129,6,29,female,3,20150410
user_0014130,12,32,male,4,20150824
user_0014131,1,35,female,4,20150714
user_0014132,1,27,male,4,20161219
user_0014133,6,24,male,3,20150311
user_0014134,6,23,female,13,20150907
user_0014135,15,38,female,4,20161117
user_0014136,11,2015,female,7,20161104
user_0014137,2,31,male,7,20150724
user_0014138,13,31,male,3,20160410
user_0014139,1,-1,male,3,20160129
user_0014140,1,59,male,7,20160102
user_0014141,1,34,male,9,20150528
user_0014142,11,29,female,9,20161025
user_0014143,8,45,female,9,20150816
user_0014144,1,41,,3,20150912
user_0014145,5,1000,female,9,20161102
user_0014146,5,23,female,3,20161120
user_0014147,8,2015,male,3,20150823
user_0014148,1,24,female,9,20150823
user_0014149,14,18,female,3,20150609
user_0014150,1,39,female,9,20150714
user_0014151,19,44,,9,20150615
user_0014152,13,17,male,9,20150323
user_0014153,1,33,female,9,20161209
user_0014154,21,21,,7,20161028
user_0014155,15,43,male,3,20160412
user_0014156,2,36,female,3,20170107
user_0014157,4,32,female,3,20160723
user_0014158,2,31,female,3,20161016
user_0014159,17,0,male,3,20150516
user_0014160,1,30,female,13,20160328
user_0014161,1,1000,male,9,20151105
user_0014162,20,33,male,3,20161025
user_0014163,21,1000,male,4,20150607
user_0014164,15,31,male,9,20160319
user_0014165,4,22,,4,20160810
user_0014166,1,27,female,4,20151009
user_0014167,8,25,male,9,20150113
user_0014168,5,24,male,9,20160228
user_0014169,8,44,female,3,20160205
user_0014170,18,2015,,9,20160810
user_0014171,9,20,female,4,20150126
user_0014172,1,22,male,3,20160701
user_0014173,1,35,female,3,20150715
user_0014174,12,32,male,9,20150501
user_0014175,1,34,male,3,20151007
user_0014176,12,30,female,3,20160701
user_0014177,12,0,male,13,20160608
user_0014178,19,26,female,4,20150111
user_0014179,1,42,female,9,20160825
user_0014180,17,0,female,3,20160510
user_0014181,2,35,male,3,20160419
user_0014182,1,-1,male,9,20160727
user_0014183,16,30,male,3,20160411
user_0014184,3,19,female,13,20151203
user_0014185,5,29,,7,20160525
user_0014186,6,40,,9,20150211
user_0014187,1,47,female,3,20160118
user_0014188,15,44,female,7,20150806
user_0014189,18,31,male,9,20160214
user_0014190,15,18,male,7,20160827
user_0014191,11,42,,13,20160720
user_0014192,1,0,male,9,20160630
user_0014193,3,27,male,4,20151104
user_0014194,3,41,male,13,20150715
user_0014195,15,-1,male,7,20150222
user_0014196,8,33,male,9,20150212
user_0014197,1,16,female,3,20160726
user_0014198,15,22,female,3,20151020
user_0014199,9,0,female,3,20160502
user_0014200,12,40,female,3,20150714
user_0014201,1,34,female,7,20160211
user_0014202,1,0,female,13,20170117
user_0014203,20,26,female,7,20150120
user_0014204,1,37,female,13,20150623
user_0014205,6,42,,9,20160814
user_0014206,5,35,male,7,20150918
user_0014207,18,1000,male,4,20160331
user_0014208,15,34,female,3,20150206
user_0014209,1,40,,13,20161203
user_0014210,1,36,,13,20160507
user_0014211,16,52,,9,20150628
user_0014212,19,42,male,3,20150803
user_0014213,8,37,male,7,20160814
user_0014214,3,31,female,4,20150804
user_0014215,1,1000,male,9,20150824
user_0014216,2,0,,4,20150224
user_0014217,1,34,male,3,20160315
user_0014218,9,32,,3,20160619
user_0014219,16,34,,3,20150630
user_0014220,18,16,female,3,20150111
user_0014221,1,39,male,3,20151209
user_0014222,5,-1,female,3,20150325
user_0014223,18,0,male,4,20150802
user_0014224,4,18,female,13,20160428
user_0014225,13,30,,7,20160405
user_0014226,1,42,male,3,20170103
user_0014227,1,15,female,13,20160105
user_0014228,9,38,male,9,20150306
user_0014229,1,25,female,9,20160511
user_0014230,1,32,male,3,20151105
user_0014231,1,0,female,7,20150907
user_0014232,7,2015,female,3,20160609
user_0014233,1,35,,9,20160726
user_0014234,11,27,female,3,20170127
user_0014235,1,32,,3,20150220
user_0014236,16,2015,male,13,20150420
user_0014237,1,19,female,9,20160227
user_0014238,10,25,female,7,20150708
user_0014239,11,46,male,4,20150606
user_0014240,17,2015,,4,20160703
user_0014241,1,-1,male,7,20150609
user_0014242,2,31,male,4,20150128
user_0014243,1,39,female,4,20160529
user_0014244,1,42,male,3,20160405
user_0014245,1,28,female,7,20150725
user_0014246,21,2015,male,3,20160311
user_0014247,2,41,male,4,20150903
user_0014248,1,17,female,3,20161218
user_0014249,13,15,female,9,20160103
user_0014250,1,25,,4,20161204
user_0014251,16,34,male,3,20150629
user_0014252,8,1000,,3,20160901
user_0014253,1,39,female,7,20151120
user_0014254,17,16,male,13,20161207
user_0014255,20,32,male,3,20160630
user_0014256,10,31,female,4,20150730
user_0014257,9,32,female,4,20150608
user_0014258,18,0,female,4,20151225
user_0014259,12,39,female,7,20150827
user_0014260,16,26,male,9,20161104
user_0014261,3,20,male,9,20161006
user_0014262,12,27,female,3,20150124
user_0014263,2,0,male,7,20160827
user_0014264,1,30,male,3,20160523
user_0014265,1,43,male,3,20150823
user_0014266,15,26,male,3,20161029
user_0014267,11,18,female,4,20160712
user_0014268,9,15,female,4,20150722
user_0014269,13,51,female,3,20160611
user_0014270,10,20,female,4,20161008
user_0014271,15,27,female,3,20160524
user_0014272,1,50,female,3,20150530
user_0014273,1,41,female,9,20160908
user_0014274,2,30,female,7,20160329
user_0014275,1,47,female,3,20150320
user_0014276,11,15,,7,20161216
user_0014277,17,32,female,13,20150604
user_0014278,1,41,male,9,20150530
user_0014279,19,45,female,3,20170115
user_0014280,1,40,male,7,20160330
user_0014281,1,15,female,4,20151212
user_0014282,1,27,male,4,20151223
user_0014283,21,31,male,3,20150226
user_0014284,16,37,female,3,20160602
user_0014285,5,16,female,13,20160529
user_0014286,1,2015,female,4,20161210
user_0014287,1,40,,3,20150131
user_0014288,9,32,,4,20160728
user_0014289,15,34,male,4,20150313
user_0014290,9,1000,male,3,20161106
user_0014291,7,36,male,7,20160404
user_0014292,14,41,female,7,20160825
user_0014293,17,24,female,7,20160115
user_0014294,12,25,female,9,20160530
user_0014295,14,22,male,9,20150225
user_0014296,21,22,,13,20151112
user_0014297,8,2015,male,7,20170114
user_0014298,11,26,,13,20151030
user_0014299,21,30,female,13,20150601
user_0014300,2,40,female,3,20150906
user_0014301,21,0,female,4,20160420
user_0014302,1,32,,4,20150511
user_0014303,9,35,female,4,20150118
user_0014304,1,23,female,3,20150928
user_0014305,11,1000,,4,20151204
user_0014306,1,-1,male,9,20160509
user_0014307,20,29,female,4,20161218
user_0014308,5,35,female,7,20161016
user_0014309,18,25,male,7,20150810
user_0014310,4,2015,male,7,20151219
user_0014311,1,21,,3,20150211
user_0014312,10,35,male,4,20150630
user_0014313,1,48,female,7,20150814
user_0014314,1,1000,,3,20170103
user_0014315,15,49,male,13,20160501
user_0014316,1,32,female,13,20150505
user_0014317,10,30,female,4,20150806
user_0014318,13,21,,13,20160203
user_0014319,9,33,female,3,20150206
user_0014320,1,34,male,4,20161129
user_0014321,1,54,male,13,20151016
user_0014322,3,42,female,3,20151227
user_0014323,3,0,male,4,20160222
user_0014324,5,0,male,4,20160227
user_0014325,18,28,male,4,20150608
user_0014326,21,34,,4,20160928
user_0014327,3,44,female,7,20150327
user_0014328,14,36,female,13,20160801
user_0014329,3,34,female,3,20150417
user_0014330,1,19,male,3,20151206
user_0014331,17,15,female,7,20160624
user_0014332,1,37,female,4,20161123
user_0014333,16,38,female,7,20151020
user_0014334,12,25,female,9,20161123
user_0014335,12,31,male,9,20150529
user_0014336,10,36,female,3,20150313
user_0014337,17,29,female,3,20150617
user_0014338,16,1000,female,7,20170104
user_0014339,9,35,male,3,20150427
user_0014340,1,40,male,4,20150116
user_0014341,7,19,female,7,20150704
user_0014342,5,35,,4,20161009
user_0014343,1,53,female,9,20160407
user_0014344,17,29,female,3,20160527
user_0014345,7,36,female,3,20161207
user_0014346,1,31,male,13,20151109
user_0014347,2,39,female,9,20160120
user_0014348,1,37,female,3,20160628
user_0014349,9,33,,7,20150225
user_0014350,5,22,male,4,20160302
user_0014351,11,28,male,3,20160716
user_0014352,16,31,,4,20160916
user_0014353,14,35,female,4,20160321
user_0014354,1,-1,female,7,20160202
user_0014355,5,26,female,3,20150506
user_0014356,19,43,,3,20160511
user_0014357,11,18,,3,20150306
user_0014358,1,36,male,3,20160510
user_0014359,1,25,male,3,20150107
user_0014360,15,40,female,3,20150721
user_0014361,7,0,male,3,20170115
user_0014362,16,43,female,3,20150227
user_0014363,1,19,male,4,20170130
user_0014364,9,34,female,3,20160323
user_0014365,16,15,female,3,20160401
user_0014366,9,35,male,4,20150111
user_0014367,14,29,,9,20150410
user_0014368,5,29,male,9,20160625
user_0014369,16,34,male,3,20161220
user_0014370,16,-1,female,3,20160222
user_0014371,4,58,female,4,20151006
user_0014372,1,20,male,3,20150512
user_0014373,14,25,male,9,20160414
user_0014374,8,28,female,3,20161022
user_0014375,15,23,female,13,20151029
user_0014376,7,18,male,3,20160815
user_0014377,12,30,female,4,20160822
user_0014378,14,-1,female,3,20160714
user_0014379,9,30,male,3,20150421
user_0014380,8,39,female,3,20150105
user_0014381,3,25,male,13,20160529
user_0014382,19,34,,13,20150619
user_0014383,9,36,female,7,20160611
user_0014384,9,37,male,7,20150611
user_0014385,2,28,male,7,20161219
user_0014386,17,32,female,4,20161122
user_0014387,15,15,male,13,20160214
user_0014388,20,20,male,3,20161014
user_0014389,4,38,male,9,20151030
user_0014390,16,24,female,3,20160904
user_0014391,1,30,male,4,20151031
user_0014392,1,25,female,7,20150507
user_0014393,1,27,,7,20161027
user_0014394,1,26,female,3,20150308
user_0014395,18,27,male,3,20151113
user_0014396,1,34,male,13,20150114
user_0014397,1,36,male,3,20160307
user_0014398,2,30,male,3,20151202
user_0014399,10,-1,female,4,20150303
user_0014400,1,23,male,13,20160715
user_0014401,16,24,male,3,20170101
user_0014402,8,1000,female,3,20161003
user_0014403,9,37,male,3,20150818
user_0014404,1,26,,13,20160116
user_0014405,20,23,male,3,20160915
user_0014406,1,24,,7,20161210
user_0014407,18,34,,3,20160702
user_0014408,21,30,female,4,20151223
user_0014409,16,41,female,4,20150126
user_0014410,1,23,female,7,20151101
user_0014411,18,37,male,7,20161013
user_0014412,18,-1,,4,20161011
user_0014413,3,30,female,3,20150126
user_0014414,1,42,female,4,20170117
user_0014415,1,37,,4,20151125
user_0014416,10,30,male,3,20150217
user_0014417,12,39,female,3,20150731
user_0014418,1,24,male,9,20160909
user_0014419,19,31,male,3,20160115
user_0014420,1,23,male,3,20161029
user_0014421,2,1000,male,4,20151015
user_0014422,1,37,female,3,20150821
user_0014423,1,35,male,9,20161230
user_0014424,17,37,female,3,20161126
user_0014425,20,28,male,9,20160507
user_0014426,4,0,male,3,20150330
user_0014427,18,22,,3,20170125
user_0014428,20,40,female,4,20150318
user_0014429,1,32,male,4,20161107
user_0014430,13,28,male,4,20160223
user_0014431,1,0,male,9,20160418
user_0014432,20,21,male,7,20160619
user_0014433,1,45,male,9,20160708
user_0014434,5,24,male,7,20151103
user_0014435,7,26,male,9,20160118
user_0014436,15,40,,9,20150207
user_0014437,20,27,male,9,20160714
user_0014438,9,26,male,7,20150623
user_0014439,4,1000,male,3,20150204
user_0014440,14,-1,female,4,20150921
user_0014441,1,26,male,7,20160321
user_0014442,1,25,female,4,20161209
user_0014443,1,15,male,4,20151004
user_0014444,15,33,male,3,20150423
user_0014445,1,43,male,3,20151230
user_0014446,12,28,male,9,20151218
user_0014447,8,24,female,3,20150819
user_0014448,1,39,female,3,20160525
user_0014449,1,23,female,3,20151208
user_0014450,15,17,female,13,20150818
user_0014451,1,42,male,3,20161130
user_0014452,3,24,female,13,20150416
user_0014453,13,15,female,3,20161225
user_0014454,2,15,female,3,20150711
user_0014455,1,2015,female,13,20150420
user_0014456,1,0,male,3,20161116
user_0014457,9,25,,13,20150803
user_0014458,13,33,male,3,20151127
user_0014459,18,36,male,3,20170110
user_0014460,17,37,male,13,20160907
user_0014461,11,29,,3,20150401
user_0014462,9,44,,9,20150728
user_0014463,8,33,male,9,20150426
user_0014464,1,41,female,4,20161113
user_0014465,7,28,male,3,20151120
user_0014466,11,20,male,9,20160602
user_0014467,21,40,female,3,20160301
user_0014468,19,44,male,3,20151229
user_0014469,11,36,male,3,20151011
user_0014470,3,39,female,9,20160224
user_0014471,1,31,female,3,20150723
user_0014472,18,-1,,4,20150713
user_0014473,4,27,female,7,20150620
user_0014474,16,33,female,3,20151007
user_0014475,7,37,male,4,20150401
user_0014476,1,40,male,7,20160721
user_0014477,1,24,female,13,20150421
user_0014478,2,33,female,4,20150502
user_0014479,10,27,female,3,20160527
user_0014480,1,37,male,3,20150113
user_0014481,15,25,male,4,20151229
user_0014482,3,29,female,3,20150304
user_0014483,1,50,male,4,20161223
user_0014484,8,1000,male,7,20150313
user_0014485,12,34,male,7,20160831
user_0014486,21,33,,7,20160515
user_0014487,19,34,,7,20150414
user_0014488,5,30,female,3,20160705
user_0014489,11,27,,7,20150108
user_0014490,1,48,male,3,20151030
user_0014491,16,26,,9,20160423
user_0014492,5,21,female,9,20160712
user_0014493,18,0,female,3,20170115
user_0014494,1,39,female,13,20160904
user_0014495,1,51,,7,20150505
user_0014496,18,15,female,7,20160103
user_0014497,1,23,female,7,20151230
user_0014498,3,39,male,7,20160401
user_0014499,7,30,male,3,20150403
user_0014500,1,30,male,4,20161001
user_0014501,1,23,female,13,20160508
user_0014502,1,26,male,9,20160912
user_0014503,5,30,,4,20160731
user_0014504,15,30,female,13,20150502
user_0014505,8,28,female,9,20160811
user_0014506,5,32,female,4,20161127
user_0014507,9,29,,9,20160903
user_0014508,13,33,male,3,20150421
user_0014509,1,47,male,3,20150119
user_0014510,1,21,,4,20160523
user_0014511,19,31,,9,20150729
user_0014512,11,25,female,7,20160125
user_0014513,14,24,female,3,20150314
user_0014514,10,43,male,4,20150916
user_0014515,1,35,,7,20151201
user_0014516,11,1000,male,7,20151004
user_0014517,1,28,female,13,20150502
user_0014518,21,29,male,3,20161221
user_0014519,8,47,,7,20151126
user_0014520,17,25,female,7,20161211
user_0014521,9,2015,,3,20150427
user_0014522,6,37,,13,20170130
user_0014523,1,29,,4,20150208
user_0014524,15,29,female,7,20160621
user_0014525,4,42,male,13,20150218
user_0014526,1,33,female,4,20160906
user_0014527,1,36,,7,20160518
user_0014528,18,29,female,4,20150916
user_0014529,15,26,male,9,20161026
user_0014530,19,31,male,7,20160331
user_0014531,13,1000,female,3,20160112
user_0014532,14,44,male,3,20160515
user_0014533,1,31,female,9,20161020
user_0014534,4,41,female,7,20151029
user_0014535,21,44,,3,20170104
user_0014536,19,34,,9,20160405
user_0014537,5,37,male,7,20160702
user_0014538,18,28,male,7,20160704
user_0014539,1,1000,male,7,20160709
user_0014540,15,38,,13,20150323
user_0014541,13,0,,3,20151208
user_0014542,1,26,male,3,20150731
user_0014543,6,-1,female,7,20150228
user_0014544,1,28,,3,20161009
user_0014545,1,28,female,7,20160801
user_0014546,12,24,male,7,20160331
user_0014547,1,0,male,7,20161221
user_0014548,10,40,female,9,20151002
user_0014549,6,0,,3,20160324
user_0014550,3,41,male,3,20150105
user_0014551,12,33,male,4,20150715
user_0014552,1,30,male,3,20150319
user_0014553,9,22,male,4,20160815
user_0014554,15,34,male,3,20150730
user_0014555,21,2015,female,13,20160224
user_0014556,1,42,male,9,20160803
user_0014557,7,0,female,9,20150426
user_0014558,5,22,female,9,20151003
user_0014559,13,23,male,3,20160727
user_0014560,3,1000,,4,20160227
user_0014561,3,38,male,7,20160219
user_0014562,1,48,male,3,20150713
user_0014563,1,0,,3,20160727
user_0014564,1,1000,male,9,20150107
user_0014565,1,22,female,3,20160730
user_0014566,2,24,,9,20150209
user_0014567,6,17,male,4,20160108
user_0014568,1,29,female,4,20160722
user_0014569,1,0,male,3,20160729
user_0014570,1,50,female,9,20160802
user_0014571,19,1000,female,4,20150908
user_0014572,1,38,female,3,20160607
user_0014573,3,27,female,3,20160724
user_0014574,1,37,female,3,20170117
user_0014575,12,22,male,7,20150412
user_0014576,1,41,female,3,20161010
user_0014577,12,37,male,4,20150430
user_0014578,20,46,female,3,20150831
user_0014579,13,1000,,13,20160721
user_0014580,15,41,male,4,20160930
user_0014581,21,38,female,4,20170104
user_0014582,10,-1,,13,20161019
user_0014583,10,34,male,9,20150219
user_0014584,6,41,male,13,20150225
user_0014585,1,34,female,7,20170103
user_0014586,20,45,female,3,20170122
user_0014587,1,32,,4,20150317
user_0014588,2,30,,9,20151215
user_0014589,17,19,male,3,20161117
user_0014590,8,15,,4,20160110
user_0014591,1,48,male,3,20160218
user_0014592,1,28,male,4,20151203
user_0014593,15,47,female,4,20151104
user_0014594,1,33,female,3,20150519
user_0014595,4,27,,4,20151219
user_0014596,18,18,,3,20160325
user_0014597,20,19,male,4,20160523
user_0014598,2,43,,7,20150219
user_0014599,1,35,female,7,20150306
user_0014600,1,24,,4,20151111
user_0014601,19,1000,male,3,20161205
user_0014602,1,28,male,13,20150211
user_0014603,18,24,female,4,20151029
user_0014604,19,43,male,4,20151114
user_0014605,1,27,female,3,20150927
user_0014606,15,35,male,7,20150706
user_0014607,5,1000,male,9,20151224
user_0014608,11,40,female,7,20160903
user_0014609,1,32,female,4,20160301
user_0014610,15,22,female,4,20150402
user_0014611,2,36,female,9,20150121
user_0014612,12,38,male,13,20160508
user_0014613,21,15,female,4,20150802
user_0014614,1,21,male,7,20160920
user_0014615,6,30,female,9,20160624
user_0014616,1,0,male,3,20150107
user_0014617,12,0,,3,20150727
user_0014618,17,32,female,7,20160410
user_0014619,2,38,,7,20161202
user_0014620,11,42,female,3,20161225
user_0014621,1,22,female,9,20160825
user_0014622,1,35,,7,20160523
user_0014623,1,29,male,3,20150506
user_0014624,1,-1,female,4,20160406
user_0014625,14,36,male,7,20150629
user_0014626,4,29,male,9,20160709
user_0014627,3,42,,7,20160129
user_0014628,19,34,female,3,20160202
user_0014629,1,39,male,3,20151020
user_0014630,15,36,,13,20160629
user_0014631,1,37,male,9,20160602
user_0014632,15,2015,male,4,20151029
user_0014633,15,40,female,4,20160117
user_0014634,1,30,female,7,20151031
user_0014635,5,28,,7,20150922
user_0014636,1,21,male,3,20161120
user_0014637,10,25,male,4,20160428
user_0014638,6,51,male,13,20150210
user_0014639,1,2015,male,4,20160210
user_0014640,18,34,female,3,20160118
user_0014641,1,34,female,3,20150622
user_0014642,1,36,female,3,20160908
user_0014643,19,-1,,7,20160627
user_0014644,21,1000,female,3,20150212
user_0014645,1,39,male,7,20151116
user_0014646,1,2015,male,3,20161219
user_0014647,1,2015,female,9,20160710
user_0014648,1,0,male,4,20150716
user_0014649,17,45,male,13,20160406
user_0014650,8,1000,male,7,20160505
user_0014651,1,25,,4,20160523
user_0014652,10,26,male,13,20151120
user_0014653,1,34,female,3,20160901
user_0014654,1,20,female,4,20150427
user_0014655,5,30,female,3,20150516
user_0014656,1,25,female,3,20150327
user_0014657,14,43,female,3,20150802
user_0014658,1,30,male,3,20150301
user_0014659,7,31,female,3,20150207
user_0014660,15,30,male,3,20150311
user_0014661,1,31,female,3,20160316
user_0014662,9,38,male,4,20160408
user_0014663,2,35,male,4,20151115
user_0014664,9,41,male,7,20160322
user_0014665,1,37,female,3,20150517
user_0014666,10,38,female,3,20151213
user_0014667,1,43,male,3,20160212
user_0014668,5,22,,9,20150331
user_0014669,1,25,male,3,20161003
user_0014670,11,35,female,7,20150321
user_0014671,8,33,female,4,20160421
user_0014672,1,29,female,3,20151105
user_0014673,1,2015,male,9,20160616
user_0014674,19,30,,4,20160627
user_0014675,3,33,male,4,20150512
user_0014676,1,15,female,7,20151228
user_0014677,13,27,male,3,20151107
user_0014678,4,55,male,4,20160521
user_0014679,1,37,male,3,20151117
user_0014680,14,-1,male,9,20150219
user_0014681,1,-1,female,4,20151226
user_0014682,8,2015,male,9,20150210
user_0014683,17,30,female,9,20161002
user_0014684,1,22,male,4,20151010
user_0014685,1,23,female,4,20160331
user_0014686,6,25,female,3,20160810
user_0014687,19,37,female,4,20151130
user_0014688,1,24,male,3,20150920
user_0014689,1,46,male,13,20161202
user_0014690,19,34,male,7,20160610
user_0014691,8,0,female,9,20161029
user_0014692,1,0,female,3,20170125
user_0014693,18,15,male,3,20150807
user_0014694,13,33,male,3,20150511
user_0014695,15,44,male,4,20150918
user_0014696,1,30,male,3,20160606
user_0014697,15,1000,male,3,20150420
user_0014698,1,41,female,4,20150701
user_0014699,4,27,,4,20160408
user_0014700,1,0,male,7,20151222
user_0014701,21,47,female,9,20150925
user_0014702,1,39,female,3,20160428
user_0014703,20,22,male,4,20150521
user_0014704,17,25,male,9,20160322
user_0014705,1,36,female,3,20161003
user_0014706,1,25,,4,20161023
user_0014707,5,33,female,4,20160817
user_0014708,10,0,,7,20150427
user_0014709,19,39,female,7,20150726
user_0014710,15,42,female,4,20150510
user_0014711,1,27,female,3,20150107
user_0014712,20,21,male,7,20160901
user_0014713,4,25,male,13,20160312
user_0014714,19,30,male,4,20160322
user_0014715,1,23,,4,20170112
user_0014716,19,40,female,3,20151005
user_0014717,19,33,male,9,20161214
user_0014718,1,23,female,3,20160229
user_0014719,15,2015,,4,20160905
user_0014720,1,40,male,3,20160709
user_0014721,1,30,,4,20160210
user_0014722,7,38,female,4,20160107
user_0014723,11,34,female,3,20160927
user_0014724,1,1000,male,7,20151216
user_0014725,1,45,,3,20161016
user_0014726,6,2015,female,3,20151118
user_0014727,1,37,female,3,20150505
user_0014728,18,1000,female,13,20150614
user_0014729,1,28,male,9,20170109
user_0014730,8,40,female,3,20160903
user_0014731,10,41,female,3,20170109
user_0014732,6,26,male,3,20150521
user_0014733,1,40,,4,20161116
user_0014734,6,0,,3,20160824
user_0014735,1,39,male,7,20170117
user_0014736,1,42,female,4,20150726
user_0014737,1,2015,male,4,20160118
user_0014738,10,40,male,3,20161022
user_0014739,3,42,male,13,20170103
user_0014740,20,20,,3,20161018
user_0014741,5,43,male,3,20151015
user_0014742,3,38,male,13,20160203
user_0014743,1,44,,7,20160924
user_0014744,17,44,female,4,20150418
user_0014745,1,1000,male,3,20150315
user_0014746,3,20,male,9,20150122
user_0014747,9,34,male,7,20160413
user_0014748,1,43,female,9,20150701
user_0014749,1,32,female,13,20160616
user_0014750,15,21,female,4,20150325
user_0014751,17,35,female,9,20161210
user_0014752,1,43,male,9,20151210
user_0014753,1,31,male,3,20161110
user_0014754,1,38,male,7,20160301
user_0014755,18,33,female,9,20150718
user_0014756,2,17,,9,20160423
user_0014757,7,17,male,7,20160523
user_0014758,21,18,,4,20150326
user_0014759,2,33,female,9,20150607
user_0014760,9,30,male,4,20160812
user_0014761,2,27,female,3,20160216
user_0014762,3,35,,4,20150730
user_0014763,19,-1,male,9,20160302
user_0014764,5,29,female,3,20150912
user_0014765,2,45,female,3,20150803
user_0014766,8,43,male,3,20160607
user_0014767,15,32,male,3,20151111
user_0014768,5,24,male,3,20160223
user_0014769,4,0,male,3,20160925
user_0014770,19,2015,female,3,20151108
user_0014771,17,29,female,3,20151002
user_0014772,1,35,female,7,20150121
user_0014773,1,42,female,7,20150309
user_0014774,1,33,female,4,20150403
user_0014775,3,1000,male,13,20161031
user_0014776,18,42,male,3,20161122
user_0014777,1,41,female,9,20150918
user_0014778,1,26,male,3,20150404
user_0014779,1,31,,4,20160828
user_0014780,1,34,,3,20160310
user_0014781,1,27,female,7,20160405
user_0014782,7,36,male,7,20160702
user_0014783,5,31,female,9,20150417
user_0014784,1,27,female,3,20150414
user_0014785,13,37,male,3,20150501
user_0014786,10,27,male,7,20160628
user_0014787,1,32,female,7,20160613
user_0014788,1,27,,4,20150422
user_0014789,8,37,female,4,20150927
user_0014790,10,30,,4,20160720
user_0014791,2,36,female,13,20170101
user_0014792,19,41,male,3,20170113
user_0014793,12,-1,,4,20160616
user_0014794,1,29,male,9,20160423
user_0014795,19,23,male,3,20150118
user_0014796,1,21,male,7,20161222
user_0014797,13,54,,9,20150505
user_0014798,19,27,female,3,20160923
user_0014799,9,1000,,3,20160816
user_0014800,2,0,male,4,20160924
user_0014801,9,25,female,13,20160415
user_0014802,7,20,,9,20161020
user_0014803,1,35,female,13,20150715
user_0014804,13,39,female,3,20160712
user_0014805,21,30,male,9,20150929
user_0014806,13,15,female,4,20160409
user_0014807,10,28,,4,20150420
user_0014808,4,31,male,7,20160919
user_0014809,1,21,female,7,20150915
user_0014810,20,44,male,3,20150305
user_0014811,16,42,female,3,20150502
user_0014812,1,27,male,3,20161227
user_0014813,2,48,female,9,20160307
user_0014814,12,35,male,4,20160212
user_0014815,6,2015,,13,20150211
user_0014816,19,22,female,3,20161215
user_0014817,20,29,male,7,20150415
user_0014818,8,18,male,13,20150929
user_0014819,4,-1,male,7,20150707
user_0014820,19,54,male,9,20160903
user_0014821,1,32,male,13,20160601
user_0014822,1,29,male,4,20160625
user_0014823,1,39,,3,20150811
user_0014824,3,22,male,7,20160916
user_0014825,1,-1,female,7,20150110
user_0014826,1,43,female,3,20150910
user_0014827,9,41,male,3,20150203
user_0014828,14,30,female,3,20150227
user_0014829,1,-1,female,9,20160304
user_0014830,5,34,male,3,20150204
user_0014831,13,2015,male,9,20150301
user_0014832,3,15,female,3,20150802
user_0014833,8,2015,female,9,20161115
user_0014834,14,23,male,7,20170128
user_0014835,7,18,female,13,20150601
user_0014836,2,2015,,3,20150530
user_0014837,1,37,male,7,20151220
user_0014838,2,36,female,4,20160520
user_0014839,15,-1,male,3,20150607
user_0014840,1,28,female,3,20161222
user_0014841,1,32,male,3,20160327
user_0014842,20,26,female,7,20160711
user_0014843,12,26,male,9,20160801
user_0014844,18,31,,3,20151213
user_0014845,1,23,female,3,20160503
user_0014846,9,26,female,3,20160526
user_0014847,9,44,female,4,20150728
user_0014848,15,27,female,3,20161023
user_0014849,13,2015,,3,20151003
user_0014850,7,-1,female,9,20161220
user_0014851,16,40,male,4,20160716
user_0014852,17,21,female,3,20150522
user_0014853,1,28,,7,20160612
user_0014854,1,-1,male,3,20151020
user_0014855,11,34,female,7,20150518
user_0014856,1,17,,9,20160312
user_0014857,19,35,male,4,20150319
user_0014858,2,38,,3,20161007
user_0014859,9,27,male,3,20150806
user_0014860,1,2015,,9,20160122
user_0014861,1,47,male,7,20160429
user_0014862,1,35,,13,20161021
user_0014863,2,26,male,3,20151225
user_0014864,3,32,female,4,20150806
user_0014865,1,1000,female,9,20161228
user_0014866,12,28,male,4,20151216
user_0014867,11,38,female,4,20160206
user_0014868,1,28,female,3,20151010
user_0014869,1,23,male,13,20151206
user_0014870,1,29,male,3,20150330
user_0014871,21,32,female,7,20150727
user_0014872,1,21,male,7,20150626
user_0014873,21,31,female,9,20150806
user_0014874,14,25,male,7,20150728
user_0014875,1,29,,4,20160606
user_0014876,1,27,,4,20160622
user_0014877,11,43,male,3,20150823
user_0014878,1,20,female,7,20150610
user_0014879,5,34,male,3,20150402
user_0014880,1,35,,3,20160312
user_0014881,1,-1,male,3,20160703
user_0014882,11,44,male,3,20170117
user_0014883,8,36,female,3,20150819
user_0014884,1,38,female,3,20150330
user_0014885,12,30,male,4,20150113
user_0014886,9,24,male,3,20160515
user_0014887,21,0,female,3,20161218
user_0014888,2,44,male,3,20151026
user_0014889,21,26,female,7,20160909
user_0014890,1,48,,4,20170117
user_0014891,18,38,male,4,20170130
user_0014892,1,28,male,3,20150213
user_0014893,18,33,,9,20160611
user_0014894,19,34,male,3,20160823
user_0014895,1,21,,4,20150916
user_0014896,3,29,,3,20150310
user_0014897,7,31,male,7,20160919
user_0014898,1,31,female,4,20150326
user_0014899,19,31,female,9,20160920
user_0014900,1,30,female,7,20150131
user_0014901,20,1000,,7,20151026
user_0014902,2,2015,female,3,20150124
user_0014903,6,22,male,3,20160228
user_0014904,18,1000,male,7,20160801
user_0014905,4,40,,9,20150918
user_0014906,5,39,female,9,20150228
user_0014907,11,16,female,13,20160506
user_0014908,1,22,,9,20150124
user_0014909,21,1000,female,4,20160313
user_0014910,1,18,female,7,20160916
user_0014911,10,26,female,3,20150410
user_0014912,1,2015,male,13,20150724
user_0014913,1,15,,13,20150122
user_0014914,1,43,male,7,20160713
user_0014915,12,45,male,3,20160104
user_0014916,6,19,female,4,20160119
user_0014917,20,-1,male,7,20160104
user_0014918,7,26,,9,20160209
user_0014919,1,30,,7,20160324
user_0014920,16,30,,9,20161208
user_0014921,1,25,female,7,20151016
user_0014922,1,30,male,7,20150520
user_0014923,8,31,female,3,20160602
user_0014924,13,2015,male,7,20160430
user_0014925,1,35,male,4,20160502
user_0014926,18,16,male,9,20170112
user_0014927,1,50,female,3,20151225
user_0014928,2,37,male,4,20150502
user_0014929,3,1000,,3,20160105
user_0014930,7,23,female,4,20160419
user_0014931,17,22,female,13,20160107
user_0014932,1,-1,male,7,20151028
user_0014933,19,-1,male,9,20160627
user_0014934,20,46,female,9,20150711
user_0014935,21,-1,female,3,20150623
user_0014936,18,36,male,7,20150718
user_0014937,17,36,male,7,20161212
user_0014938,15,25,male,7,20160123
user_0014939,8,15,male,3,20161001
user_0014940,1,42,female,3,20150818
user_0014941,1,39,,7,20160902
user_0014942,3,25,male,3,20150319
user_0014943,1,25,male,4,20150611
user_0014944,18,33,female,4,20150119
user_0014945,13,19,female,3,20150819
user_0014946,1,35,male,3,20161129
user_0014947,1,35,female,3,20150430
user_0014948,16,36,,4,20150113
user_0014949,19,22,female,9,20151226
user_0014950,1,36,,7,20150604
user_0014951,1,2015,female,3,20150810
user_0014952,1,21,male,9,20161119
user_0014953,1,31,male,9,20151117
user_0014954,1,15,,13,20151204
user_0014955,6,21,male,7,20160218
user_0014956,1,21,,7,20160908
user_0014957,1,35,,7,20160223
user_0014958,4,28,,3,20150328
user_0014959,1,21,female,4,20161030
user_0014960,7,41,female,3,20161031
user_0014961,1,2015,female,7,20151028
user_0014962,1,28,female,7,20150607
user_0014963,20,23,male,3,20150714
user_0014964,17,30,male,3,20150212
user_0014965,14,40,female,4,20160122
user_0014966,1,38,female,3,20150918
user_0014967,2,40,female,4,20151217
user_0014968,1,34,male,7,20161018
user_0014969,9,35,male,3,20160327
user_0014970,20,26,male,13,20150710
user_0014971,8,32,male,9,20150406
user_0014972,1,31,female,3,20160424
user_0014973,1,25,female,9,20150110
user_0014974,16,29,female,9,20151010
user_0014975,20,2015,female,7,20161105
user_0014976,1,38,male,4,20160129
user_0014977,20,40,male,3,20160311
user_0014978,19,27,male,3,20160621
user_0014979,13,29,female,9,20150309
user_0014980,1,45,,7,20150922
user_0014981,15,43,female,13,20150112
user_0014982,4,35,female,7,20161020
user_0014983,18,37,,3,20160502
user_0014984,1,27,male,3,20161216
user_0014985,9,41,,3,20161014
user_0014986,6,31,male,3,20160122
user_0014987,3,19,male,4,20150323
user_0014988,1,29,female,4,20160729
user_0014989,17,49,female,7,20161207
user_0014990,18,33,female,3,20150109
user_0014991,7,17,female,9,20160902
user_0014992,1,39,female,4,20150828
user_0014993,5,26,female,3,20151225
user_0014994,17,49,,4,20160616
user_0014995,1,44,male,4,20150214
user_0014996,17,16,male,3,20160821
user_0014997,16,1000,female,4,20150831
user_0014998,1,35,male,4,20170127
user_0014999,10,34,female,3,20161004
user_0015000,15,35,female,3,20150617
user_0015001,18,28,male,3,20161009
user_0015002,4,1000,male,3,20160118
user_0015003,1,41,female,3,20150418
user_0015004,19,25,male,3,20150630
user_0015005,15,32,female,3,20160108
user_0015006,1,-1,male,3,20160401
user_0015007,15,36,female,3,20161110
user_0015008,8,36,male,7,20160903
user_0015009,9,29,male,3,20151009
user_0015010,19,47,female,7,20160529
user_0015011,11,29,male,4,20160212
user_0015012,1,27,male,4,20170104
user_0015013,4,38,male,9,20150404
user_0015014,12,1000,male,3,20150505
user_0015015,3,2015,female,3,20151229
user_0015016,18,45,male,3,20150412
user_0015017,1,23,,13,20150209
user_0015018,1,20,male,3,20150529
user_0015019,9,24,,4,20161106
user_0015020,17,25,female,7,20160319
user_0015021,15,39,,3,20151206
user_0015022,14,28,male,4,20160504
user_0015023,1,-1,female,7,20150224
user_0015024,1,52,male,9,20160707
user_0015025,1,-1,female,7,20150627
user_0015026,8,20,female,7,20160824
user_0015027,16,1000,male,3,20160821
user_0015028,1,15,,4,20151205
user_0015029,3,18,,3,20161129
user_0015030,15,1000,female,3,20160217
user_0015031,19,44,female,3,20161211
user_0015032,1,31,male,4,20161128
user_0015033,13,19,female,3,20160629
user_0015034,16,2015,male,3,20160629
user_0015035,17,49,male,3,20150208
user_0015036,1,2015,male,13,20161225
user_0015037,7,32,,4,20160602
user_0015038,15,44,,3,20150805
user_0015039,16,27,,7,20151225
user_0015040,12,2015,female,7,20150503
user_0015041,6,-1,male,7,20160226
user_0015042,1,42,male,3,20160613
user_0015043,1,38,,4,20150706
user_0015044,2,-1,female,4,20161206
user_0015045,18,31,male,7,20150107
user_0015046,13,32,,4,20160523
user_0015047,21,37,male,13,20160712
user_0015048,1,27,female,4,20160823
user_0015049,1,26,female,3,20151230
user_0015050,1,42,male,9,20160503
user_0015051,1,19,,3,20160420
user_0015052,17,30,male,13,20160125
user_0015053,20,23,female,13,20160621
user_0015054,19,35,female,4,20160607
user_0015055,4,47,male,3,20150529
user_0015056,19,39,male,3,20150610
user_0015057,13,40,male,4,20160317
user_0015058,12,23,male,7,20160922
user_0015059,1,15,female,3,20161215
user_0015060,6,27,male,7,20160817
user_0015061,3,0,male,3,20151123
user_0015062,12,0,,4,20150210
user_0015063,10,19,female,9,20160223
user_0015064,1,2015,male,4,20161224
user_0015065,4,28,female,7,20150831
user_0015066,20,15,female,3,20160523
user_0015067,1,35,male,4,20160314
user_0015068,1,25,female,9,20150707
user_0015069,10,20,,9,20161102
user_0015070,6,37,female,13,20160705
user_0015071,1,2015,male,3,20150905
user_0015072,11,34,female,3,20150701
user_0015073,21,35,female,3,20151207
user_0015074,1,19,male,3,20160423
user_0015075,1,27,male,7,20151018
user_0015076,19,35,female,3,20160914
user_0015077,10,15,male,7,20161016
user_0015078,1,15,male,3,20150801
user_0015079,21,0,male,9,20150417
user_0015080,21,42,male,4,20160224
user_0015081,11,43,female,3,20150730
user_0015082,1,23,,4,20161019
user_0015083,1,47,male,7,20160211
user_0015084,6,2015,female,3,20151116
user_0015085,9,0,female,4,20150827
user_0015086,1,2015,male,3,20160106
user_0015087,1,30,male,13,20150423
user_0015088,15,41,male,4,20151227
user_0015089,1,2015,male,4,20150922
user_0015090,1,27,male,4,20150826
user_0015091,17,34,male,9,20150811
user_0015092,1,17,,13,20150930
user_0015093,5,34,male,4,20160518
user_0015094,12,22,male,4,20161202
user_0015095,1,38,female,9,20161129
user_0015096,4,27,,7,20150728
user_0015097,1,27,male,7,20150530
user_0015098,12,43,female,9,20161211
user_0015099,1,26,male,13,20150120
user_0015100,19,15,female,3,20160617
user_0015101,1,0,,4,20160319
user_0015102,21,26,male,3,20150918
user_0015103,5,29,,9,20150304
user_0015104,5,35,female,3,20150530
user_0015105,15,45,female,4,20160113
user_0015106,1,47,female,4,20150408
user_0015107,19,22,female,3,20150627
user_0015108,4,0,female,3,20150319
user_0015109,1,51,male,4,20150828
user_0015110,19,2015,female,3,20160413
user_0015111,1,1000,,7,20160625
user_0015112,16,19,male,3,20160601
user_0015113,1,29,female,4,20160409
user_0015114,11,21,male,9,20160509
user_0015115,1,25,female,9,20161213
user_0015116,1,18,male,3,20150905
user_0015117,21,41,female,7,20160725
user_0015118,12,-1,,3,20151207
user_0015119,1,40,female,13,20160212
user_0015120,4,40,female,13,20150707
user_0015121,3,1000,female,4,20150726
user_0015122,10,43,male,3,20161105
user_0015123,19,36,female,9,20160205
user_0015124,1,26,female,7,20160617
user_0015125,11,30,,9,20160710
user_0015126,18,-1,,4,20150308
user_0015127,1,18,female,13,20150221
user_0015128,1,29,female,3,20150722
user_0015129,5,37,male,7,20170101
user_0015130,8,28,male,3,20150726
user_0015131,19,24,male,13,20161209
user_0015132,1,52,male,3,20150105
user_0015133,18,2015,female,3,20151214
user_0015134,2,37,male,4,20150215
user_0015135,21,38,male,3,20160129
user_0015136,10,1000,female,4,20150215
user_0015137,12,29,female,7,20150110
user_0015138,1,45,male,3,20160703
user_0015139,11,28,male,3,20150110
user_0015140,6,21,male,9,20160814
user_0015141,12,26,male,7,20150704
user_0015142,3,2015,female,7,20160906
user_0015143,2,31,female,13,20160510
user_0015144,7,47,male,3,20151201
user_0015145,6,-1,,4,20150406
user_0015146,4,36,female,3,20151123
user_0015147,1,40,female,9,20170111
user_0015148,12,21,,9,20150404
user_0015149,11,31,female,4,20161203
user_0015150,21,26,,4,20160402
user_0015151,1,22,female,7,20160510
user_0015152,3,1000,,7,20160825
user_0015153,1,15,male,7,20150714
user_0015154,1,37,female,3,20161029
user_0015155,17,-1,male,7,20170121
user_0015156,18,26,,7,20160420
user_0015157,13,40,female,4,20150708
user_0015158,1,32,male,4,20161008
user_0015159,1,48,male,4,20160106
user_0015160,1,-1,male,7,20160819
user_0015161,8,31,female,9,20161219
user_0015162,1,32,female,3,20160115
user_0015163,17,34,female,7,20150910
user_0015164,10,15,female,7,20150531
user_0015165,4,38,female,4,20150924
user_0015166,19,31,female,3,20160609
user_0015167,11,27,female,7,20170114
user_0015168,12,1000,male,7,20150323
user_0015169,9,40,female,3,20160629
user_0015170,10,36,female,4,20170108
user_0015171,8,39,male,7,20150813
user_0015172,8,31,female,3,20160330
user_0015173,9,34,male,9,20150413
user_0015174,13,0,male,4,20160429
user_0015175,2,39,female,3,20150304
user_0015176,1,31,,9,20151115
user_0015177,15,40,male,3,20150617
user_0015178,17,2015,female,9,20160405
user_0015179,20,-1,female,4,20151207
user_0015180,1,30,female,3,20161231
user_0015181,5,40,male,3,20160702
user_0015182,14,38,male,3,20151006
user_0015183,1,35,male,7,20150403
user_0015184,11,38,female,7,20161206
user_0015185,7,30,,3,20151017
user_0015186,4,31,female,7,20151031
user_0015187,12,22,,4,20170123
user_0015188,1,58,,9,20151010
user_0015189,12,31,male,3,20150105
user_0015190,15,37,female,3,20161030
user_0015191,1,29,male,4,20161120
user_0015192,14,31,male,9,20150822
user_0015193,18,15,female,3,20160103
user_0015194,16,36,female,9,20160326
user_0015195,17,41,female,3,20160623
user_0015196,1,40,female,9,20150715
user_0015197,1,44,female,4,20150609
user_0015198,2,-1,male,9,20160619
user_0015199,1,33,male,4,20160330
user_0015200,19,26,male,4,20150610
user_0015201,16,35,male,7,20151027
user_0015202,5,42,,3,20170114
user_0015203,1,55,male,3,20150430
user_0015204,20,25,,4,20150118
user_0015205,6,35,female,3,20160501
user_0015206,9,39,male,3,20150311
user_0015207,2,20,male,3,20150912
user_0015208,1,29,male,3,20160117
user_0015209,12,42,male,9,20150416
user_0015210,8,37,female,7,20150118
user_0015211,1,36,female,3,20160215
user_0015212,2,39,female,9,20170104
user_0015213,7,2015,,3,20160130
user_0015214,15,31,,9,20170125
user_0015215,6,30,male,9,20150325
user_0015216,1,29,female,4,20151013
user_0015217,5,39,,13,20150207
user_0015218,19,1000,female,3,20150521
user_0015219,17,41,male,3,20161231
user_0015220,2,31,,3,20160907
user_0015221,1,31,,7,20150318
user_0015222,4,27,male,3,20151214
user_0015223,1,30,female,3,20150816
user_0015224,1,22,female,9,20151129
user_0015225,1,0,female,9,20160213
user_0015226,10,0,male,4,20150211
user_0015227,16,30,female,3,20160302
user_0015228,5,0,male,4,20160114
user_0015229,14,30,male,4,20161219
user_0015230,1,36,female,9,20160429
user_0015231,14,36,male,4,20160505
user_0015232,1,28,male,3,20150602
user_0015233,16,34,male,3,20150612
user_0015234,20,37,male,13,20150601
user_0015235,18,30,female,3,20150516
user_0015236,12,21,female,13,20160110
user_0015237,1,17,female,9,20151030
user_0015238,1,45,,4,20150106
user_0015239,19,28,male,3,20150226
user_0015240,1,39,male,7,20151017
user_0015241,12,15,,3,20170120
user_0015242,2,22,female,3,20160304
user_0015243,1,15,,3,20161021
user_0015244,2,-1,male,4,20161215
user_0015245,14,35,,9,20161004
user_0015246,9,18,female,7,20160213
user_0015247,1,30,,13,20150115
user_0015248,2,43,female,3,20151223
user_0015249,17,32,male,7,20161002
user_0015250,5,47,female,7,20150224
user_0015251,3,33,male,7,20150508
user_0015252,5,22,male,4,20160212
user_0015253,8,33,female,3,20150606
user_0015254,1,15,,3,20150730
user_0015255,1,15,male,3,20161230
user_0015256,7,42,female,13,20151120
user_0015257,13,42,female,7,20150925
user_0015258,18,44,male,9,20150301
user_0015259,20,1000,male,4,20160601
user_0015260,1,-1,male,3,20151221
user_0015261,1,30,male,7,20150716
user_0015262,2,-1,male,3,20160308
user_0015263,1,40,,7,20150722
user_0015264,1,32,male,4,20151103
user_0015265,15,23,female,4,20160917
user_0015266,2,24,male,3,20160926
user_0015267,11,23,female,9,20161211
user_0015268,1,44,male,3,20150829
user_0015269,12,41,,9,20151210
user_0015270,15,32,female,9,20160108
user_0015271,20,1000,,4,20160417
user_0015272,1,46,female,3,20160526
user_0015273,4,-1,,4,20150101
user_0015274,18,36,female,4,20161203
user_0015275,15,40,female,3,20150102
user_0015276,17,39,female,3,20150228
user_0015277,1,42,male,13,20160825
user_0015278,1,0,male,7,20160120
user_0015279,21,36,male,4,20150306
user_0015280,20,22,female,3,20150820
user_0015281,1,2015,male,4,20161212
user_0015282,16,33,male,9,20150103
user_0015283,10,29,female,3,20161102
user_0015284,1,28,male,9,20161108
user_0015285,1,2015,male,3,20160904
user_0015286,1,16,female,3,20160204
user_0015287,1,45,,7,20161207
user_0015288,1,15,male,3,20160110
user_0015289,1,28,male,9,20160628
user_0015290,4,-1,female,3,20150822
user_0015291,16,30,female,3,20150908
user_0015292,1,36,male,7,20150716
user_0015293,1,18,female,3,20150128
user_0015294,9,47,female,3,20160310
user_0015295,1,20,male,4,20160726
user_0015296,1,35,female,7,20160730
user_0015297,13,41,female,4,20150105
user_0015298,2,0,male,9,20150920
user_0015299,1,35,female,3,20161230
user_0015300,18,33,male,9,20161229
user_0015301,9,28,male,4,20150809
user_0015302,1,29,,9,20160419
user_0015303,8,29,female,3,20151103
user_0015304,10,21,male,4,20151105
user_0015305,3,26,female,3,20150614
user_0015306,3,34,,3,20150410
user_0015307,1,0,female,3,20160824
user_0015308,1,30,female,4,20160804
user_0015309,1,37,female,4,20161225
user_0015310,1,15,male,3,20160902
user_0015311,2,22,male,3,20161224
user_0015312,1,27,male,13,20150425
user_0015313,6,42,male,3,20160429
user_0015314,14,30,female,4,20170123
user_0015315,12,21,female,9,20160103
user_0015316,1,-1,male,7,20151101
user_0015317,5,33,male,4,20161005
user_0015318,1,20,,3,20151221
user_0015319,10,1000,female,3,20160208
user_0015320,12,37,male,13,20160722
user_0015321,1,-1,male,4,20161102
user_0015322,21,24,female,3,20161215
user_0015323,7,27,female,13,20160415
user_0015324,1,38,male,9,20151231
user_0015325,18,38,female,7,20161010
user_0015326,19,26,,3,20150406
user_0015327,7,26,female,4,20160918
user_0015328,1,2015,male,9,20150209
user_0015329,1,24,male,3,20151101
user_0015330,1,-1,female,13,20160214
user_0015331,16,27,female,4,20150417
user_0015332,7,-1,,4,20160217
user_0015333,3,40,male,7,20151222
user_0015334,21,15,female,3,20150623
user_0015335,1,2015,,7,20150214
user_0015336,13,42,,7,20160224
user_0015337,9,35,female,3,20151213
user_0015338,1,16,male,3,20160920
user_0015339,1,15,female,3,20151225
user_0015340,11,25,female,3,20160409
user_0015341,1,29,female,7,20161118
user_0015342,14,25,female,3,20151012
user_0015343,20,34,male,4,20160413
user_0015344,1,0,female,3,20160923
user_0015345,1,-1,male,9,20160118
user_0015346,17,20,male,3,20161103
user_0015347,1,0,male,3,20151209
user_0015348,10,21,male,7,20150811
user_0015349,1,24,female,3,20161124
user_0015350,20,30,female,9,20160717
user_0015351,8,2015,male,4,20150106
user_0015352,2,37,,9,20151122
user_0015353,6,33,male,4,20161005
user_0015354,1,20,,4,20150722
user_0015355,3,26,male,4,20160104
user_0015356,1,32,female,7,20160730
user_0015357,1,25,,3,20160102
user_0015358,17,24,,9,20150327
user_0015359,8,38,male,7,20150716
user_0015360,6,42,female,7,20150512
user_0015361,15,1000,male,3,20151226
user_0015362,1,42,male,7,20160414
user_0015363,3,31,,4,20150307
user_0015364,1,15,male,7,20150317
user_0015365,1,40,male,4,20161020
user_0015366,3,45,male,9,20160209
user_0015367,6,30,male,9,20160506
user_0015368,20,32,male,4,20150115
user_0015369,12,33,male,13,20170105
user_0015370,1,-1,male,4,20151025
user_0015371,4,20,female,3,20160730
user_0015372,16,23,male,9,20160412
user_0015373,8,35,female,3,20150806
user_0015374,1,31,female,7,20170118
user_0015375,1,45,male,4,20150424
user_0015376,19,43,male,13,20151009
user_0015377,19,36,female,3,20170102
user_0015378,1,26,male,3,20150119
user_0015379,7,27,,13,20160627
user_0015380,18,16,female,4,20160308
user_0015381,14,43,male,3,20151020
user_0015382,14,0,female,7,20170125
user_0015383,1,15,female,4,20161111
user_0015384,17,40,,4,20160223
user_0015385,6,22,female,3,20150730
user_0015386,1,24,female,3,20161102
user_0015387,5,39,male,9,20150625
user_0015388,1,30,female,7,20151116
user_0015389,1,2015,female,13,20150529
user_0015390,1,23,female,4,20160113
user_0015391,1,25,male,3,20160316
user_0015392,14,0,male,3,20160512
user_0015393,21,32,male,4,20161126
user_0015394,1,39,male,7,20160925
user_0015395,19,39,male,13,20150922
user_0015396,1,51,male,3,20160722
user_0015397,19,44,male,3,20150503
user_0015398,8,26,female,3,20150411
user_0015399,1,0,male,13,20161122
user_0015400,6,37,male,7,20151001
user_0015401,1,43,male,4,20161025
user_0015402,5,38,,9,20150404
user_0015403,15,38,female,7,20151006
user_0015404,15,47,female,4,20150821
user_0015405,8,29,,7,20151216
user_0015406,7,31,female,7,20160717
user_0015407,1,43,male,7,20150617
user_0015408,1,20,female,3,20160428
user_0015409,10,18,female,7,20151113
user_0015410,7,27,,3,20151001
user_0015411,18,32,male,3,20160216
user_0015412,13,32,,4,20160627
user_0015413,1,-1,female,7,20160122
user_0015414,17,35,female,3,20170128
user_0015415,11,15,male,9,20161127
user_0015416,1,46,male,4,20150921
user_0015417,4,2015,female,7,20150721
user_0015418,1,43,female,9,20170121
user_0015419,1,2015,male,9,20161213
user_0015420,1,18,,7,20151114
user_0015421,18,-1,male,3,20160525
user_0015422,14,50,male,3,20160518
user_0015423,4,45,,4,20170118
user_0015424,16,21,male,4,20160326
user_0015425,10,33,male,4,20161220
user_0015426,1,28,female,4,20150205
user_0015427,16,46,male,3,20161115
user_0015428,1,1000,female,13,20160327
user_0015429,1,44,male,7,20150327
user_0015430,1,30,female,7,20160511
user_0015431,6,-1,male,3,20170115
user_0015432,1,35,female,4,20160319
user_0015433,20,26,male,4,20161022
user_0015434,4,34,female,3,20150614
user_0015435,1,15,,3,20150720
user_0015436,17,33,female,3,20160108
user_0015437,21,-1,male,7,20150224
user_0015438,7,40,female,9,20150619
user_0015439,12,1000,,7,20151112
user_0015440,13,55,male,3,20150305
user_0015441,1,1000,male,9,20160816
user_0015442,18,-1,,4,20160601
user_0015443,16,39,male,9,20150731
user_0015444,15,42,male,4,20160416
user_0015445,5,36,male,3,20150526
user_0015446,3,57,male,4,20150531
user_0015447,12,15,male,3,20150620
user_0015448,13,46,female,3,20161206
user_0015449,17,35,female,3,20151026
user_0015450,19,33,male,7,20150129
user_0015451,16,20,male,4,20150908
user_0015452,21,27,male,3,20150225
user_0015453,14,28,male,7,20170126
user_0015454,1,47,female,4,20160419
user_0015455,3,41,male,3,20150801
user_0015456,2,38,female,9,20150922
user_0015457,17,31,male,9,20150512
user_0015458,9,39,female,4,20150718
user_0015459,10,2015,female,7,20151110
user_0015460,19,33,female,4,20160119
user_0015461,1,29,male,3,20161201
user_0015462,5,31,female,3,20150628
user_0015463,1,-1,female,7,20150524
user_0015464,1,56,male,3,20150121
user_0015465,7,24,male,7,20150630
user_0015466,1,46,female,3,20161109
user_0015467,1,26,female,4,20150625
user_0015468,16,0,,9,20150811
user_0015469,11,34,female,3,20160328
user_0015470,1,21,female,3,20151016
user_0015471,1,26,male,7,20150621
user_0015472,8,35,,4,20160118
user_0015473,5,35,male,9,20160609
user_0015474,8,23,female,3,20160725
user_0015475,2,31,,3,20160526
user_0015476,15,32,male,9,20150428
user_0015477,10,33,male,3,20150518
user_0015478,1,1000,female,3,20160626
user_0015479,12,41,female,3,20151008
user_0015480,14,15,,4,20161023
user_0015481,9,29,,9,20170124
user_0015482,10,33,female,4,20150925
user_0015483,16,26,,7,20150708
user_0015484,2,35,male,3,20150324
user_0015485,20,24,male,4,20150423
user_0015486,8,15,male,3,20150717
user_0015487,12,0,male,3,20160929
user_0015488,10,45,female,3,20150930
user_0015489,1,26,female,4,20161114
user_0015490,19,-1,,7,20160610
user_0015491,5,1000,female,3,20151103
user_0015492,18,2015,,3,20151023
user_0015493,21,23,male,13,20150902
user_0015494,13,24,female,3,20150102
user_0015495,1,30,male,3,20161031
user_0015496,6,2015,male,9,20150929
user_0015497,1,35,,3,20150225
user_0015498,14,46,female,3,20161108
user_0015499,6,30,female,7,20160321
user_0015500,3,15,male,13,20160405
user_0015501,1,36,,9,20150808
user_0015502,2,26,female,13,20151122
user_0015503,7,30,female,4,20161218
user_0015504,3,35,female,13,20150519
user_0015505,1,28,male,3,20160228
user_0015506,15,43,male,3,20151201
user_0015507,4,40,male,7,20151015
user_0015508,12,36,female,7,20151115
user_0015509,11,39,female,9,20160121
user_0015510,2,26,female,3,20161117
user_0015511,14,35,female,3,20160104
user_0015512,4,36,,7,20160702
user_0015513,10,37,male,3,20161211
user_0015514,21,34,male,4,20170128
user_0015515,12,36,female,9,20150212
user_0015516,20,40,male,3,20160302
user_0015517,3,0,male,9,20160406
user_0015518,12,36,male,7,20150531
user_0015519,12,46,male,4,20160712
user_0015520,1,15,male,3,20170118
user_0015521,13,32,male,9,20150808
user_0015522,3,48,,3,20150823
user_0015523,1,27,female,7,20151219
user_0015524,15,0,male,3,20161202
user_0015525,1,0,,7,20150827
user_0015526,1,34,female,9,20150929
user_0015527,3,29,female,13,20150824
user_0015528,3,30,,13,20151103
user_0015529,1,38,male,3,20150501
user_0015530,3,22,,9,20151118
user_0015531,12,37,,3,20160814
user_0015532,1,22,female,3,20151011
user_0015533,11,36,male,9,20150420
user_0015534,17,0,female,9,20150711
user_0015535,1,39,female,3,20160907
user_0015536,11,37,male,3,20161102
user_0015537,11,45,female,4,20150712
user_0015538,19,0,male,9,20160214
user_0015539,5,56,,4,20160125
user_0015540,1,44,male,3,20150816
user_0015541,1,23,female,7,20150322
user_0015542,1,26,female,13,20160806
user_0015543,17,35,female,3,20150817
user_0015544,13,42,female,9,20150414
user_0015545,1,52,female,13,20160909
user_0015546,1,0,male,4,20150903
user_0015547,12,27,male,9,20150920
user_0015548,12,31,male,7,20150821
user_0015549,1,35,female,13,20160802
user_0015550,1,25,female,7,20150921
user_0015551,10,21,male,3,20160824
user_0015552,10,31,female,7,20150829
user_0015553,6,37,female,3,20170106
user_0015554,14,44,,3,20150916
user_0015555,6,29,male,3,20150922
user_0015556,21,15,male,3,20160722
user_0015557,8,35,female,3,20161229
user_0015558,19,40,male,7,20160508
user_0015559,1,38,male,4,20161207
user_0015560,19,43,female,4,20150410
user_0015561,21,48,male,7,20150713
user_0015562,20,25,female,3,20150608
user_0015563,18,19,male,3,20150421
user_0015564,1,24,female,7,20160711
user_0015565,1,44,male,7,20150321
user_0015566,4,1000,female,7,20151001
user_0015567,2,27,female,4,20160403
user_0015568,1,17,female,13,20151218
user_0015569,11,22,male,13,20161206
user_0015570,1,20,male,13,20161019
user_0015571,13,35,male,3,20160429
user_0015572,1,-1,female,7,20150411
user_0015573,19,27,male,3,20151004
user_0015574,14,36,male,13,20160109
user_0015575,9,41,male,4,20160618
user_0015576,1,15,female,3,20160526
user_0015577,11,2015,female,3,20161205
user_0015578,5,36,female,7,20150403
user_0015579,13,37,male,7,20160904
user_0015580,1,29,male,3,20161002
user_0015581,11,31,female,4,20160413
user_0015582,1,35,male,9,20161028
user_0015583,19,23,female,9,20150325
user_0015584,1,40,male,7,20150827
user_0015585,18,26,male,3,20161127
user_0015586,1,-1,male,3,20160209
user_0015587,1,34,male,7,20160618
user_0015588,10,23,female,3,20160723
user_0015589,4,2015,female,7,20150203
user_0015590,1,-1,female,7,20160412
user_0015591,3,23,female,7,20161109
user_0015592,1,23,male,3,20150925
user_0015593,19,26,male,3,20160530
user_0015594,19,21,male,3,20161220
user_0015595,17,2015,,4,20160303
user_0015596,21,38,,7,20160617
user_0015597,2,47,female,4,20150804
user_0015598,7,36,female,9,20150610
user_0015599,11,2015,male,4,20150616
user_0015600,1,35,,9,20150211
user_0015601,3,37,female,13,20151021
user_0015602,1,40,female,9,20150417
user_0015603,1,0,male,3,20160419
user_0015604,1,21,,3,20151119
user_0015605,19,17,male,3,20150425
user_0015606,1,32,female,4,20151129
user_0015607,1,37,male,4,20151114
user_0015608,2,19,male,3,20160327
user_0015609,17,16,female,3,20150520
user_0015610,4,47,male,3,20160614
user_0015611,9,48,female,9,20150425
user_0015612,11,32,male,4,20160712
user_0015613,2,32,female,3,20151025
user_0015614,19,35,,4,20150618
user_0015615,17,-1,male,3,20150123
user_0015616,16,31,male,3,20150129
user_0015617,7,26,female,7,20151009
user_0015618,3,0,female,4,20151222
user_0015619,12,28,,9,20160819
user_0015620,17,24,male,7,20150224
user_0015621,11,29,female,13,20150304
user_0015622,18,1000,female,3,20150127
user_0015623,10,20,female,3,20150401
user_0015624,1,34,female,3,20150607
user_0015625,14,33,female,7,20151021
user_0015626,11,31,female,3,20150517
user_0015627,1,52,,4,20170117
user_0015628,11,15,male,3,20160830
user_0015629,16,29,female,9,20160616
user_0015630,18,28,female,4,20150603
user_0015631,19,27,male,3,20160218
user_0015632,8,26,female,9,20160921
user_0015633,11,1000,female,7,20150318
user_0015634,7,35,,7,20160202
user_0015635,1,26,male,9,20150119
user_0015636,1,46,male,9,20151112
user_0015637,18,31,,3,20161230
user_0015638,1,36,male,9,20151001
user_0015639,3,43,male,3,20160323
user_0015640,14,33,,7,20161117
user_0015641,19,43,female,3,20150523
user_0015642,1,47,female,3,20160121
user_0015643,19,47,female,4,20160122
user_0015644,12,15,female,3,20160511
user_0015645,1,31,male,9,20150615
user_0015646,12,15,male,3,20160807
user_0015647,12,34,female,7,20150723
user_0015648,2,49,,3,20151004
user_0015649,6,40,female,3,20160807
user_0015650,7,25,male,3,20150624
user_0015651,10,43,male,4,20160812
user_0015652,5,30,male,4,20160323
user_0015653,8,43,male,7,20160605
user_0015654,5,40,male,4,20150514
user_0015655,1,32,male,4,20161230
user_0015656,1,20,male,4,20161007
user_0015657,10,34,female,3,20150227
user_0015658,1,33,female,3,20160801
user_0015659,15,38,,9,20151227
user_0015660,1,51,,13,20160223
user_0015661,19,37,male,4,20160526
user_0015662,1,41,,3,20160901
user_0015663,1,2015,female,9,20150814
user_0015664,5,38,male,4,20151215
user_0015665,8,30,male,3,20160726
user_0015666,13,0,female,3,20151001
user_0015667,7,26,female,7,20160112
user_0015668,4,42,male,3,20160123
user_0015669,14,48,female,4,20160309
user_0015670,1,35,female,13,20151005
user_0015671,16,48,,4,20150202
user_0015672,1,24,male,4,20160526
user_0015673,1,30,female,9,20161120
user_0015674,1,21,male,4,20160329
user_0015675,3,34,female,9,20161214
user_0015676,6,41,female,3,20150703
user_0015677,5,34,female,9,20150926
user_0015678,16,-1,male,3,20150323
user_0015679,3,40,female,3,20151016
user_0015680,14,2015,male,4,20160116
user_0015681,11,38,female,7,20161122
user_0015682,1,35,male,3,20151228
user_0015683,1,43,male,9,20160309
user_0015684,18,33,male,4,20151023
user_0015685,12,-1,male,7,20160322
user_0015686,2,16,female,3,20150128
user_0015687,10,25,male,3,20161010
user_0015688,1,42,male,4,20161009
user_0015689,13,21,female,7,20160526
user_0015690,11,0,male,7,20150914
user_0015691,1,25,male,3,20160324
user_0015692,1,26,female,7,20150721
user_0015693,1,1000,male,3,20161106
user_0015694,17,20,male,7,20151213
user_0015695,18,19,male,4,20161108
user_0015696,17,22,,13,20150718
user_0015697,1,34,female,7,20161125
user_0015698,11,29,,3,20150822
user_0015699,19,27,male,7,20161219
user_0015700,18,29,female,4,20160503
user_0015701,10,31,male,3,20160610
user_0015702,3,1000,male,3,20161108
user_0015703,17,-1,male,7,20150608
user_0015704,21,33,,9,20161119
user_0015705,1,35,,4,20160930
user_0015706,3,22,female,4,20161201
user_0015707,7,26,male,3,20150121
user_0015708,1,29,,9,20151031
user_0015709,14,29,,13,20161203
user_0015710,1,43,male,4,20161220
user_0015711,2,30,female,4,20150105
user_0015712,9,0,female,3,20160226
user_0015713,21,0,male,3,20150821
user_0015714,5,27,male,4,20150323
user_0015715,20,39,male,4,20150401
user_0015716,9,18,male,3,20150615
user_0015717,1,27,female,3,20150521
user_0015718,13,52,female,3,20160109
user_0015719,1,22,female,3,20160802
user_0015720,9,44,female,7,20161112
user_0015721,13,26,female,9,20151226
user_0015722,15,21,male,3,20150712
user_0015723,6,55,,7,20150319
user_0015724,1,18,,3,20150916
user_0015725,19,20,female,13,20160715
user_0015726,3,52,female,3,20160929
user_0015727,1,30,male,3,20150502
user_0015728,4,47,female,13,20160707
user_0015729,16,24,female,3,20150113
user_0015730,9,62,female,3,20161228
user_0015731,18,30,female,4,20150422
user_0015732,2,39,female,9,20160331
user_0015733,1,34,,4,20160317
user_0015734,5,1000,female,4,20150725
user_0015735,15,40,female,7,20160604
user_0015736,1,27,,3,20160602
user_0015737,1,0,female,9,20151021
user_0015738,12,1000,female,7,20150402
user_0015739,1,43,female,4,20150308
user_0015740,1,45,female,3,20151209
user_0015741,1,40,female,13,20150531
user_0015742,18,43,male,3,20161021
user_0015743,13,-1,female,3,20150410
user_0015744,5,31,male,4,20160828
user_0015745,13,40,,7,20151202
user_0015746,1,19,male,3,20160726
user_0015747,17,2015,male,9,20160412
user_0015748,1,18,male,4,20160430
user_0015749,9,37,male,3,20150707
user_0015750,9,30,male,7,20160715
user_0015751,2,15,female,4,20150202
user_0015752,17,22,male,3,20150822
user_0015753,2,22,male,4,20160605
user_0015754,1,2015,female,3,20160719
user_0015755,16,30,,3,20150930
user_0015756,4,47,male,4,20150911
user_0015757,6,41,male,3,20160619
user_0015758,7,32,female,4,20161112
user_0015759,2,29,male,4,20150803
user_0015760,1,28,male,3,20160828
user_0015761,1,29,male,3,20160918
user_0015762,3,24,male,3,20151018
user_0015763,13,27,male,4,20161210
user_0015764,1,37,,7,20161227
user_0015765,13,43,female,3,20160714
user_0015766,15,48,,4,20150525
user_0015767,11,28,female,9,20150527
user_0015768,21,41,female,3,20150412
user_0015769,3,29,female,4,20150412
user_0015770,1,20,male,3,20170130
user_0015771,1,15,female,3,20160130
user_0015772,16,18,female,9,20150606
user_0015773,19,-1,female,3,20160326
user_0015774,10,44,male,9,20160202
user_0015775,1,1000,female,9,20161015
user_0015776,12,48,male,3,20170109
user_0015777,1,0,,9,20150704
user_0015778,21,26,male,9,20150501
user_0015779,19,47,female,3,20160817
user_0015780,12,30,male,9,20160309
user_0015781,1,2015,female,7,20150728
user_0015782,15,22,male,3,20160707
user_0015783,1,42,female,4,20161104
user_0015784,1,25,female,9,20150604
user_0015785,12,28,female,9,20170126
user_0015786,4,38,female,9,20151103
user_0015787,20,21,female,4,20150212
user_0015788,1,22,female,3,20160315
user_0015789,19,2015,female,3,20161120
user_0015790,1,1000,male,3,20150812
user_0015791,1,30,,7,20160420
user_0015792,13,34,female,3,20160806
user_0015793,1,28,male,4,20150121
user_0015794,11,34,,3,20150317
user_0015795,2,32,male,4,20150912
user_0015796,1,0,female,7,20170122
user_0015797,18,45,female,9,20161124
user_0015798,10,28,,3,20170104
user_0015799,1,36,,4,20161006
user_0015800,3,25,male,3,20150531
user_0015801,5,46,female,7,20150411
user_0015802,1,27,,7,20160821
user_0015803,5,33,female,7,20170101
user_0015804,3,28,female,3,20150614
user_0015805,1,45,female,3,20161225
user_0015806,1,42,male,9,20160427
user_0015807,1,27,female,3,20161009
user_0015808,17,15,,7,20160314
user_0015809,1,15,female,3,20160410
user_0015810,21,25,female,4,20160916
user_0015811,15,23,female,3,20160413
user_0015812,1,47,female,7,20160318
user_0015813,3,-1,,3,20160105
user_0015814,11,42,female,9,20151029
user_0015815,3,40,female,7,20150106
user_0015816,16,36,,7,20160805
user_0015817,1,32,male,4,20160302
user_0015818,18,40,female,9,20150404
user_0015819,6,1000,female,4,20170128
user_0015820,1,29,male,7,20150710
user_0015821,11,37,female,4,20160826
user_0015822,16,34,female,3,20160601
user_0015823,3,30,female,4,20160130
user_0015824,1,30,female,9,20161201
user_0015825,11,2015,female,7,20150203
user_0015826,1,30,female,3,20150204
user_0015827,13,29,male,3,20161130
user_0015828,4,46,male,3,20150309
user_0015829,1,48,female,7,20150502
user_0015830,20,26,,3,20170125
user_0015831,9,33,male,3,20160502
user_0015832,18,20,female,9,20160215
user_0015833,1,27,,3,20160501
user_0015834,1,46,,9,20151212
user_0015835,4,25,,3,20160218
user_0015836,1,-1,female,9,20160919
user_0015837,1,1000,male,3,20150721
user_0015838,4,29,female,4,20160616
user_0015839,18,0,female,3,20160222
user_0015840,16,32,,3,20150615
user_0015841,11,46,male,7,20160219
user_0015842,7,36,male,7,20160325
user_0015843,1,33,female,3,20160607
user_0015844,20,42,male,7,20160125
user_0015845,21,1000,male,13,20160504
user_0015846,17,23,male,7,20151010
user_0015847,3,28,male,3,20160308
user_0015848,15,44,female,7,20150117
user_0015849,1,35,male,4,20150108
user_0015850,14,0,female,7,20150714
user_0015851,13,31,male,9,20160729
user_0015852,1,32,,13,20151125
user_0015853,5,39,female,3,20160719
user_0015854,16,30,female,3,20151211
user_0015855,11,15,female,3,20150609
user_0015856,11,19,,13,20170114
user_0015857,13,22,male,13,20170112
user_0015858,16,0,male,7,20160216
user_0015859,1,39,,7,20150705
user_0015860,1,32,,3,20170114
user_0015861,7,25,male,3,20161110
user_0015862,7,34,male,3,20160426
user_0015863,13,34,male,3,20150404
user_0015864,17,50,female,3,20160328
user_0015865,14,-1,male,3,20150420
user_0015866,1,26,,3,20160904
user_0015867,6,37,female,4,20161110
user_0015868,21,24,,3,20160921
user_0015869,16,15,,3,20151230
user_0015870,7,29,male,7,20150108
user_0015871,1,23,female,7,20161020
user_0015872,5,24,,13,20150622
user_0015873,4,25,male,9,20160428
user_0015874,7,31,,13,20161104
user_0015875,1,25,male,7,20160719
user_0015876,12,28,female,4,20160819
user_0015877,13,25,male,4,20160804
user_0015878,5,31,,3,20160813
user_0015879,1,15,male,3,20161115
user_0015880,1,30,female,7,20150907
user_0015881,1,33,female,3,20161125
user_0015882,13,36,male,7,20160615
user_0015883,2,27,,13,20150908
user_0015884,1,45,male,9,20160730
user_0015885,9,26,female,4,20151127
user_0015886,1,31,female,4,20150519
user_0015887,17,21,male,9,20160928
user_0015888,1,21,male,3,20170117
user_0015889,15,16,female,4,20151004
user_0015890,18,21,female,4,20160805
user_0015891,1,18,female,7,20160730
user_0015892,1,22,female,3,20160821
user_0015893,3,41,male,4,20161230
user_0015894,11,36,female,4,20161010
user_0015895,15,29,female,9,20160308
user_0015896,4,45,,13,20150628
user_0015897,15,30,male,3,20160617
user_0015898,2,30,,9,20160908
user_0015899,1,37,male,4,20151018
user_0015900,19,26,female,7,20150613
user_0015901,7,15,male,4,20160913
user_0015902,1,-1,female,9,20160707
user_0015903,1,27,male,4,20160707
user_0015904,19,29,,4,20161003
user_0015905,3,37,female,4,20150225
user_0015906,18,59,female,13,20161009
user_0015907,1,27,male,4,20151110
user_0015908,15,35,female,4,20150609
user_0015909,21,28,female,4,20151110
user_0015910,14,1000,female,13,20160821
user_0015911,21,28,male,3,20161005
user_0015912,1,38,,4,20150511
user_0015913,1,40,,7,20150921
user_0015914,1,-1,male,9,20151103
user_0015915,1,1000,male,3,20150315
user_0015916,1,34,female,7,20150315
user_0015917,1,15,male,3,20161128
user_0015918,8,38,male,4,20150108
user_0015919,2,43,female,3,20150731
user_0015920,1,27,female,3,20160829
user_0015921,9,17,,4,20160719
user_0015922,2,44,male,3,20151004
user_0015923,1,56,female,4,20160315
user_0015924,19,21,female,3,20160123
user_0015925,16,1000,male,3,20151201
user_0015926,1,0,,3,20161125
user_0015927,15,22,,7,20150816
user_0015928,19,32,female,7,20151020
user_0015929,12,-1,,13,20160612
user_0015930,6,38,female,3,20160422
user_0015931,10,32,female,9,20160826
user_0015932,18,34,female,3,20160704
user_0015933,1,41,female,3,20160916
user_0015934,1,23,male,3,20160409
user_0015935,1,32,female,4,20160211
user_0015936,18,33,male,3,20160816
user_0015937,1,45,female,3,20150320
user_0015938,19,15,male,7,20160112
user_0015939,17,25,female,7,20150430
user_0015940,3,20,female,3,20160101
user_0015941,5,24,female,7,20150519
user_0015942,1,0,male,4,20151001
user_0015943,18,2015,female,9,20151012
user_0015944,9,25,female,4,20160305
user_0015945,7,2015,male,4,20161217
user_0015946,11,23,female,13,20170104
user_0015947,8,31,,3,20150502
user_0015948,4,17,female,4,20161230
user_0015949,1,29,,7,20160427
user_0015950,6,2015,male,7,20160814
user_0015951,1,39,female,3,20150718
user_0015952,19,31,female,3,20150605
user_0015953,1,38,,3,20151121
user_0015954,1,2015,female,13,20150107
user_0015955,1,31,female,3,20160726
user_0015956,12,40,female,3,20170103
user_0015957,1,2015,female,13,20160810
user_0015958,21,18,male,3,20160405
user_0015959,12,31,male,3,20160816
user_0015960,7,38,,9,20161018
user_0015961,1,39,male,4,20170105
user_0015962,9,40,male,3,20170119
user_0015963,3,26,,4,20160624
user_0015964,20,27,male,7,20160905
user_0015965,19,29,female,3,20150527
user_0015966,5,1000,female,3,20150420
user_0015967,14,18,,3,20161224
user_0015968,8,37,male,3,20161116
user_0015969,1,1000,male,7,20150725
user_0015970,4,21,female,3,20160914
user_0015971,18,39,female,3,20151111
user_0015972,15,28,male,4,20150802
user_0015973,1,27,,7,20161204
user_0015974,1,22,male,3,20160909
user_0015975,11,40,male,13,20151213
user_0015976,1,24,male,4,20150302
user_0015977,6,37,male,3,20160318
user_0015978,4,31,female,3,20160113
user_0015979,9,29,female,4,20160418
user_0015980,4,27,male,3,20160909
user_0015981,1,17,male,3,20150925
user_0015982,4,39,female,13,20160819
user_0015983,16,-1,female,9,20150927
user_0015984,14,26,female,7,20151215
user_0015985,12,2015,,7,20151223
user_0015986,5,0,female,3,20150319
user_0015987,3,30,,3,20150910
user_0015988,1,36,female,3,20160103
user_0015989,4,24,,4,20151013
user_0015990,1,31,male,3,20150421
user_0015991,17,22,female,3,20160118
user_0015992,1,1000,female,13,20160112
user_0015993,20,29,female,3,20150525
user_0015994,1,22,female,13,20151109
user_0015995,1,17,,4,20170116
user_0015996,5,44,male,4,20161226
user_0015997,1,36,male,3,20150527
user_0015998,1,41,female,4,20150512
user_0015999,11,34,male,3,20170106
user_0016000,1,25,male,7,20160825
user_0016001,19,34,male,13,20160806
user_0016002,17,0,female,3,20150130
user_0016003,9,26,female,3,20150922
user_0016004,9,33,male,13,20150123
user_0016005,3,35,female,4,20150503
user_0016006,1,2015,female,4,20150328
user_0016007,6,38,female,7,20160516
user_0016008,21,37,female,7,20150101
user_0016009,1,48,female,4,20160927
user_0016010,12,27,male,3,20161223
user_0016011,12,19,male,9,20161227
user_0016012,3,30,,3,20150429
user_0016013,14,20,female,7,20151115
user_0016014,1,28,male,3,20160902
user_0016015,15,20,female,3,20150928
user_0016016,12,46,female,7,20150223
user_0016017,1,35,male,7,20150311
user_0016018,1,34,female,13,20161213
user_0016019,12,24,female,7,20150621
user_0016020,16,38,female,7,20160928
user_0016021,9,0,female,4,20160629
user_0016022,4,2015,female,3,20161023
user_0016023,11,31,male,9,20160314
user_0016024,18,43,female,4,20160331
user_0016025,5,0,,3,20160922
user_0016026,6,22,,4,20160803
user_0016027,5,26,male,3,20170119
user_0016028,17,42,female,3,20160127
user_0016029,9,43,female,7,20160113
user_0016030,10,34,female,9,20160127
user_0016031,1,25,female,9,20150102
user_0016032,9,23,female,9,20160415
user_0016033,21,28,female,13,20151107
user_0016034,6,54,male,3,20151213
user_0016035,1,35,male,4,20151213
user_0016036,11,30,female,4,20150720
user_0016037,3,29,male,7,20160226
user_0016038,15,44,female,7,20150421
user_0016039,19,30,female,3,20160108
user_0016040,3,1000,,3,20151011
user_0016041,8,2015,female,3,20150530
user_0016042,17,52,male,3,20160704
user_0016043,4,30,male,3,20160621
user_0016044,12,26,male,4,20170117
user_0016045,8,44,male,3,20150502
user_0016046,8,26,female,3,20160519
user_0016047,2,30,male,9,20151205
user_0016048,2,47,male,3,20170125
user_0016049,21,29,,3,20150921
user_0016050,1,35,male,7,20160609
user_0016051,21,45,female,4,20160725
user_0016052,11,-1,male,7,20150822
user_0016053,21,41,,3,20150912
user_0016054,16,22,male,13,20150330
user_0016055,13,36,male,4,20150410
user_0016056,1,21,male,9,20161215
user_0016057,1,33,male,4,20151001
user_0016058,21,40,male,9,20160915
user_0016059,9,26,female,3,20161124
user_0016060,8,31,male,3,20150315
user_0016061,1,2015,female,13,20160922
user_0016062,2,26,male,3,20151224
user_0016063,13,18,male,9,20170123
user_0016064,1,23,female,3,20150516
user_0016065,8,-1,female,4,20160309
user_0016066,1,35,,3,20161027
user_0016067,9,25,male,3,20151215
user_0016068,1,2015,female,13,20150903
user_0016069,1,-1,female,4,20150607
user_0016070,1,32,female,3,20160820
user_0016071,7,28,male,7,20150218
user_0016072,14,22,,3,20161005
user_0016073,1,24,male,4,20161029
user_0016074,1,37,female,9,20151025
user_0016075,3,21,female,4,20160315
user_0016076,1,24,female,3,20150922
user_0016077,19,29,,7,20160115
user_0016078,5,40,female,13,20160909
user_0016079,12,22,,7,20151231
user_0016080,8,24,female,13,20161117
user_0016081,1,31,,4,20150602
user_0016082,1,1000,female,3,20150105
user_0016083,1,39,male,3,20160713
user_0016084,21,44,female,9,20151108
user_0016085,6,0,female,13,20150920
user_0016086,1,31,female,3,20160202
user_0016087,20,15,male,9,20150323
user_0016088,8,0,female,7,20160427
user_0016089,15,20,,3,20161019
user_0016090,21,23,,9,20150710
user_0016091,6,31,female,4,20160519
user_0016092,10,-1,male,3,20160209
user_0016093,1,0,male,4,20150321
user_0016094,20,24,female,3,20160727
user_0016095,1,30,female,4,20150922
user_0016096,8,33,male,13,20160917
user_0016097,1,36,female,3,20150206
user_0016098,3,18,male,4,20160526
user_0016099,1,36,,4,20161109
user_0016100,10,-1,,3,20161102
user_0016101,21,35,female,7,20160519
user_0016102,1,35,male,3,20160603
user_0016103,1,20,female,9,20160828
user_0016104,6,-1,male,9,20160512
user_0016105,1,40,,4,20160509
user_0016106,3,19,female,3,20150618
user_0016107,8,1000,,3,20150626
user_0016108,7,29,male,3,20161210
user_0016109,1,29,female,4,20160714
user_0016110,6,25,male,4,20150104
user_0016111,15,29,,3,20160218
user_0016112,18,40,,7,20160410
user_0016113,20,28,male,4,20170116
user_0016114,1,31,female,13,20150416
user_0016115,1,0,female,4,20150325
user_0016116,8,30,male,4,20150103
user_0016117,20,2015,female,9,20150822
user_0016118,1,33,female,4,20160712
user_0016119,16,29,female,9,20160418
user_0016120,5,40,,4,20160923
user_0016121,21,21,female,3,20160217
user_0016122,9,2015,female,9,20151206
user_0016123,12,29,male,9,20151224
user_0016124,20,31,female,3,20160527
user_0016125,9,17,male,3,20160819
user_0016126,19,28,male,4,20151015
user_0016127,2,33,,3,20150407
user_0016128,1,17,male,4,20151124
user_0016129,13,33,,3,20161108
user_0016130,1,34,male,4,20160523
user_0016131,1,30,male,4,20150818
user_0016132,15,46,male,13,20150607
user_0016133,16,35,female,9,20150721
user_0016134,9,0,,3,20160425
user_0016135,1,34,male,7,20150217
user_0016136,20,-1,male,13,20170109
user_0016137,19,1000,male,3,20151120
user_0016138,11,27,male,4,20151129
user_0016139,14,24,male,3,20150912
user_0016140,10,20,,3,20150126
user_0016141,2,44,female,4,20150819
user_0016142,4,34,male,3,20160828
user_0016143,14,44,female,4,20160827
user_0016144,17,33,female,3,20150118
user_0016145,1,16,male,3,20160112
user_0016146,17,21,female,4,20150404
user_0016147,1,38,,3,20150809
user_0016148,17,31,,3,20150301
user_0016149,1,24,male,13,20150919
user_0016150,1,27,female,4,20150202
user_0016151,11,19,,4,20150218
user_0016152,1,28,male,3,20170128
user_0016153,1,35,female,13,20150831
user_0016154,1,33,male,4,20160823
user_0016155,18,22,female,3,20150503
user_0016156,12,41,male,7,20150809
user_0016157,1,32,male,7,20150705
user_0016158,1,32,female,4,20150413
user_0016159,1,27,male,4,20150506
user_0016160,18,38,female,3,20161121
user_0016161,14,37,female,7,20150919
user_0016162,1,17,female,3,20160216
user_0016163,18,32,female,3,20150204
user_0016164,1,32,female,7,20150115
user_0016165,7,38,female,9,20151121
user_0016166,18,43,female,9,20150124
user_0016167,2,29,male,3,20161024
user_0016168,1,24,female,9,20150314
user_0016169,19,22,male,3,20160704
user_0016170,11,35,male,3,20160529
user_0016171,10,36,female,4,20160430
user_0016172,1,24,male,4,20150619
user_0016173,20,1000,male,4,20160928
user_0016174,3,24,female,9,20160907
user_0016175,10,19,female,4,20160808
user_0016176,2,36,female,3,20150822
user_0016177,12,51,male,4,20160809
user_0016178,20,44,female,3,20151009
user_0016179,1,45,male,7,20161219
user_0016180,1,20,female,3,20150221
user_0016181,11,28,male,4,20160311
user_0016182,14,23,male,3,20151003
user_0016183,1,1000,female,7,20160401
user_0016184,14,32,male,3,20150627
user_0016185,1,26,female,9,20161113
user_0016186,1,-1,female,3,20150624
user_0016187,4,33,male,4,20150406
user_0016188,1,40,female,9,20161228
user_0016189,6,41,male,7,20170113
user_0016190,14,42,male,3,20160228
user_0016191,1,31,female,3,20161215
user_0016192,1,20,,4,20150224
user_0016193,15,31,male,13,20160210
user_0016194,17,27,female,4,20160304
user_0016195,11,46,,7,20160902
user_0016196,4,46,male,7,20151031
user_0016197,1,34,male,13,20160710
user_0016198,20,45,female,4,20150811
user_0016199,1,29,,3,20160108
user_0016200,15,37,,3,20170109
user_0016201,4,0,,9,20150220
user_0016202,1,41,female,3,20151126
user_0016203,11,39,female,4,20160307
user_0016204,16,26,female,7,20150123
user_0016205,19,1000,,9,20150806
user_0016206,5,-1,,4,20170107
user_0016207,12,43,male,3,20160103
user_0016208,17,19,,9,20161013
user_0016209,11,28,,7,20150317
user_0016210,6,33,female,13,20150625
user_0016211,8,35,male,7,20160101
user_0016212,7,29,female,7,20160131
user_0016213,3,50,male,4,20161202
user_0016214,11,37,male,3,20161106
user_0016215,1,2015,female,9,20160915
user_0016216,7,-1,male,3,20150928
user_0016217,8,25,female,3,20160628
user_0016218,10,55,male,7,20150623
user_0016219,1,1000,female,13,20150203
user_0016220,16,31,female,7,20151231
user_0016221,16,19,female,3,20160414
user_0016222,4,27,male,3,20160725
user_0016223,16,36,male,3,20150412
user_0016224,13,31,female,3,20150225
user_0016225,9,38,female,7,20161009
user_0016226,1,17,female,7,20151014
user_0016227,1,15,male,3,20161010
user_0016228,9,0,female,4,20150509
user_0016229,1,27,female,3,20160912
user_0016230,20,46,female,3,20160907
user_0016231,1,27,male,7,20151014
user_0016232,4,22,,9,20160916
user_0016233,18,29,female,7,20150425
user_0016234,1,22,female,13,20160116
user_0016235,5,30,female,13,20161120
user_0016236,19,43,male,13,20150815
user_0016237,20,29,female,9,20150331
user_0016238,19,20,male,3,20150318
user_0016239,1,26,male,7,20160716
user_0016240,18,38,female,13,20161002
user_0016241,8,27,male,3,20150624
user_0016242,1,36,female,3,20160919
user_0016243,1,39,male,3,20150303
user_0016244,1,27,,9,20150615
user_0016245,21,38,female,9,20160528
user_0016246,11,1000,female,3,20160727
user_0016247,1,36,male,4,20160528
user_0016248,3,37,female,3,20150226
user_0016249,7,28,female,3,20161102
user_0016250,1,33,female,4,20161110
user_0016251,12,0,male,13,20160810
user_0016252,11,41,male,3,20150511
user_0016253,6,35,male,4,20161011
user_0016254,17,55,female,7,20150320
user_0016255,6,23,,7,20160606
user_0016256,5,39,,3,20161121
user_0016257,1,31,female,3,20150812
user_0016258,1,28,male,9,20160525
user_0016259,14,45,female,3,20161025
user_0016260,17,35,female,4,20150120
user_0016261,1,25,female,9,20160404
user_0016262,6,26,male,3,20161216
user_0016263,1,28,,4,20150308
user_0016264,1,33,male,13,20160921
user_0016265,5,2015,,3,20150830
user_0016266,6,31,male,3,20170120
user_0016267,16,35,female,3,20150121
user_0016268,18,40,male,3,20160502
user_0016269,1,34,female,9,20150929
user_0016270,10,49,male,4,20150321
user_0016271,6,42,male,7,20161227
user_0016272,10,26,male,3,20160421
user_0016273,11,33,,7,20150807
user_0016274,5,37,male,3,20160414
user_0016275,1,22,female,3,20160817
user_0016276,20,32,male,3,20150605
user_0016277,20,-1,female,13,20160221
user_0016278,1,24,male,3,20160122
user_0016279,1,2015,female,3,20150413
user_0016280,8,0,female,4,20161013
user_0016281,1,44,,3,20151223
user_0016282,17,32,,9,20160610
user_0016283,19,1000,male,3,20160331
user_0016284,19,28,male,3,20150222
user_0016285,9,42,male,9,20161216
user_0016286,15,41,male,7,20151202
user_0016287,1,44,male,3,20160123
user_0016288,1,28,female,3,20160923
user_0016289,7,-1,male,3,20160703
user_0016290,12,42,male,9,20170117
user_0016291,15,23,male,9,20160802
user_0016292,19,27,female,3,20161006
user_0016293,1,25,male,3,20161218
user_0016294,19,45,female,4,20170106
user_0016295,9,33,male,7,20150916
user_0016296,1,32,female,9,20160628
user_0016297,1,15,,9,20161031
user_0016298,10,42,female,13,20160614
user_0016299,5,25,female,4,20150809
user_0016300,1,32,,7,20150609
user_0016301,15,29,,9,20150608
user_0016302,1,33,female,7,20151203
user_0016303,3,40,female,4,20160101
user_0016304,21,33,female,9,20150305
user_0016305,8,20,male,7,20160920
user_0016306,1,2015,male,3,20160831
user_0016307,3,-1,,3,20160312
user_0016308,12,38,female,7,20160710
user_0016309,12,38,,3,20160304
user_0016310,21,24,male,9,20160124
user_0016311,1,32,female,9,20150220
user_0016312,3,37,female,3,20161130
user_0016313,1,32,,9,20150301
user_0016314,17,45,,4,20151218
user_0016315,10,51,female,13,20170105
user_0016316,18,31,female,13,20160125
user_0016317,12,15,male,3,20160730
user_0016318,21,15,female,3,20160813
user_0016319,6,2015,male,9,20151207
user_0016320,3,-1,female,4,20160131
user_0016321,13,30,female,3,20160502
user_0016322,18,32,male,4,20160803
user_0016323,1,33,female,3,20161223
user_0016324,1,35,male,4,20151219
user_0016325,14,28,female,3,20160707
user_0016326,8,39,male,7,20170113
user_0016327,10,1000,,9,20150317
user_0016328,20,19,female,4,20150123
user_0016329,16,29,female,3,20160802
user_0016330,1,35,male,9,20151221
user_0016331,4,1000,male,7,20160607
user_0016332,8,29,male,13,20150425
user_0016333,12,30,female,9,20160228
user_0016334,12,35,male,3,20160928
user_0016335,1,0,male,7,20160204
user_0016336,20,36,female,3,20150425
user_0016337,12,28,female,3,20151012
user_0016338,5,40,female,7,20160331
user_0016339,1,49,male,3,20150207
user_0016340,14,43,male,3,20160510
user_0016341,1,27,,13,20160902
user_0016342,9,25,male,3,20160112
user_0016343,12,33,male,7,20161117
user_0016344,3,27,female,7,20160911
user_0016345,8,30,,4,20160131
user_0016346,1,15,,9,20150221
user_0016347,13,34,female,3,20160217
user_0016348,1,22,male,3,20150707
user_0016349,18,23,male,9,20161214
user_0016350,1,28,female,3,20150413
user_0016351,17,28,female,3,20150916
user_0016352,16,30,female,4,20161031
user_0016353,2,38,female,7,20150107
user_0016354,18,2015,female,4,20160909
user_0016355,1,-1,male,9,20150702
user_0016356,6,0,female,3,20150826
user_0016357,6,36,male,9,20150712
user_0016358,21,35,male,9,20160307
user_0016359,13,-1,female,4,20160310
user_0016360,9,41,female,7,20160224
user_0016361,1,39,,4,20150806
user_0016362,1,25,male,3,20150404
user_0016363,2,34,female,3,20160915
user_0016364,8,31,,7,20151108
user_0016365,1,44,female,3,20150118
user_0016366,6,1000,female,4,20160114
user_0016367,13,31,male,3,20161229
user_0016368,1,23,female,9,20151226
user_0016369,6,33,male,4,20150913
user_0016370,9,24,female,3,20160426
user_0016371,2,0,female,4,20151225
user_0016372,1,22,male,3,20150518
user_0016373,1,15,male,3,20151120
user_0016374,20,0,female,7,20160805
user_0016375,16,32,,3,20150221
user_0016376,2,29,female,3,20150918
user_0016377,1,31,male,9,20151203
user_0016378,4,0,male,3,20160929
user_0016379,1,24,female,4,20150521
user_0016380,10,33,male,13,20150610
user_0016381,17,41,female,3,20150402
user_0016382,11,25,male,4,20150918
user_0016383,12,22,female,9,20150411
user_0016384,17,43,female,7,20160607
user_0016385,18,34,male,7,20150721
user_0016386,1,45,female,7,20160312
user_0016387,3,38,male,3,20160929
user_0016388,18,28,female,3,20170128
user_0016389,21,46,,3,20160709
user_0016390,1,45,female,9,20160306
user_0016391,11,15,male,3,20160107
user_0016392,21,36,,7,20150918
user_0016393,18,36,male,3,20150724
user_0016394,1,34,female,9,20161103
user_0016395,1,40,male,7,20160405
user_0016396,1,-1,male,9,20160814
user_0016397,1,28,,13,20160205
user_0016398,1,2015,,7,20151217
user_0016399,1,34,male,9,20150701
user_0016400,16,15,,13,20150102
user_0016401,8,34,,3,20150711
user_0016402,14,17,female,3,20150826
user_0016403,12,39,female,7,20150723
user_0016404,16,24,male,4,20161110
user_0016405,1,30,male,3,20161007
user_0016406,5,24,female,7,20160512
user_0016407,1,23,female,7,20160830
user_0016408,20,52,male,3,20150620
user_0016409,9,33,male,3,20160119
user_0016410,14,35,male,13,20160526
user_0016411,1,43,male,4,20161017
user_0016412,1,39,male,3,20160714
user_0016413,1,-1,male,9,20160525
user_0016414,2,24,,9,20150401
user_0016415,2,17,male,3,20161205
user_0016416,3,23,male,9,20170103
user_0016417,3,28,female,3,20150701
user_0016418,13,1000,male,7,20150822
user_0016419,1,33,female,13,20151214
user_0016420,8,38,female,7,20150911
user_0016421,1,24,male,3,20161109
user_0016422,16,32,male,4,20160809
user_0016423,10,46,,7,20150516
user_0016424,9,27,,4,20160503
user_0016425,1,34,male,13,20151110
user_0016426,16,38,male,9,20170127
user_0016427,19,24,female,4,20161007
user_0016428,1,33,male,7,20150926
user_0016429,7,47,male,3,20150926
user_0016430,12,30,female,3,20160707
user_0016431,17,43,female,3,20150220
user_0016432,10,30,male,3,20151030
user_0016433,21,1000,male,3,20151113
user_0016434,18,37,female,4,20160519
user_0016435,12,29,female,3,20151128
user_0016436,21,31,female,3,20160709
user_0016437,1,35,,3,20150410
user_0016438,1,1000,female,4,20151023
user_0016439,1,35,female,7,20150902
user_0016440,19,0,male,3,20170116
user_0016441,18,40,female,4,20160426
user_0016442,1,26,male,13,20160910
user_0016443,1,25,female,4,20161122
user_0016444,1,40,male,4,20150214
user_0016445,15,43,male,4,20151102
user_0016446,16,31,male,13,20160318
user_0016447,1,35,,3,20150228
user_0016448,1,38,,4,20161004
user_0016449,1,38,female,9,20150627
user_0016450,10,24,,4,20150712
user_0016451,15,33,female,3,20150601
user_0016452,4,34,male,3,20170102
user_0016453,1,22,female,3,20150826
user_0016454,11,47,male,7,20161020
user_0016455,5,1000,,9,20161019
user_0016456,19,45,female,7,20150801
user_0016457,2,1000,female,3,20160910
user_0016458,18,38,,9,20151227
user_0016459,10,30,male,7,20151130
user_0016460,17,24,,3,20160915
user_0016461,7,32,female,3,20170113
user_0016462,9,15,female,13,20160210
user_0016463,18,43,male,3,20160805
user_0016464,14,36,,9,20160608
user_0016465,19,2015,,3,20160927
user_0016466,1,28,male,4,20150506
user_0016467,13,30,male,7,20170120
user_0016468,1,33,,9,20150711
user_0016469,2,20,female,7,20170101
user_0016470,1,2015,male,3,20151116
user_0016471,1,1000,male,9,20150520
user_0016472,19,26,,13,20160203
user_0016473,1,32,,3,20160531
user_0016474,4,43,female,3,20150105
user_0016475,17,27,male,9,20161120
user_0016476,10,42,female,4,20150303
user_0016477,8,36,male,3,20160402
user_0016478,1,37,female,7,20150427
user_0016479,8,18,female,13,20160615
user_0016480,3,24,,3,20160409
user_0016481,21,28,,9,20160605
user_0016482,14,41,male,7,20150314
user_0016483,1,1000,female,7,20150530
user_0016484,1,28,male,3,20161110
user_0016485,20,37,female,13,20160731
user_0016486,1,52,male,13,20150810
user_0016487,1,38,male,3,20160121
user_0016488,1,36,male,9,20170112
user_0016489,20,32,,3,20150127
user_0016490,20,22,male,3,20150531
user_0016491,7,37,female,4,20160603
user_0016492,20,24,female,9,20160329
user_0016493,9,15,female,4,20161006
user_0016494,10,30,female,3,20160306
user_0016495,12,41,male,9,20160122
user_0016496,13,27,female,4,20150616
user_0016497,1,-1,female,4,20150916
user_0016498,1,37,male,4,20150818
user_0016499,3,42,female,13,20150202
user_0016500,21,35,male,4,20160320
user_0016501,9,30,male,9,20150920
user_0016502,13,38,female,13,20150709
user_0016503,14,31,,4,20150604
user_0016504,6,39,female,9,20150709
user_0016505,10,35,female,3,20150212
user_0016506,1,38,female,3,20160131
user_0016507,18,0,male,7,20160816
user_0016508,16,37,male,7,20150818
user_0016509,9,38,female,13,20160405
user_0016510,10,30,female,3,20161117
user_0016511,18,0,male,3,20160423
user_0016512,14,18,female,4,20160613
user_0016513,15,18,male,9,20151205
user_0016514,8,37,female,4,20160928
user_0016515,18,1000,female,3,20150522
user_0016516,3,34,male,4,20150907
user_0016517,7,39,male,7,20150317
user_0016518,11,30,male,3,20150401
user_0016519,1,24,,7,20161119
user_0016520,1,39,male,4,20150901
user_0016521,16,15,,9,20151121
user_0016522,4,18,,9,20160620
user_0016523,5,41,female,7,20150220
user_0016524,3,21,,3,20160219
user_0016525,6,23,female,4,20160617
user_0016526,4,29,male,3,20160927
user_0016527,1,26,female,3,20151211
user_0016528,20,32,female,3,20160923
user_0016529,1,30,male,4,20160817
user_0016530,17,15,,3,20161128
user_0016531,1,41,female,3,20160619
user_0016532,15,35,male,7,20151001
user_0016533,6,32,female,7,20160705
user_0016534,16,19,female,7,20160922
user_0016535,19,44,male,7,20151112
user_0016536,5,30,female,3,20150531
user_0016537,9,47,male,3,20150921
user_0016538,1,52,male,3,20150929
user_0016539,14,2015,,4,20150409
user_0016540,14,2015,female,13,20161125
user_0016541,10,28,female,4,20150320
user_0016542,1,15,male,4,20161031
user_0016543,13,31,female,9,20160604
user_0016544,8,44,female,3,20161020
user_0016545,17,37,female,3,20161224
user_0016546,1,19,,13,20150517
user_0016547,10,41,female,3,20160715
user_0016548,3,0,male,4,20151219
user_0016549,17,35,male,3,20151109
user_0016550,4,1000,male,3,20151010
user_0016551,5,33,male,13,20160223
user_0016552,1,21,female,7,20150806
user_0016553,18,2015,male,4,20150206
user_0016554,1,42,,3,20160410
user_0016555,1,44,male,13,20160921
user_0016556,1,23,male,4,20150527
user_0016557,7,25,male,3,20150119
user_0016558,19,36,female,4,20150817
user_0016559,1,2015,male,3,20150617
user_0016560,1,1000,female,9,20160506
user_0016561,18,31,male,4,20170117
user_0016562,15,17,female,3,20150315
user_0016563,1,23,female,3,20160116
user_0016564,18,45,male,3,20160520
user_0016565,1,33,male,3,20151015
user_0016566,19,33,,7,20160627
user_0016567,1,24,female,3,20160929
user_0016568,1,-1,,4,20161124
user_0016569,15,36,,9,20160606
user_0016570,16,30,female,7,20150905
user_0016571,14,37,male,4,20151005
user_0016572,21,24,male,4,20150526
user_0016573,10,34,,3,20160501
user_0016574,1,44,female,3,20150922
user_0016575,5,2015,,4,20151125
user_0016576,1,31,,13,20160106
user_0016577,1,29,male,4,20160629
user_0016578,18,24,female,3,20150903
user_0016579,2,36,female,3,20150215
user_0016580,1,23,male,4,20170112
user_0016581,19,41,male,4,20160610
user_0016582,1,39,male,3,20150625
user_0016583,10,2015,male,4,20150404
user_0016584,4,50,,7,20150111
user_0016585,1,50,male,7,20150526
user_0016586,1,43,female,7,20161117
user_0016587,9,32,female,4,20150616
user_0016588,7,24,female,9,20150328
user_0016589,5,38,female,3,20160630
user_0016590,21,29,male,4,20150113
user_0016591,20,0,male,9,20161126
user_0016592,11,26,female,7,20160805
user_0016593,1,35,female,13,20151226
user_0016594,1,46,male,3,20160125
user_0016595,1,28,male,7,20160624
user_0016596,1,37,male,9,20150607
user_0016597,12,-1,,4,20160324
user_0016598,18,48,female,3,20160628
user_0016599,21,17,male,4,20151221
user_0016600,2,2015,male,9,20150412
user_0016601,1,26,female,3,20161201
user_0016602,5,0,male,9,20151004
user_0016603,19,1000,male,7,20160804
user_0016604,11,22,male,4,20150419
user_0016605,17,0,female,4,20151219
user_0016606,9,34,male,13,20160720
user_0016607,1,28,male,3,20161026
user_0016608,14,45,female,3,20160226
user_0016609,18,33,female,4,20150306
user_0016610,15,16,female,3,20161008
user_0016611,1,41,female,3,20160615
user_0016612,1,29,female,3,20150705
user_0016613,1,-1,male,13,20150707
user_0016614,1,35,female,4,20150910
user_0016615,1,42,female,3,20150822
user_0016616,10,48,,3,20161115
user_0016617,1,-1,female,3,20151207
user_0016618,1,15,female,3,20150626
user_0016619,2,0,,3,20150406
user_0016620,7,32,female,9,20160715
user_0016621,9,32,male,4,20151120
user_0016622,19,2015,male,3,20160415
user_0016623,3,41,,9,20150221
user_0016624,8,40,,4,20150509
user_0016625,1,28,male,3,20160816
user_0016626,1,29,male,7,20151115
user_0016627,1,22,male,7,20151007
user_0016628,7,15,,4,20170115
user_0016629,17,18,female,4,20150926
user_0016630,1,30,,7,20170110
user_0016631,14,29,female,13,20150328
user_0016632,2,52,male,4,20160605
user_0016633,3,23,male,9,20160518
user_0016634,1,33,female,4,20160615
user_0016635,12,25,,3,20151022
user_0016636,2,27,male,7,20160412
user_0016637,17,30,male,9,20150304
user_0016638,12,25,,3,20150912
user_0016639,11,25,female,3,20161205
user_0016640,19,36,female,3,20150201
user_0016641,1,0,,3,20150614
user_0016642,12,27,,3,20151104
user_0016643,12,36,female,4,20150127
user_0016644,1,25,,4,20150715
user_0016645,8,18,female,4,20150819
user_0016646,1,1000,male,9,20170126
user_0016647,7,15,male,3,20160523
user_0016648,1,17,female,13,20161226
user_0016649,1,40,,7,20161130
user_0016650,1,45,male,3,20150721
user_0016651,9,32,male,3,20161124
user_0016652,1,25,female,3,20160330
user_0016653,1,37,male,7,20151124
user_0016654,1,38,male,4,20161113
user_0016655,20,0,female,3,20150925
user_0016656,12,32,female,7,20160912
user_0016657,1,27,female,3,20150123
user_0016658,7,2015,male,9,20161223
user_0016659,11,37,male,7,20160204
user_0016660,15,28,female,3,20160204
user_0016661,21,43,,3,20160916
user_0016662,1,-1,male,7,20151028
user_0016663,1,-1,female,3,20160712
user_0016664,6,16,female,4,20151017
user_0016665,3,31,,7,20160802
user_0016666,6,25,male,3,20150720
user_0016667,3,29,male,7,20150713
user_0016668,8,29,male,4,20151125
user_0016669,6,34,male,7,20150808
user_0016670,9,24,,4,20151014
user_0016671,12,25,male,7,20151006
user_0016672,2,36,male,4,20150904
user_0016673,4,23,female,4,20160212
user_0016674,1,31,,4,20160421
user_0016675,1,42,male,3,20151002
user_0016676,15,25,male,7,20160604
user_0016677,17,15,male,3,20161216
user_0016678,12,23,male,4,20150523
user_0016679,2,19,male,7,20150817
user_0016680,11,22,male,9,20151103
user_0016681,3,38,,9,20150319
user_0016682,1,16,male,7,20150215
user_0016683,13,23,,13,20151215
user_0016684,1,29,female,13,20150321
user_0016685,2,31,male,4,20150104
user_0016686,1,35,,7,20161223
user_0016687,4,33,female,3,20150201
user_0016688,7,1000,male,7,20160128
user_0016689,4,26,female,3,20151119
user_0016690,7,19,male,9,20160823
user_0016691,21,39,,3,20160609
user_0016692,17,28,,3,20150612
user_0016693,1,47,,7,20160328
user_0016694,1,31,,4,20161017
user_0016695,16,15,male,7,20150714
user_0016696,1,1000,,4,20160611
user_0016697,1,28,male,3,20151114
user_0016698,3,31,,4,20151101
user_0016699,1,33,female,4,20150721
user_0016700,6,21,female,3,20170112
user_0016701,1,36,male,9,20150228
user_0016702,1,2015,female,7,20150824
user_0016703,1,-1,female,7,20151117
user_0016704,13,21,,4,20160131
user_0016705,1,1000,female,3,20160313
user_0016706,1,37,male,3,20160619
user_0016707,4,24,,9,20150917
user_0016708,1,30,male,4,20150718
user_0016709,5,38,female,4,20151228
user_0016710,19,27,male,3,20150120
user_0016711,11,0,,4,20160714
user_0016712,17,31,male,7,20151129
user_0016713,18,1000,female,4,20150214
user_0016714,14,30,male,9,20150329
user_0016715,7,27,,3,20150117
user_0016716,1,23,female,3,20150917
user_0016717,7,2015,male,9,20151204
user_0016718,14,2015,male,3,20160603
user_0016719,1,32,female,3,20151121
user_0016720,14,51,female,7,20160609
user_0016721,14,30,,3,20161103
user_0016722,18,31,male,4,20150526
user_0016723,1,36,,3,20160818
user_0016724,1,1000,male,13,20161127
user_0016725,19,20,male,4,20150719
user_0016726,3,1000,female,4,20150213
user_0016727,1,21,female,7,20160915
user_0016728,21,33,male,9,20150220
user_0016729,10,36,female,3,20151219
user_0016730,1,38,female,3,20170122
user_0016731,1,2015,female,4,20160507
user_0016732,17,35,male,4,20150930
user_0016733,1,0,female,3,20150602
user_0016734,17,-1,female,7,20151222
user_0016735,4,38,female,7,20150817
user_0016736,7,34,female,13,20160719
user_0016737,1,44,male,13,20161023
user_0016738,1,53,male,3,20170118
user_0016739,1,16,female,4,20150505
user_0016740,10,33,,7,20150626
user_0016741,20,36,female,3,20150131
user_0016742,20,27,female,9,20150528
user_0016743,7,2015,female,7,20150228
user_0016744,15,26,,3,20160316
user_0016745,14,0,male,9,20160327
user_0016746,1,27,,4,20160727
user_0016747,15,41,male,3,20151213
user_0016748,14,28,male,9,20161102
user_0016749,17,-1,female,9,20160418
user_0016750,21,37,female,3,20160506
user_0016751,1,25,male,13,20150922
user_0016752,1,35,male,3,20150430
user_0016753,14,48,,7,20150325
user_0016754,1,22,female,4,20161009
user_0016755,7,41,,9,20150524
user_0016756,6,42,female,13,20160416
user_0016757,18,20,female,3,20170109
user_0016758,1,46,male,4,20150227
user_0016759,7,54,male,9,20160809
user_0016760,9,37,male,4,20160109
user_0016761,1,33,female,3,20160521
user_0016762,6,1000,female,4,20161210
user_0016763,20,36,male,3,20170128
user_0016764,17,38,male,3,20150410
user_0016765,1,36,female,9,20160607
user_0016766,1,32,female,9,20150303
user_0016767,1,0,female,9,20150314
user_0016768,1,46,female,3,20150402
user_0016769,1,27,,7,20150914
user_0016770,1,37,,4,20151109
user_0016771,6,-1,male,7,20160622
user_0016772,1,23,female,3,20161127
user_0016773,13,35,male,3,20160924
user_0016774,1,36,male,13,20161206
user_0016775,1,34,male,7,20160706
user_0016776,1,45,male,7,20150920
user_0016777,10,0,,4,20161010
user_0016778,6,28,female,3,20160313
user_0016779,1,38,female,4,20160116
user_0016780,1,46,female,9,20161107
user_0016781,1,28,male,9,20150517
user_0016782,1,-1,female,3,20160711
user_0016783,1,40,male,9,20160228
user_0016784,1,38,female,7,20151124
user_0016785,7,21,female,7,20160703
user_0016786,1,19,female,3,20161023
user_0016787,1,22,male,13,20160823
user_0016788,20,30,male,4,20150907
user_0016789,2,37,male,9,20150308
user_0016790,2,46,female,3,20160321
user_0016791,16,49,female,4,20150523
user_0016792,9,44,female,3,20160818
user_0016793,16,-1,female,4,20161207
user_0016794,15,0,female,3,20161027
user_0016795,10,40,male,4,20160801
user_0016796,10,23,male,3,20150317
user_0016797,1,47,female,4,20150824
user_0016798,1,27,female,3,20160907
user_0016799,6,25,female,7,20150301
user_0016800,18,23,,3,20160724
user_0016801,14,23,,3,20160412
user_0016802,1,33,female,3,20150325
user_0016803,5,38,,13,20160526
user_0016804,1,24,male,3,20150615
user_0016805,6,30,,3,20150306
user_0016806,6,44,female,9,20160119
user_0016807,21,22,female,3,20170116
user_0016808,3,36,male,7,20160401
user_0016809,19,22,male,3,20150710
user_0016810,9,0,,3,20160420
user_0016811,1,34,,7,20160510
user_0016812,1,35,female,3,20160901
user_0016813,1,21,male,3,20150928
user_0016814,9,45,female,3,20160924
user_0016815,19,37,,7,20150219
user_0016816,7,57,male,3,20150808
user_0016817,1,30,female,3,20150522
user_0016818,14,27,male,4,20160924
user_0016819,12,34,,7,20160323
user_0016820,9,34,male,9,20160505
user_0016821,1,37,female,4,20161001
user_0016822,1,26,female,3,20160302
user_0016823,1,21,female,13,20161125
user_0016824,15,31,male,3,20150314
user_0016825,4,34,female,7,20160109
user_0016826,1,37,male,7,20170123
user_0016827,7,37,female,7,20150921
user_0016828,1,62,male,4,20150117
user_0016829,1,41,male,3,20150625
user_0016830,7,2015,female,4,20150130
user_0016831,1,39,female,3,20150112
user_0016832,1,40,female,13,20160130
user_0016833,21,34,female,4,20161014
user_0016834,1,16,female,4,20161106
user_0016835,19,28,male,13,20150410
user_0016836,1,30,female,9,20160828
user_0016837,13,31,,3,20151014
user_0016838,1,26,,13,20150801
user_0016839,15,16,male,9,20160414
user_0016840,1,2015,female,3,20160808
user_0016841,6,46,female,4,20160621
user_0016842,20,32,male,4,20150420
user_0016843,19,43,female,4,20161228
user_0016844,1,24,male,7,20150115
user_0016845,15,29,female,4,20150818
user_0016846,15,26,female,7,20160806
user_0016847,1,25,male,7,20150830
user_0016848,7,37,female,4,20150411
user_0016849,1,28,,3,20151125
user_0016850,13,32,,3,20160616
user_0016851,20,18,male,3,20160908
user_0016852,1,30,male,7,20160829
user_0016853,19,25,male,3,20160822
user_0016854,10,30,male,3,20150110
user_0016855,1,44,female,3,20161214
user_0016856,2,31,male,7,20150222
user_0016857,4,33,male,3,20150616
user_0016858,1,34,female,4,20150121
user_0016859,16,22,female,9,20160501
user_0016860,6,25,,7,20160307
user_0016861,18,-1,male,3,20160308
user_0016862,14,38,female,3,20151212
user_0016863,13,34,male,7,20150124
user_0016864,9,29,male,9,20160614
user_0016865,1,29,female,3,20150524
user_0016866,1,24,female,4,20160215
user_0016867,1,48,male,3,20160331
user_0016868,1,30,male,3,20151114
user_0016869,1,45,female,7,20150225
user_0016870,12,32,male,4,20150525
user_0016871,1,18,female,4,20160621
user_0016872,4,40,female,9,20160831
user_0016873,1,15,female,3,20150904
user_0016874,1,1000,male,3,20161104
user_0016875,1,19,female,3,20150112
user_0016876,3,15,,3,20160526
user_0016877,15,31,female,4,20161225
user_0016878,19,30,,3,20150925
user_0016879,2,44,female,7,20170103
user_0016880,21,28,,3,20170116
user_0016881,9,29,male,3,20151010
user_0016882,16,29,male,7,20150105
user_0016883,12,2015,,3,20151231
user_0016884,1,24,female,4,20151106
user_0016885,14,2015,female,3,20160410
user_0016886,1,40,female,13,20160608
user_0016887,13,19,female,9,20161002
user_0016888,19,30,female,3,20150113
user_0016889,11,23,female,13,20150703
user_0016890,18,36,female,4,20150903
user_0016891,9,41,female,7,20160604
user_0016892,17,24,,9,20160321
user_0016893,1,45,male,4,20160312
user_0016894,14,36,male,4,20150110
user_0016895,12,28,female,3,20160127
user_0016896,1,30,male,7,20150219
user_0016897,21,35,female,3,20150918
user_0016898,1,48,female,7,20160526
user_0016899,1,25,male,7,20151231
user_0016900,1,15,female,7,20151021
user_0016901,8,23,female,7,20150505
user_0016902,11,0,,3,20150620
user_0016903,1,0,female,7,20160824
user_0016904,12,1000,male,4,20161123
user_0016905,5,18,,7,20160122
user_0016906,5,39,female,3,20160516
user_0016907,11,2015,female,3,20160402
user_0016908,1,2015,male,7,20150809
user_0016909,1,27,female,3,20160613
user_0016910,6,-1,male,9,20161214
user_0016911,1,15,,9,20160227
user_0016912,1,36,female,4,20150307
user_0016913,16,33,male,3,20151120
user_0016914,8,52,female,3,20150109
user_0016915,21,30,male,3,20150928
user_0016916,2,2015,male,7,20161227
user_0016917,1,37,female,13,20150910
user_0016918,3,24,female,3,20160806
user_0016919,3,23,female,3,20151109
user_0016920,1,23,female,4,20150226
user_0016921,2,42,female,13,20160118
user_0016922,16,0,female,3,20160214
user_0016923,5,30,male,3,20160824
user_0016924,6,40,female,4,20161230
user_0016925,6,0,male,3,20161202
user_0016926,9,29,male,3,20160924
user_0016927,1,28,male,4,20160722
user_0016928,13,17,,3,20160917
user_0016929,18,29,female,3,20161221
user_0016930,1,30,female,4,20151212
user_0016931,8,35,female,13,20161216
user_0016932,2,-1,female,3,20160417
user_0016933,8,25,male,3,20161013
user_0016934,9,43,male,3,20160429
user_0016935,1,27,female,3,20161129
user_0016936,13,-1,female,3,20160201
user_0016937,1,26,male,3,20151024
user_0016938,15,37,female,3,20160330
user_0016939,15,37,female,4,20160122
user_0016940,4,2015,,3,20150301
user_0016941,10,22,male,9,20160616
user_0016942,18,30,female,4,20160415
user_0016943,18,48,male,9,20161218
user_0016944,1,26,male,3,20151106
user_0016945,1,28,female,9,20150219
user_0016946,1,40,male,4,20160227
user_0016947,18,39,,3,20160317
user_0016948,8,28,male,9,20150119
user_0016949,4,26,male,4,20151207
user_0016950,6,43,female,3,20150110
user_0016951,11,33,female,4,20150125
user_0016952,20,28,female,4,20160611
user_0016953,1,33,female,3,20160521
user_0016954,19,22,male,4,20160111
user_0016955,4,22,female,3,20150329
user_0016956,3,44,male,3,20150503
user_0016957,3,31,,3,20160430
user_0016958,18,22,,9,20161118
user_0016959,4,-1,female,9,20150302
user_0016960,1,33,female,3,20160126
user_0016961,21,40,male,7,20150723
user_0016962,12,29,female,4,20150329
user_0016963,1,37,female,3,20161110
user_0016964,19,37,female,3,20160727
user_0016965,2,23,female,3,20160320
user_0016966,16,35,male,3,20150909
user_0016967,5,41,female,3,20150812
user_0016968,14,25,female,9,20161202
user_0016969,1,2015,male,4,20150528
user_0016970,11,20,male,3,20160831
user_0016971,5,31,male,4,20150503
user_0016972,10,29,male,4,20150126
user_0016973,16,1000,female,7,20161107
user_0016974,1,26,male,3,20150625
user_0016975,19,53,female,4,20160501
user_0016976,1,36,,7,20160311
user_0016977,1,23,male,9,20150430
user_0016978,12,39,male,3,20160116
user_0016979,1,0,male,3,20160328
user_0016980,15,39,,7,20151008
user_0016981,17,44,male,3,20150410
user_0016982,4,15,female,7,20150710
user_0016983,1,37,male,3,20150801
user_0016984,1,0,male,3,20160204
user_0016985,14,29,female,3,20160513
user_0016986,20,39,female,7,20151006
user_0016987,6,-1,,3,20161001
user_0016988,4,51,female,3,20150624
user_0016989,13,25,male,3,20161221
user_0016990,2,44,,3,20150203
user_0016991,1,43,female,3,20161201
user_0016992,1,36,male,13,20150216
user_0016993,9,32,,9,20151215
user_0016994,15,35,female,9,20160205
user_0016995,1,36,female,9,20151007
user_0016996,5,38,female,9,20150408
user_0016997,11,15,male,3,20160708
user_0016998,9,34,,4,20150814
user_0016999,5,34,male,9,20160318
user_0017000,1,51,,13,20150814
user_0017001,5,31,,7,20150207
user_0017002,1,36,female,3,20150323
user_0017003,18,15,female,3,20151110
user_0017004,14,0,female,3,20161128
user_0017005,10,1000,male,7,20151201
user_0017006,10,2015,male,9,20150801
user_0017007,1,-1,male,4,20151024
user_0017008,9,38,,3,20170115
user_0017009,4,30,female,13,20150810
user_0017010,16,15,female,9,20150324
user_0017011,16,43,female,13,20150325
user_0017012,16,35,male,7,20160902
user_0017013,16,43,female,13,20161024
user_0017014,3,22,female,3,20160530
user_0017015,2,29,,3,20160717
user_0017016,1,44,,9,20150919
user_0017017,5,26,male,9,20150427
user_0017018,1,15,male,3,20160114
user_0017019,19,2015,male,4,20161217
user_0017020,1,28,female,3,20150919
user_0017021,5,21,,3,20150923
user_0017022,1,28,female,13,20170116
user_0017023,1,43,female,9,20160715
user_0017024,1,29,male,3,20150503
user_0017025,4,46,female,7,20150605
user_0017026,11,33,female,7,20160115
user_0017027,12,38,female,4,20161214
user_0017028,1,28,female,4,20161119
user_0017029,1,0,male,7,20160715
user_0017030,11,16,male,3,20150402
user_0017031,18,35,female,13,20160622
user_0017032,11,36,,7,20150926
user_0017033,7,30,female,4,20161024
user_0017034,14,39,male,3,20151017
user_0017035,15,36,female,3,20160618
user_0017036,1,0,,7,20150208
user_0017037,1,30,female,3,20161007
user_0017038,21,0,female,7,20160223
user_0017039,4,22,male,3,20150829
user_0017040,1,22,male,4,20160324
user_0017041,5,1000,female,3,20160826
user_0017042,5,41,female,3,20160601
user_0017043,1,44,male,7,20160408
user_0017044,5,39,female,9,20170104
user_0017045,4,15,female,4,20160210
user_0017046,1,25,female,3,20160321
user_0017047,20,22,male,7,20161208
user_0017048,21,1000,female,3,20160630
user_0017049,1,39,,9,20151112
user_0017050,5,1000,female,4,20160907
user_0017051,1,-1,female,7,20160304
user_0017052,1,31,female,3,20150826
user_0017053,6,21,male,4,20150409
user_0017054,2,38,male,4,20160606
user_0017055,1,32,female,7,20150710
user_0017056,19,43,female,9,20151014
user_0017057,6,29,,4,20160520
user_0017058,2,30,,4,20161216
user_0017059,1,37,female,4,20150511
user_0017060,6,2015,,3,20150524
user_0017061,19,23,female,3,20150424
user_0017062,3,32,female,13,20160909
user_0017063,3,15,male,7,20160921
user_0017064,1,29,male,3,20150711
user_0017065,15,15,male,9,20150326
user_0017066,1,30,,3,20160414
user_0017067,3,42,,4,20161227
user_0017068,6,2015,female,3,20151006
user_0017069,1,36,female,4,20151006
user_0017070,6,29,,3,20150214
user_0017071,13,42,female,4,20161116
user_0017072,15,48,female,3,20151118
user_0017073,1,32,female,4,20151207
user_0017074,1,37,male,7,20160603
user_0017075,3,31,female,9,20150715
user_0017076,1,-1,male,7,20160104
user_0017077,2,-1,female,4,20160122
user_0017078,2,51,male,3,20151225
user_0017079,1,53,female,3,20160806
user_0017080,14,41,male,3,20160704
user_0017081,1,2015,male,7,20160717
user_0017082,1,28,male,7,20150326
user_0017083,1,21,male,3,20170130
user_0017084,19,0,male,4,20160611
user_0017085,15,18,female,7,20150520
user_0017086,7,30,male,7,20150813
user_0017087,15,27,male,3,20150502
user_0017088,21,28,female,4,20151007
user_0017089,7,20,male,13,20160219
user_0017090,1,36,female,9,20150808
user_0017091,1,25,,3,20150705
user_0017092,18,22,male,9,20151206
user_0017093,13,34,female,13,20150131
user_0017094,16,25,male,13,20150302
user_0017095,20,-1,male,9,20160229
user_0017096,1,38,male,3,20151004
user_0017097,14,-1,female,4,20160831
user_0017098,19,43,female,7,20161123
user_0017099,6,49,male,9,20161127
user_0017100,1,40,male,9,20160711
user_0017101,6,31,male,4,20150822
user_0017102,5,33,female,3,20160624
user_0017103,4,41,female,7,20160128
user_0017104,17,33,male,3,20150718
user_0017105,1,45,female,4,20160603
user_0017106,19,22,,9,20160115
user_0017107,1,20,male,3,20150108
user_0017108,8,31,female,9,20160914
user_0017109,15,26,female,3,20160513
user_0017110,1,33,male,3,20151008
user_0017111,7,49,male,3,20150406
user_0017112,6,1000,female,7,20160103
user_0017113,4,33,male,3,20160205
user_0017114,1,37,,13,20160808
user_0017115,3,23,female,4,20160624
user_0017116,2,44,female,3,20170127
user_0017117,7,36,female,3,20151013
user_0017118,17,33,female,9,20151104
user_0017119,2,35,female,3,20161201
user_0017120,10,37,female,3,20150704
user_0017121,6,32,male,3,20151010
user_0017122,1,23,male,3,20150524
user_0017123,9,36,male,3,20150602
user_0017124,1,22,female,4,20161126
user_0017125,1,21,,9,20150721
user_0017126,3,38,female,4,20150508
user_0017127,1,38,male,4,20150318
user_0017128,14,39,male,3,20150109
user_0017129,1,1000,female,3,20150411
user_0017130,1,33,female,7,20151028
user_0017131,16,15,female,4,20160311
user_0017132,11,48,female,13,20161014
user_0017133,1,-1,male,4,20160405
user_0017134,1,36,female,13,20150521
user_0017135,1,31,female,3,20160729
user_0017136,14,28,male,7,20150607
user_0017137,11,17,female,7,20160904
user_0017138,15,38,,13,20150323
user_0017139,7,31,,3,20151113
user_0017140,1,38,female,7,20160205
user_0017141,6,29,female,13,20150606
user_0017142,1,-1,male,4,20150308
user_0017143,1,33,,13,20151002
user_0017144,1,39,male,9,20150614
user_0017145,21,35,female,3,20151031
user_0017146,1,35,female,4,20160611
user_0017147,1,45,female,3,20150105
user_0017148,17,16,female,9,20150227
user_0017149,18,33,female,3,20160213
user_0017150,21,42,,7,20160323
user_0017151,1,27,female,3,20161228
user_0017152,1,22,male,3,20170111
user_0017153,8,29,male,7,20150423
user_0017154,4,31,female,3,20150718
user_0017155,1,2015,male,4,20150805
user_0017156,11,37,female,9,20150828
user_0017157,9,36,male,3,20160401
user_0017158,1,34,male,4,20160309
user_0017159,21,42,male,7,20160303
user_0017160,2,37,male,7,20161228
user_0017161,20,33,male,7,20160309
user_0017162,18,30,male,3,20160407
user_0017163,1,23,male,4,20160810
user_0017164,3,43,female,9,20150708
user_0017165,5,25,female,4,20151224
user_0017166,18,30,male,7,20150731
user_0017167,15,27,,7,20150701
user_0017168,1,2015,female,3,20170125
user_0017169,14,51,female,4,20150202
user_0017170,16,32,female,3,20170113
user_0017171,1,36,female,3,20150331
user_0017172,3,0,female,3,20161112
user_0017173,20,29,male,9,20150501
user_0017174,9,33,male,3,20160529
user_0017175,18,30,female,7,20151023
user_0017176,1,15,female,3,20150823
user_0017177,1,47,male,4,20160904
user_0017178,1,35,male,7,20150822
user_0017179,8,2015,male,7,20150703
user_0017180,21,1000,,4,20170119
user_0017181,16,52,male,13,20150425
user_0017182,3,40,female,3,20160711
user_0017183,9,23,female,7,20150320
user_0017184,8,15,female,3,20161109
user_0017185,2,28,male,4,20160322
user_0017186,8,33,,3,20150603
user_0017187,21,34,male,3,20151217
user_0017188,1,36,female,9,20160114
user_0017189,1,25,male,7,20160301
user_0017190,1,32,male,3,20150225
user_0017191,1,35,female,3,20150328
user_0017192,1,46,male,3,20160106
user_0017193,1,28,female,9,20150117
user_0017194,9,29,male,4,20150320
user_0017195,20,24,female,9,20150425
user_0017196,10,29,female,7,20150202
user_0017197,11,37,female,7,20150917
user_0017198,1,45,male,3,20160516
user_0017199,13,22,,7,20161116
user_0017200,7,2015,male,3,20161021
user_0017201,16,36,male,7,20170119
user_0017202,5,29,female,3,20160715
user_0017203,11,39,female,3,20161215
user_0017204,11,30,,9,20150430
user_0017205,1,33,female,3,20150811
user_0017206,1,34,,3,20160524
user_0017207,2,32,male,3,20160331
user_0017208,1,1000,female,3,20160413
user_0017209,1,32,male,9,20150105
user_0017210,7,45,male,9,20160321
user_0017211,3,37,female,9,20160419
user_0017212,18,29,female,4,20160202
user_0017213,1,24,female,7,20150102
user_0017214,1,1000,male,4,20150622
user_0017215,1,29,female,7,20150605
user_0017216,3,32,female,7,20160523
user_0017217,1,28,,13,20160725
user_0017218,14,47,female,7,20160420
user_0017219,3,36,,3,20150612
user_0017220,17,19,male,7,20150818
user_0017221,1,28,male,4,20151011
user_0017222,18,22,male,9,20160717
user_0017223,16,31,female,3,20160430
user_0017224,11,31,female,3,20161014
user_0017225,1,36,male,4,20150801
user_0017226,11,27,male,3,20161221
user_0017227,1,25,,4,20151220
user_0017228,5,27,male,4,20151205
user_0017229,20,2015,male,7,20150911
user_0017230,16,16,male,3,20150731
user_0017231,12,-1,female,9,20151219
user_0017232,1,34,female,3,20160206
user_0017233,5,17,female,4,20150210
user_0017234,15,24,male,4,20151112
user_0017235,5,43,female,13,20151025
user_0017236,17,50,male,9,20161008
user_0017237,12,30,male,9,20160917
user_0017238,15,33,female,3,20161121
user_0017239,14,37,male,4,20160904
user_0017240,20,26,male,9,20161205
user_0017241,6,34,male,9,20150630
user_0017242,14,1000,male,4,20150307
user_0017243,1,0,,4,20150424
user_0017244,1,43,female,3,20150126
user_0017245,20,-1,female,4,20150828
user_0017246,1,49,male,9,20160303
user_0017247,9,23,female,7,20150618
user_0017248,14,18,,9,20150723
user_0017249,1,21,male,7,20160826
user_0017250,1,49,male,3,20150323
user_0017251,1,24,male,3,20150825
user_0017252,1,49,female,4,20160830
user_0017253,13,18,female,9,20160228
user_0017254,19,48,male,4,20160405
user_0017255,17,30,,13,20160412
user_0017256,10,27,female,4,20160424
user_0017257,6,51,male,7,20150626
user_0017258,2,33,female,7,20151030
user_0017259,9,22,female,3,20150305
user_0017260,9,20,female,4,20160122
user_0017261,1,26,female,4,20160228
user_0017262,4,31,male,13,20160130
user_0017263,1,20,,9,20150311
user_0017264,3,28,male,3,20150626
user_0017265,17,31,male,3,20160826
user_0017266,3,2015,,4,20151025
user_0017267,9,56,male,3,20150512
user_0017268,5,31,female,3,20151128
user_0017269,17,0,female,4,20151121
user_0017270,8,40,male,3,20161023
user_0017271,1,36,female,4,20150708
user_0017272,18,39,female,3,20151013
user_0017273,14,39,female,3,20160412
user_0017274,21,26,male,9,20170108
user_0017275,12,30,male,3,20150604
user_0017276,5,33,,7,20150731
user_0017277,14,0,,7,20150308
user_0017278,9,26,male,3,20160607
user_0017279,1,2015,female,3,20161109
user_0017280,14,15,female,3,20150628
user_0017281,18,33,male,9,20150106
user_0017282,13,40,,4,20160114
user_0017283,1,0,male,3,20150323
user_0017284,8,-1,female,13,20161226
user_0017285,17,25,male,7,20150724
user_0017286,1,35,female,9,20151219
user_0017287,9,44,,3,20150203
user_0017288,20,29,female,4,20160608
user_0017289,21,31,female,7,20160510
user_0017290,1,32,female,4,20151202
user_0017291,1,46,male,4,20150902
user_0017292,1,31,male,3,20160710
user_0017293,1,24,female,3,20151224
user_0017294,19,49,male,3,20151031
user_0017295,1,20,female,4,20150916
user_0017296,10,15,,3,20170107
user_0017297,14,26,female,3,20160307
user_0017298,17,34,male,4,20150809
user_0017299,17,1000,female,13,20151008
user_0017300,17,29,male,3,20160908
user_0017301,1,38,male,4,20150425
user_0017302,1,36,female,4,20150813
user_0017303,3,22,female,7,20160804
user_0017304,1,56,,4,20160828
user_0017305,4,36,male,4,20151226
user_0017306,21,31,female,3,20151001
user_0017307,12,41,male,3,20150923
user_0017308,9,15,male,4,20150702
user_0017309,2,19,male,3,20160131
user_0017310,6,26,,3,20160317
user_0017311,12,41,female,3,20160826
user_0017312,1,26,male,9,20150214
user_0017313,1,20,female,3,20160221
user_0017314,14,30,male,7,20160303
user_0017315,6,1000,male,4,20160502
user_0017316,12,15,female,7,20151115
user_0017317,20,30,male,3,20150604
user_0017318,14,39,female,3,20160504
user_0017319,21,38,,9,20160416
user_0017320,1,21,female,4,20160525
user_0017321,1,44,female,7,20150621
user_0017322,16,25,,4,20161014
user_0017323,7,27,female,3,20170101
user_0017324,15,25,female,3,20150414
user_0017325,1,33,female,3,20160227
user_0017326,7,1000,male,3,20160726
user_0017327,1,30,male,7,20150414
user_0017328,1,40,male,13,20151230
user_0017329,20,0,female,4,20160929
user_0017330,18,24,female,13,20161203
user_0017331,21,29,female,3,20150428
user_0017332,16,39,female,3,20161205
user_0017333,1,27,,7,20160406
user_0017334,5,17,male,7,20161218
user_0017335,14,-1,female,3,20160410
user_0017336,2,32,male,9,20151104
user_0017337,1,44,male,13,20150302
user_0017338,3,22,female,3,20161203
user_0017339,9,35,,3,20160725
user_0017340,18,23,,7,20151126
user_0017341,21,-1,female,4,20160718
user_0017342,17,26,female,4,20160603
user_0017343,16,47,female,9,20170128
user_0017344,1,34,,7,20151220
user_0017345,1,22,male,3,20160607
user_0017346,6,25,,3,20150602
user_0017347,1,2015,female,9,20160208
user_0017348,1,1000,female,13,20160724
user_0017349,9,45,male,3,20150806
user_0017350,1,37,female,3,20160523
user_0017351,14,28,female,9,20150514
user_0017352,20,43,male,3,20151230
user_0017353,14,31,male,3,20160616
user_0017354,13,2015,female,4,20160821
user_0017355,16,37,male,3,20161206
user_0017356,1,27,male,7,20161204
user_0017357,10,24,female,9,20160913
user_0017358,1,-1,male,3,20160224
user_0017359,4,35,female,7,20151019
user_0017360,15,38,male,3,20150201
user_0017361,5,42,female,3,20150811
user_0017362,9,43,male,3,20150626
user_0017363,13,36,female,3,20150830
user_0017364,1,46,female,3,20160221
user_0017365,4,20,female,3,20150224
user_0017366,10,0,female,3,20150107
user_0017367,16,44,female,7,20150211
user_0017368,2,40,male,7,20150523
user_0017369,13,43,male,3,20161102
user_0017370,9,27,male,4,20150111
user_0017371,1,40,male,3,20150718
user_0017372,18,31,,3,20161210
user_0017373,19,0,,13,20150603
user_0017374,2,26,,13,20161017
user_0017375,21,38,female,4,20160802
user_0017376,20,38,,9,20160214
user_0017377,1,39,male,4,20161207
user_0017378,9,40,male,13,20150327
user_0017379,9,28,,7,20160404
user_0017380,1,24,,9,20150812
user_0017381,18,1000,male,4,20160121
user_0017382,15,-1,male,4,20150206
user_0017383,1,28,female,7,20160125
user_0017384,1,27,male,9,20150128
user_0017385,5,23,,3,20161214
user_0017386,9,20,male,7,20160202
user_0017387,1,31,female,7,20160413
user_0017388,1,42,,13,20151107
user_0017389,11,29,female,3,20160216
user_0017390,2,33,female,7,20161129
user_0017391,1,49,female,3,20160120
user_0017392,1,36,male,4,20160402
user_0017393,1,38,female,3,20161230
user_0017394,16,47,female,9,20160428
user_0017395,7,21,male,3,20160925
user_0017396,15,47,,4,20150921
user_0017397,12,37,female,3,20161027
user_0017398,1,28,male,13,20151224
user_0017399,2,52,female,7,20150121
user_0017400,1,30,female,9,20150406
user_0017401,4,31,male,7,20160414
user_0017402,20,32,male,9,20160326
user_0017403,13,37,,7,20151013
user_0017404,1,18,,3,20160706
user_0017405,15,29,male,3,20150812
user_0017406,8,35,,7,20160822
user_0017407,1,31,female,3,20170101
user_0017408,13,37,,7,20150508
user_0017409,14,36,female,4,20160626
user_0017410,3,40,male,9,20151206
user_0017411,1,28,male,3,20161210
user_0017412,10,37,female,3,20150131
user_0017413,9,38,female,9,20150716
user_0017414,8,23,male,3,20160827
user_0017415,6,49,male,4,20150126
user_0017416,15,47,female,7,20150410
user_0017417,4,-1,,3,20150726
user_0017418,8,19,male,13,20160222
user_0017419,15,1000,female,3,20150604
user_0017420,16,32,female,7,20160522
user_0017421,1,31,,9,20150903
user_0017422,6,29,female,7,20161204
user_0017423,9,38,female,3,20160416
user_0017424,2,58,male,3,20170108
user_0017425,1,41,female,7,20150522
user_0017426,1,43,male,7,20150917
user_0017427,1,-1,female,9,20160208
user_0017428,1,44,female,13,20150427
user_0017429,4,-1,male,7,20161229
user_0017430,11,28,,13,20150203
user_0017431,4,21,male,13,20151028
user_0017432,1,36,male,4,20151201
user_0017433,1,37,male,7,20151129
user_0017434,6,21,male,3,20160605
user_0017435,1,-1,female,13,20150204
user_0017436,1,40,female,4,20160810
user_0017437,14,32,female,4,20150731
user_0017438,8,31,male,7,20150928
user_0017439,4,32,male,9,20160421
user_0017440,6,22,female,3,20161201
user_0017441,5,48,female,7,20160104
user_0017442,3,45,,9,20151123
user_0017443,9,0,female,4,20160424
user_0017444,3,26,female,4,20150219
user_0017445,16,44,,9,20150805
user_0017446,1,24,,3,20160607
user_0017447,19,1000,,9,20161006
user_0017448,7,1000,male,9,20161114
user_0017449,1,28,male,3,20161009
user_0017450,3,34,male,3,20151207
user_0017451,21,42,female,3,20160620
user_0017452,16,31,male,3,20150617
user_0017453,1,29,female,9,20160724
user_0017454,2,33,male,3,20150122
user_0017455,3,18,,3,20160913
user_0017456,14,32,female,7,20160113
user_0017457,10,31,male,3,20160308
user_0017458,7,32,,3,20151104
user_0017459,1,0,male,13,20150622
user_0017460,9,47,female,13,20151229
user_0017461,9,26,,7,20170112
user_0017462,19,32,male,9,20151028
user_0017463,1,22,male,3,20151031
user_0017464,21,20,female,3,20161217
user_0017465,1,0,male,9,20150207
user_0017466,3,2015,male,4,20150310
user_0017467,1,21,male,3,20150712
user_0017468,1,37,male,3,20151107
user_0017469,9,23,male,7,20151230
user_0017470,5,33,male,4,20150430
user_0017471,1,15,male,9,20160222
user_0017472,11,47,male,3,20160212
user_0017473,1,44,female,3,20160612
user_0017474,18,30,female,3,20151125
user_0017475,1,30,male,3,20151214
user_0017476,20,25,female,3,20161029
user_0017477,1,-1,female,13,20161124
user_0017478,21,1000,male,7,20161230
user_0017479,1,26,male,4,20161030
user_0017480,10,22,female,3,20150109
user_0017481,1,33,,9,20150921
user_0017482,2,38,male,7,20150223
user_0017483,1,21,male,3,20160806
user_0017484,3,2015,male,4,20161101
user_0017485,6,16,,9,20160725
user_0017486,1,40,male,13,20160603
user_0017487,1,34,,13,20150902
user_0017488,1,2015,female,4,20160531
user_0017489,8,-1,male,4,20170126
user_0017490,9,23,,4,20150123
user_0017491,8,33,male,3,20151204
user_0017492,16,29,male,3,20160521
user_0017493,3,27,female,9,20160318
user_0017494,5,15,female,3,20161017
user_0017495,2,37,male,7,20150314
user_0017496,1,39,male,13,20150519
user_0017497,11,37,,9,20150411
user_0017498,13,36,female,3,20160428
user_0017499,19,35,male,3,20160116
user_0017500,1,41,male,13,20160526
user_0017501,17,-1,,3,20160201
user_0017502,1,25,female,7,20160509
user_0017503,21,38,female,7,20160924
user_0017504,13,0,female,4,20150503
user_0017505,16,27,male,3,20161019
user_0017506,10,47,female,13,20160819
user_0017507,19,15,female,7,20150207
user_0017508,20,1000,,4,20160115
user_0017509,4,29,male,3,20150215
user_0017510,1,39,female,4,20151113
user_0017511,18,33,,3,20151004
user_0017512,1,39,male,3,20150630
user_0017513,17,25,female,3,20160911
user_0017514,1,21,male,3,20160927
user_0017515,4,35,male,4,20151024
user_0017516,19,49,male,3,20160611
user_0017517,21,31,female,3,20150505
user_0017518,14,45,,3,20160109
user_0017519,19,38,female,9,20150315
user_0017520,21,26,,3,20150218
user_0017521,21,1000,male,13,20160723
user_0017522,4,38,male,13,20150612
user_0017523,9,37,female,4,20160101
user_0017524,11,30,,9,20161030
user_0017525,1,34,male,3,20160415
user_0017526,5,30,male,7,20151221
user_0017527,1,15,female,4,20161202
user_0017528,3,32,female,7,20160823
user_0017529,20,37,male,13,20160418
user_0017530,15,24,male,3,20150527
user_0017531,21,28,,3,20150407
user_0017532,7,36,male,7,20161110
user_0017533,10,37,,3,20151003
user_0017534,9,2015,male,13,20160718
user_0017535,21,33,male,3,20160731
user_0017536,1,42,female,4,20150703
user_0017537,21,2015,female,7,20150103
user_0017538,4,32,male,9,20161228
user_0017539,15,25,female,9,20161205
user_0017540,15,23,female,9,20150902
user_0017541,20,54,male,4,20161204
user_0017542,6,33,male,3,20150812
user_0017543,18,-1,female,4,20150611
user_0017544,20,1000,female,3,20150727
user_0017545,2,47,female,4,20170125
user_0017546,6,30,female,4,20150620
user_0017547,1,1000,male,3,20160308
user_0017548,13,53,female,3,20160514
user_0017549,3,1000,male,3,20150601
user_0017550,1,47,male,3,20160610
user_0017551,1,26,female,4,20160621
user_0017552,10,44,female,13,20150502
user_0017553,19,1000,female,3,20160620
user_0017554,18,33,female,3,20161016
user_0017555,12,28,female,3,20160601
user_0017556,12,31,female,4,20160517
user_0017557,1,27,male,4,20161116
user_0017558,8,29,female,3,20150306
user_0017559,9,29,female,9,20160923
user_0017560,1,20,male,3,20150210
user_0017561,1,29,male,3,20150225
user_0017562,8,20,female,3,20151012
user_0017563,9,2015,,13,20150802
user_0017564,20,-1,male,4,20151126
user_0017565,1,47,female,3,20160415
user_0017566,21,25,female,3,20160430
user_0017567,18,33,male,4,20151110
user_0017568,4,47,,9,20161127
user_0017569,3,28,female,9,20151203
user_0017570,21,23,female,13,20151105
user_0017571,4,2015,female,3,20150719
user_0017572,17,49,male,3,20150324
user_0017573,15,44,female,3,20160108
user_0017574,4,45,male,3,20150123
user_0017575,15,25,male,9,20150115
user_0017576,18,39,,3,20160422
user_0017577,7,43,male,9,20151128
user_0017578,18,25,female,3,20161220
user_0017579,1,26,female,3,20161114
user_0017580,3,22,female,3,20160815
user_0017581,1,37,male,7,20150824
user_0017582,11,20,male,13,20150806
user_0017583,16,29,female,7,20160904
user_0017584,1,44,female,9,20160507
user_0017585,1,15,female,4,20150307
user_0017586,1,24,male,13,20160926
user_0017587,4,29,female,9,20161008
user_0017588,7,31,female,13,20170107
user_0017589,1,-1,male,9,20150811
user_0017590,8,20,,7,20160601
user_0017591,1,36,female,9,20160513
user_0017592,1,21,female,9,20151123
user_0017593,6,39,female,7,20160215
user_0017594,20,-1,male,3,20151027
user_0017595,13,35,female,4,20160717
user_0017596,15,42,,13,20160514
user_0017597,1,33,male,7,20151116
user_0017598,11,16,female,4,20150407
user_0017599,6,15,,9,20151114
user_0017600,1,35,male,3,20150318
user_0017601,15,31,male,4,20150715
user_0017602,1,33,male,4,20150927
user_0017603,1,31,male,7,20151104
user_0017604,4,26,female,4,20151031
user_0017605,1,1000,,3,20161104
user_0017606,15,28,,4,20160510
user_0017607,1,20,female,3,20160202
user_0017608,7,28,male,7,20150629
user_0017609,13,40,female,4,20160210
user_0017610,8,26,female,3,20150922
user_0017611,1,0,female,7,20170115
user_0017612,2,0,female,13,20150801
user_0017613,12,52,female,7,20160304
user_0017614,13,27,,3,20160525
user_0017615,15,38,female,4,20160402
user_0017616,20,52,male,3,20160118
user_0017617,1,30,male,4,20160904
user_0017618,18,27,male,3,20150809
user_0017619,1,36,female,9,20150822
user_0017620,13,38,male,7,20150621
user_0017621,10,31,male,4,20161216
user_0017622,18,19,male,3,20161207
user_0017623,10,37,female,3,20160507
user_0017624,12,35,female,7,20161103
user_0017625,1,0,female,3,20151111
user_0017626,1,46,female,9,20160208
user_0017627,1,22,male,9,20170113
user_0017628,9,26,male,3,20160507
user_0017629,9,44,female,13,20161201
user_0017630,2,15,male,13,20160121
user_0017631,15,25,female,3,20150615
user_0017632,1,33,,4,20161008
user_0017633,14,39,female,3,20160426
user_0017634,1,36,male,7,20160814
user_0017635,12,36,male,9,20160126
user_0017636,1,28,male,3,20150420
user_0017637,18,40,female,3,20150101
user_0017638,15,1000,female,3,20160329
user_0017639,7,37,female,3,20151130
user_0017640,1,28,,7,20150826
user_0017641,7,2015,female,3,20160610
user_0017642,16,32,male,4,20150520
user_0017643,18,32,male,3,20160818
user_0017644,1,29,male,3,20150521
user_0017645,1,29,female,7,20161212
user_0017646,1,2015,male,9,20150129
user_0017647,8,27,male,4,20160129
user_0017648,4,0,female,4,20150905
user_0017649,1,24,male,3,20150611
user_0017650,1,26,male,4,20160825
user_0017651,16,18,,4,20160429
user_0017652,21,29,female,3,20160715
user_0017653,1,18,female,7,20150729
user_0017654,2,29,female,3,20150809
user_0017655,1,33,female,4,20150828
user_0017656,4,30,male,3,20150906
user_0017657,8,44,male,9,20150319
user_0017658,1,32,male,4,20151014
user_0017659,12,32,male,13,20160406
user_0017660,15,28,male,4,20160229
user_0017661,18,38,male,7,20150408
user_0017662,1,24,male,4,20160609
user_0017663,9,2015,female,3,20170125
user_0017664,13,42,male,3,20160409
user_0017665,20,21,,4,20160819
user_0017666,1,2015,female,9,20150408
user_0017667,1,0,male,3,20160815
user_0017668,11,38,,4,20150428
user_0017669,10,23,,7,20160728
user_0017670,21,-1,male,3,20160111
user_0017671,6,1000,male,3,20150519
user_0017672,14,-1,female,3,20160502
user_0017673,10,20,male,7,20150213
user_0017674,2,35,male,3,20160706
user_0017675,18,0,male,9,20160607
user_0017676,13,27,male,9,20160312
user_0017677,4,21,female,4,20150814
user_0017678,19,51,female,13,20151001
user_0017679,11,33,female,3,20160514
user_0017680,15,44,female,3,20161109
user_0017681,11,0,female,7,20160423
user_0017682,21,37,male,9,20160610
user_0017683,5,37,female,13,20160510
user_0017684,5,0,female,3,20161022
user_0017685,12,38,,3,20150819
user_0017686,1,43,male,4,20151103
user_0017687,1,50,,4,20170101
user_0017688,3,25,female,3,20160317
user_0017689,8,0,female,7,20170122
user_0017690,20,23,female,4,20160326
user_0017691,1,54,female,7,20151121
user_0017692,1,15,male,13,20160819
user_0017693,1,37,female,9,20151004
user_0017694,7,43,male,3,20160801
user_0017695,10,23,female,3,20150712
user_0017696,1,38,male,7,20150815
user_0017697,18,45,female,3,20160124
user_0017698,1,29,male,3,20150609
user_0017699,20,0,male,9,20151025
user_0017700,15,29,female,4,20151012
user_0017701,20,15,male,7,20161027
user_0017702,3,33,,7,20150714
user_0017703,15,15,male,3,20150920
user_0017704,8,28,male,7,20170121
user_0017705,12,19,,7,20161126
user_0017706,1,2015,,3,20161124
user_0017707,11,25,female,13,20160525
user_0017708,1,23,male,3,20160711
user_0017709,4,2015,male,4,20150920
user_0017710,12,22,male,4,20160119
user_0017711,2,30,male,4,20160525
user_0017712,1,31,female,13,20161029
user_0017713,1,37,female,3,20150330
user_0017714,4,-1,,9,20150726
user_0017715,13,46,male,9,20161116
user_0017716,10,32,female,3,20161129
user_0017717,1,1000,male,3,20160412
user_0017718,3,33,female,3,20161231
user_0017719,1,30,,3,20160910
user_0017720,1,27,female,3,20150225
user_0017721,1,31,female,9,20150807
user_0017722,18,44,male,3,20160324
user_0017723,1,24,male,3,20160324
user_0017724,18,22,female,3,20170117
user_0017725,1,34,female,3,20150530
user_0017726,12,23,male,4,20151011
user_0017727,18,38,,9,20150330
user_0017728,21,22,,9,20160319
user_0017729,1,19,,3,20150426
user_0017730,1,40,female,9,20150826
user_0017731,1,17,,9,20151122
user_0017732,2,20,female,3,20161027
user_0017733,13,34,female,3,20160612
user_0017734,9,31,,3,20150503
user_0017735,1,36,female,7,20160715
user_0017736,18,27,male,13,20150321
user_0017737,4,47,female,4,20150612
user_0017738,15,25,female,4,20160906
user_0017739,12,15,,3,20160707
user_0017740,4,29,female,4,20150907
user_0017741,2,23,male,3,20151125
user_0017742,15,31,female,7,20160120
user_0017743,12,-1,male,4,20150709
user_0017744,18,26,,3,20150512
user_0017745,1,19,female,7,20150117
user_0017746,11,27,,9,20160918
user_0017747,1,54,female,3,20150726
user_0017748,1,15,male,4,20151028
user_0017749,5,28,female,7,20160501
user_0017750,10,49,male,7,20160414
user_0017751,14,21,male,3,20150910
user_0017752,4,19,,3,20150225
user_0017753,11,1000,male,7,20150807
user_0017754,20,40,,7,20150607
user_0017755,19,34,male,3,20161101
user_0017756,9,20,male,4,20150101
user_0017757,1,48,female,7,20160529
user_0017758,21,34,male,4,20150930
user_0017759,1,41,male,9,20150728
user_0017760,20,30,male,3,20151211
user_0017761,2,54,female,4,20160331
user_0017762,1,32,female,3,20160902
user_0017763,14,2015,female,9,20151022
user_0017764,1,38,female,3,20160814
user_0017765,1,29,male,7,20150612
user_0017766,16,23,female,4,20160320
user_0017767,21,23,male,3,20160730
user_0017768,16,37,,7,20150630
user_0017769,18,31,,3,20150903
user_0017770,1,1000,male,3,20150923
user_0017771,1,20,male,9,20170110
user_0017772,13,-1,,9,20160901
user_0017773,19,28,,3,20150130
user_0017774,18,41,,3,20150824
user_0017775,19,0,female,7,20150427
user_0017776,10,-1,male,7,20160822
user_0017777,10,44,female,4,20151121
user_0017778,5,42,female,3,20160222
user_0017779,1,34,female,9,20160809
user_0017780,9,26,,3,20150126
user_0017781,7,36,female,9,20150413
user_0017782,21,31,female,13,20150926
user_0017783,21,49,male,3,20151118
user_0017784,10,15,female,7,20160206
user_0017785,20,25,female,7,20151108
user_0017786,20,-1,female,3,20160510
user_0017787,14,31,male,13,20150113
user_0017788,6,22,,4,20150809
user_0017789,1,41,male,4,20150806
user_0017790,13,32,female,3,20150616
user_0017791,1,26,,4,20150115
user_0017792,1,50,male,3,20170118
user_0017793,4,42,female,13,20150520
user_0017794,1,29,male,9,20150626
user_0017795,19,33,,7,20160606
user_0017796,19,20,female,13,20161225
user_0017797,7,15,,9,20160919
user_0017798,9,27,male,7,20150412
user_0017799,1,35,male,3,20160209
user_0017800,4,50,,13,20160724
user_0017801,1,0,female,7,20151120
user_0017802,19,20,male,4,20150210
user_0017803,10,37,female,4,20151011
user_0017804,14,-1,,7,20161109
user_0017805,13,32,male,7,20160203
user_0017806,1,0,female,4,20160707
user_0017807,1,35,female,3,20150627
user_0017808,1,0,female,3,20151215
user_0017809,1,20,male,4,20150114
user_0017810,7,30,male,3,20150929
user_0017811,17,38,,4,20160824
user_0017812,11,40,female,9,20161025
user_0017813,15,41,female,9,20150821
user_0017814,15,49,,4,20151007
user_0017815,10,21,male,7,20160303
user_0017816,1,37,male,4,20150129
user_0017817,10,38,female,4,20160120
user_0017818,1,41,female,9,20161231
user_0017819,19,39,male,13,20150721
user_0017820,1,2015,female,3,20160208
user_0017821,11,35,,7,20151207
user_0017822,19,42,male,4,20151031
user_0017823,9,36,male,4,20150521
user_0017824,1,22,male,4,20160906
user_0017825,15,33,,3,20150606
user_0017826,14,43,,3,20161226
user_0017827,19,31,female,9,20160112
user_0017828,10,26,female,4,20160715
user_0017829,13,24,male,3,20161002
user_0017830,1,-1,female,13,20150126
user_0017831,1,2015,,7,20150815
user_0017832,1,28,,7,20161219
user_0017833,1,33,male,4,20160513
user_0017834,20,31,female,7,20150120
user_0017835,14,27,female,3,20150913
user_0017836,5,2015,female,3,20161130
user_0017837,1,39,female,7,20160106
user_0017838,1,26,female,7,20160813
user_0017839,6,36,male,4,20150314
user_0017840,4,15,,9,20160413
user_0017841,19,29,female,3,20151003
user_0017842,7,48,female,3,20161231
user_0017843,16,62,male,3,20170122
user_0017844,4,32,male,13,20150421
user_0017845,1,1000,female,4,20160616
user_0017846,9,47,male,4,20160730
user_0017847,4,47,female,7,20160105
user_0017848,1,1000,male,3,20160607
user_0017849,1,43,female,9,20150528
user_0017850,1,29,female,13,20160315
user_0017851,11,2015,female,3,20150525
user_0017852,14,34,male,3,20151120
user_0017853,1,25,female,9,20160515
user_0017854,1,30,male,4,20160717
user_0017855,6,26,female,3,20150802
user_0017856,5,38,male,13,20150307
user_0017857,6,38,male,9,20150711
user_0017858,7,25,female,3,20160102
user_0017859,10,26,male,7,20150705
user_0017860,12,22,female,7,20161102
user_0017861,1,28,male,3,20160802
user_0017862,19,29,,4,20150815
user_0017863,9,0,male,3,20150209
user_0017864,21,43,female,9,20160604
user_0017865,1,26,female,3,20151204
user_0017866,11,40,female,4,20160802
user_0017867,1,31,female,3,20150822
user_0017868,9,28,female,4,20160410
user_0017869,10,46,,3,20151103
user_0017870,6,40,female,3,20161203
user_0017871,1,29,female,7,20150817
user_0017872,7,22,male,4,20160709
user_0017873,9,38,male,3,20160806
user_0017874,18,28,,4,20170110
user_0017875,8,-1,female,3,20151226
user_0017876,4,34,female,3,20161229
user_0017877,11,20,male,9,20160807
user_0017878,12,1000,male,3,20160322
user_0017879,8,-1,male,9,20150419
user_0017880,4,20,female,7,20160610
user_0017881,21,-1,male,7,20160217
user_0017882,2,48,male,7,20161031
user_0017883,3,38,male,3,20150629
user_0017884,5,23,female,3,20161223
user_0017885,1,33,,3,20151219
user_0017886,11,42,male,3,20150304
user_0017887,1,29,male,3,20161227
user_0017888,8,2015,male,3,20150529
user_0017889,11,32,male,13,20150118
user_0017890,2,17,female,4,20170122
user_0017891,1,22,,9,20150522
user_0017892,10,2015,female,7,20160928
user_0017893,1,29,male,7,20160611
user_0017894,16,32,,4,20151224
user_0017895,6,1000,,4,20160701
user_0017896,8,28,male,3,20161216
user_0017897,4,30,female,9,20150506
user_0017898,1,45,male,3,20160228
user_0017899,12,27,male,7,20160124
user_0017900,21,44,,9,20150403
user_0017901,2,24,female,4,20151019
user_0017902,1,40,female,3,20161015
user_0017903,5,33,,9,20150813
user_0017904,19,33,male,3,20160623
user_0017905,11,31,male,7,20161010
user_0017906,1,33,female,3,20160206
user_0017907,1,36,male,7,20160109
user_0017908,16,28,female,3,20150525
user_0017909,9,27,male,9,20161111
user_0017910,1,34,male,4,20170112
user_0017911,4,31,female,3,20160505
user_0017912,18,0,male,9,20150928
user_0017913,1,49,female,3,20150807
user_0017914,16,37,male,3,20151030
user_0017915,10,24,,9,20160919
user_0017916,9,26,female,3,20150402
user_0017917,1,34,male,3,20150117
user_0017918,1,42,male,3,20161120
user_0017919,6,37,female,4,20161219
user_0017920,1,32,male,13,20150916
user_0017921,8,34,,3,20150314
user_0017922,10,44,female,13,20160210
user_0017923,1,15,female,3,20161127
user_0017924,1,39,,4,20150826
user_0017925,4,22,male,9,20150213
user_0017926,21,15,female,9,20160815
user_0017927,16,28,male,3,20150515
user_0017928,1,28,female,7,20160709
user_0017929,16,26,male,4,20150816
user_0017930,1,38,male,3,20160117
user_0017931,13,16,female,13,20161129
user_0017932,12,31,male,4,20160807
user_0017933,1,17,female,7,20151116
user_0017934,2,2015,,7,20160912
user_0017935,1,37,female,3,20161013
user_0017936,1,50,,3,20160217
user_0017937,1,-1,,4,20150728
user_0017938,10,1000,male,9,20150726
user_0017939,16,30,male,9,20160808
user_0017940,13,35,male,7,20150315
user_0017941,17,28,female,3,20160126
user_0017942,3,1000,male,3,20160725
user_0017943,4,41,,3,20160816
user_0017944,2,32,female,4,20150906
user_0017945,5,24,female,4,20160511
user_0017946,16,16,male,4,20150127
user_0017947,6,31,male,3,20160716
user_0017948,1,26,,7,20150518
user_0017949,2,40,male,9,20150507
user_0017950,12,33,female,9,20160301
user_0017951,1,47,male,3,20150409
user_0017952,1,23,female,4,20150225
user_0017953,20,41,male,3,20150328
user_0017954,18,35,male,9,20150711
user_0017955,1,24,male,4,20161101
user_0017956,1,17,male,3,20161008
user_0017957,1,25,female,9,20160311
user_0017958,8,15,,7,20150615
user_0017959,1,0,male,3,20150603
user_0017960,18,21,male,9,20150416
user_0017961,15,43,female,3,20151127
user_0017962,1,36,female,9,20160620
user_0017963,1,37,female,13,20160709
user_0017964,8,36,female,4,20160510
user_0017965,1,32,male,7,20160422
user_0017966,3,1000,male,4,20160205
user_0017967,1,41,,4,20160613
user_0017968,1,27,female,9,20151121
user_0017969,10,23,,9,20160708
user_0017970,11,22,female,4,20150207
user_0017971,9,24,female,9,20161019
user_0017972,3,33,female,3,20170118
user_0017973,10,23,,9,20151113
user_0017974,1,37,,3,20151226
user_0017975,1,34,male,9,20150619
user_0017976,1,26,female,3,20151030
user_0017977,9,23,female,4,20161207
user_0017978,1,24,,3,20160516
user_0017979,3,36,male,3,20161109
user_0017980,1,30,male,4,20160523
user_0017981,5,39,,3,20150817
user_0017982,1,40,female,3,20160126
user_0017983,21,1000,female,3,20160725
user_0017984,6,0,male,7,20160319
user_0017985,5,1000,,3,20160303
user_0017986,1,32,female,3,20150603
user_0017987,12,36,female,4,20160526
user_0017988,7,18,female,4,20150405
user_0017989,1,38,female,3,20161031
user_0017990,1,36,female,3,20150828
user_0017991,1,35,female,4,20160109
user_0017992,1,43,male,4,20151111
user_0017993,4,24,male,7,20160822
user_0017994,7,32,,13,20150927
user_0017995,4,32,,13,20150906
user_0017996,1,24,female,7,20160114
user_0017997,19,31,female,3,20160618
user_0017998,1,47,female,3,20150314
user_0017999,21,37,male,4,20151019
user_0018000,1,20,male,3,20160718
user_0018001,17,25,,7,20170104
user_0018002,10,19,female,3,20150125
user_0018003,13,40,female,7,20150318
user_0018004,1,36,female,3,20150524
user_0018005,17,51,male,3,20151003
user_0018006,10,34,male,3,20160528
user_0018007,8,25,male,4,20151212
user_0018008,18,25,male,3,20150131
user_0018009,10,19,male,3,20150601
user_0018010,1,43,male,3,20150426
user_0018011,1,44,female,3,20151123
user_0018012,1,43,female,3,20160523
user_0018013,1,48,female,3,20150827
user_0018014,1,31,female,7,20150114
user_0018015,7,31,male,4,20160306
user_0018016,7,34,female,7,20160902
user_0018017,11,31,female,7,20150706
user_0018018,14,40,female,7,20160105
user_0018019,1,35,male,4,20150621
user_0018020,1,0,male,9,20150516
user_0018021,1,26,male,3,20150228
user_0018022,9,-1,male,3,20161112
user_0018023,16,1000,male,3,20150803
user_0018024,7,31,male,4,20160112
user_0018025,1,18,,9,20150306
user_0018026,15,37,female,4,20160201
user_0018027,17,38,,9,20160602
user_0018028,1,35,male,7,20150525
user_0018029,5,27,female,3,20160506
user_0018030,1,18,,3,20160708
user_0018031,12,36,male,7,20160328
user_0018032,20,35,female,13,20161211
user_0018033,13,33,female,3,20160410
user_0018034,21,15,female,13,20160620
user_0018035,20,22,,7,20160819
user_0018036,12,33,female,3,20160713
user_0018037,3,37,male,3,20161210
user_0018038,19,37,female,9,20161020
user_0018039,1,41,female,9,20161026
user_0018040,1,42,female,7,20150729
user_0018041,1,1000,male,13,20161206
user_0018042,5,31,male,9,20160829
user_0018043,18,31,male,13,20150501
user_0018044,17,-1,female,4,20170115
user_0018045,1,21,female,4,20160330
user_0018046,1,0,male,3,20150310
user_0018047,14,38,male,3,20160810
user_0018048,4,30,female,3,20160831
user_0018049,1,16,female,3,20160626
user_0018050,1,1000,male,13,20160420
user_0018051,19,23,female,7,20160216
user_0018052,1,43,male,13,20160614
user_0018053,1,48,,3,20150809
user_0018054,3,39,male,7,20150513
user_0018055,20,16,male,4,20170115
user_0018056,5,-1,male,9,20150624
user_0018057,1,38,male,3,20150112
user_0018058,16,0,female,7,20150815
user_0018059,2,24,female,4,20150215
user_0018060,1,29,,3,20150323
user_0018061,1,15,male,4,20160419
user_0018062,12,38,male,3,20150725
user_0018063,8,39,female,3,20151208
user_0018064,12,19,male,3,20150709
user_0018065,1,15,male,9,20160702
user_0018066,20,51,male,3,20160914
user_0018067,3,21,,9,20150306
user_0018068,11,36,female,3,20151115
user_0018069,18,27,male,9,20161210
user_0018070,6,42,female,13,20150703
user_0018071,1,1000,,4,20160824
user_0018072,4,30,,9,20150720
user_0018073,1,29,female,3,20160617
user_0018074,7,0,female,3,20151104
user_0018075,1,-1,male,7,20161106
user_0018076,12,19,female,4,20160408
user_0018077,1,37,male,9,20151104
user_0018078,1,-1,,4,20160921
user_0018079,19,28,male,13,20150821
user_0018080,5,34,male,4,20170107
user_0018081,17,23,,4,20160720
user_0018082,4,2015,female,7,20161205
user_0018083,13,24,,13,20151024
user_0018084,15,1000,female,3,20150713
user_0018085,3,1000,male,3,20150224
user_0018086,11,17,female,9,20160217
user_0018087,4,27,,3,20160207
user_0018088,1,20,,3,20150910
user_0018089,7,1000,female,4,20160818
user_0018090,18,46,female,3,20150829
user_0018091,11,36,female,3,20151217
user_0018092,12,48,female,7,20160921
user_0018093,18,2015,female,4,20150404
user_0018094,3,18,male,3,20161106
user_0018095,19,26,,3,20161002
user_0018096,13,1000,female,4,20160117
user_0018097,14,38,male,3,20170125
user_0018098,7,32,female,7,20151201
user_0018099,12,23,,3,20160115
user_0018100,1,45,female,4,20160908
user_0018101,5,37,female,3,20151002
user_0018102,9,41,,9,20150706
user_0018103,1,28,male,3,20150713
user_0018104,5,29,,3,20161128
user_0018105,7,36,female,3,20150717
user_0018106,14,43,female,13,20150407
user_0018107,1,45,female,4,20161107
user_0018108,4,29,male,9,20151122
user_0018109,1,38,male,3,20150418
user_0018110,1,30,female,9,20170117
user_0018111,10,39,female,7,20150720
user_0018112,19,0,female,13,20161230
user_0018113,3,29,female,3,20160503
user_0018114,2,22,male,3,20161206
user_0018115,4,35,male,13,20151006
user_0018116,3,41,male,13,20160213
user_0018117,19,33,male,4,20161002
user_0018118,5,28,female,9,20161024
user_0018119,1,0,male,9,20160827
user_0018120,17,2015,male,4,20150411
user_0018121,3,34,male,4,20150317
user_0018122,2,1000,female,3,20161018
user_0018123,11,1000,female,7,20160222
user_0018124,8,35,female,7,20160522
user_0018125,17,26,female,4,20150114
user_0018126,2,38,,7,20150106
user_0018127,18,18,male,4,20161109
user_0018128,1,2015,female,3,20170108
user_0018129,1,35,,13,20161031
user_0018130,3,31,female,3,20161219
user_0018131,1,40,male,3,20151013
user_0018132,1,40,female,3,20161210
user_0018133,1,32,male,7,20150223
user_0018134,11,1000,male,4,20161028
user_0018135,1,23,female,4,20160530
user_0018136,1,2015,female,4,20151013
user_0018137,3,24,,7,20161020
user_0018138,18,30,male,3,20150528
user_0018139,13,39,male,3,20160623
user_0018140,1,29,male,4,20170120
user_0018141,4,24,male,7,20150624
user_0018142,1,39,,4,20161209
user_0018143,1,24,male,3,20160309
user_0018144,1,39,female,7,20161214
user_0018145,13,0,male,4,20160724
user_0018146,9,43,male,13,20150709
user_0018147,1,30,male,3,20160409
user_0018148,1,19,,7,20150210
user_0018149,17,33,male,3,20160531
user_0018150,1,28,,7,20151021
user_0018151,1,45,male,3,20150824
user_0018152,2,-1,,7,20150617
user_0018153,16,32,male,7,20150524
user_0018154,18,17,male,7,20161125
user_0018155,8,41,male,4,20161017
user_0018156,11,33,,4,20161021
user_0018157,1,30,female,3,20151012
user_0018158,13,35,female,3,20160228
user_0018159,20,29,male,9,20150730
user_0018160,2,25,male,13,20160320
user_0018161,1,25,male,3,20150324
user_0018162,1,37,female,4,20170126
user_0018163,4,2015,male,3,20161120
user_0018164,1,32,female,3,20161018
user_0018165,18,32,female,9,20150421
user_0018166,8,27,,9,20170102
user_0018167,12,28,,7,20150911
user_0018168,14,25,male,9,20151004
user_0018169,1,43,male,3,20150525
user_0018170,17,33,male,9,20151112
user_0018171,3,39,female,3,20161021
user_0018172,4,32,female,3,20150112
user_0018173,1,19,female,3,20150823
user_0018174,9,26,,3,20150304
user_0018175,3,21,male,4,20160115
user_0018176,17,0,female,3,20150726
user_0018177,10,34,male,9,20160719
user_0018178,9,21,female,4,20150128
user_0018179,3,15,,13,20150402
user_0018180,14,2015,male,7,20150517
user_0018181,16,30,female,3,20160211
user_0018182,15,44,,3,20160409
user_0018183,14,42,female,9,20161120
user_0018184,1,25,female,4,20150205
user_0018185,7,27,male,3,20161013
user_0018186,1,51,,3,20150626
user_0018187,2,32,female,3,20161113
user_0018188,7,48,,4,20160203
user_0018189,10,17,male,9,20150808
user_0018190,12,28,male,3,20160801
user_0018191,16,38,male,3,20150826
user_0018192,5,38,male,13,20150917
user_0018193,1,40,male,9,20150320
user_0018194,12,26,female,3,20150416
user_0018195,6,-1,male,3,20161126
user_0018196,9,-1,female,4,20161008
user_0018197,16,26,male,13,20150112
user_0018198,2,28,male,3,20150516
user_0018199,8,-1,male,13,20150107
user_0018200,1,32,female,7,20151231
user_0018201,1,24,female,4,20150406
user_0018202,1,48,male,4,20160807
user_0018203,6,0,female,7,20150925
user_0018204,20,15,male,3,20160624
user_0018205,20,35,,3,20160923
user_0018206,1,36,,9,20151222
user_0018207,5,1000,female,3,20160315
user_0018208,1,46,,9,20160220
user_0018209,1,32,female,3,20160326
user_0018210,15,38,,7,20150304
user_0018211,6,22,,3,20150209
user_0018212,13,39,male,4,20161228
user_0018213,1,15,male,4,20160608
user_0018214,11,19,,9,20161010
user_0018215,10,29,,7,20161020
user_0018216,14,1000,male,7,20160121
user_0018217,14,31,female,3,20150131
user_0018218,1,26,female,9,20150208
user_0018219,14,33,male,9,20160826
user_0018220,10,24,female,4,20160124
user_0018221,5,33,female,7,20151213
user_0018222,3,37,male,3,20160621
user_0018223,2,26,female,3,20150827
user_0018224,18,29,male,4,20150917
user_0018225,1,25,,4,20160728
user_0018226,7,33,female,3,20160709
user_0018227,4,28,female,9,20150417
user_0018228,15,45,,7,20160812
user_0018229,3,55,female,3,20151203
user_0018230,18,19,female,13,20160330
user_0018231,12,39,male,4,20160507
user_0018232,11,39,male,4,20150613
user_0018233,13,1000,,9,20151229
user_0018234,1,25,male,3,20160816
user_0018235,10,30,female,3,20151225
user_0018236,16,25,male,13,20150607
user_0018237,1,25,female,3,20151116
user_0018238,10,20,male,4,20150620
user_0018239,17,33,male,13,20150815
user_0018240,13,22,male,3,20150807
user_0018241,21,41,male,13,20161121
user_0018242,1,36,,3,20160806
user_0018243,2,39,,9,20150501
user_0018244,17,28,male,3,20151004
user_0018245,4,35,male,4,20160913
user_0018246,21,1000,male,13,20161129
user_0018247,13,1000,male,7,20150722
user_0018248,4,48,female,7,20160215
user_0018249,1,28,male,4,20150221
user_0018250,13,24,male,7,20150614
user_0018251,16,2015,male,7,20160820
user_0018252,1,38,male,3,20150811
user_0018253,18,30,female,7,20160119
user_0018254,9,25,male,9,20151126
user_0018255,16,25,female,7,20160524
user_0018256,8,31,male,3,20150409
user_0018257,17,-1,female,4,20160108
user_0018258,6,33,,3,20150905
user_0018259,1,22,female,3,20160917
user_0018260,1,35,female,4,20150819
user_0018261,13,20,female,9,20161020
user_0018262,19,27,male,7,20150315
user_0018263,2,30,male,3,20151209
user_0018264,13,33,male,9,20160905
user_0018265,21,37,female,7,20161002
user_0018266,17,39,,3,20160229
user_0018267,10,41,female,4,20160928
user_0018268,2,38,male,3,20150806
user_0018269,1,44,male,3,20160204
user_0018270,7,23,female,3,20151221
user_0018271,1,45,male,7,20161222
user_0018272,3,36,male,3,20150323
user_0018273,9,26,female,3,20150211
user_0018274,11,22,female,4,20160704
user_0018275,14,33,male,4,20151230
user_0018276,8,31,female,3,20160617
user_0018277,6,25,female,4,20160203
user_0018278,20,2015,female,13,20150830
user_0018279,1,32,male,4,20150505
user_0018280,1,43,male,9,20160927
user_0018281,9,22,female,9,20150319
user_0018282,1,24,female,3,20160216
user_0018283,1,23,male,4,20160405
user_0018284,3,23,male,4,20161224
user_0018285,4,35,,9,20150121
user_0018286,9,25,female,7,20150815
user_0018287,6,25,male,7,20161203
user_0018288,4,35,male,9,20150825
user_0018289,1,31,male,3,20170130
user_0018290,1,36,male,3,20150924
user_0018291,9,31,,4,20150331
user_0018292,20,36,female,7,20161212
user_0018293,21,26,male,7,20150508
user_0018294,1,24,female,9,20170121
user_0018295,1,24,female,3,20160930
user_0018296,12,45,male,3,20160804
user_0018297,14,27,male,3,20161017
user_0018298,1,21,male,7,20151015
user_0018299,14,47,male,3,20160411
user_0018300,3,26,female,7,20150129
user_0018301,6,32,,4,20160311
user_0018302,9,28,female,3,20151204
user_0018303,1,37,male,4,20160821
user_0018304,6,0,male,4,20150604
user_0018305,1,25,male,9,20150912
user_0018306,1,33,female,9,20160318
user_0018307,18,40,female,3,20160714
user_0018308,1,1000,male,3,20150121
user_0018309,7,48,male,9,20150610
user_0018310,4,-1,female,9,20150317
user_0018311,1,27,female,9,20151204
user_0018312,5,29,,3,20151215
user_0018313,1,33,female,3,20161111
user_0018314,4,31,female,4,20160823
user_0018315,1,24,male,13,20151028
user_0018316,19,28,male,4,20161025
user_0018317,12,38,male,7,20160215
user_0018318,3,15,,3,20150401
user_0018319,8,0,female,4,20151027
user_0018320,1,27,,3,20150301
user_0018321,18,18,female,3,20150921
user_0018322,9,31,male,3,20150728
user_0018323,2,40,,3,20150123
user_0018324,1,39,male,4,20160125
user_0018325,21,32,male,7,20160723
user_0018326,14,34,male,4,20161102
user_0018327,1,39,female,3,20161201
user_0018328,15,29,,3,20161104
user_0018329,1,2015,,4,20161018
user_0018330,1,33,female,9,20161113
user_0018331,9,40,female,9,20151027
user_0018332,1,24,male,9,20150205
user_0018333,2,34,female,9,20150708
user_0018334,1,37,male,4,20161123
user_0018335,18,32,,4,20160628
user_0018336,1,37,male,3,20160311
user_0018337,1,33,,7,20160113
user_0018338,4,23,female,4,20150713
user_0018339,11,28,female,4,20160317
user_0018340,8,27,female,3,20160229
user_0018341,7,15,female,3,20151205
user_0018342,1,25,,7,20161224
user_0018343,20,44,female,4,20160830
user_0018344,4,27,female,7,20150923
user_0018345,19,2015,,3,20160207
user_0018346,1,38,female,7,20161026
user_0018347,12,29,female,9,20150316
user_0018348,1,37,male,3,20151030
user_0018349,14,15,male,13,20151204
user_0018350,21,15,male,3,20160229
user_0018351,15,39,male,7,20160504
user_0018352,1,30,male,4,20150514
user_0018353,21,50,male,3,20161205
user_0018354,1,2015,female,3,20161210
user_0018355,1,30,female,3,20150902
user_0018356,14,23,,7,20160617
user_0018357,20,30,male,3,20160517
user_0018358,20,39,female,13,20151018
user_0018359,10,49,female,13,20150922
user_0018360,6,47,male,9,20151013
user_0018361,1,37,male,3,20151228
user_0018362,3,35,male,7,20150222
user_0018363,1,-1,female,9,20161130
user_0018364,1,23,male,4,20161016
user_0018365,9,39,male,4,20160202
user_0018366,1,32,male,9,20160505
user_0018367,4,27,male,3,20150907
user_0018368,6,2015,female,3,20160319
user_0018369,9,0,,9,20151117
user_0018370,1,27,male,9,20150920
user_0018371,9,32,male,13,20151212
user_0018372,1,0,male,9,20161030
user_0018373,18,22,female,3,20160316
user_0018374,1,28,female,13,20150819
user_0018375,1,0,female,3,20161226
user_0018376,12,29,,4,20150622
user_0018377,12,15,female,4,20161030
user_0018378,2,38,female,7,20150708
user_0018379,1,31,male,7,20150405
user_0018380,1,27,,3,20150309
user_0018381,17,24,female,9,20160311
user_0018382,9,32,male,3,20150105
user_0018383,2,2015,female,7,20161230
user_0018384,4,31,,3,20150610
user_0018385,5,18,male,9,20160725
user_0018386,11,0,female,9,20161106
user_0018387,14,38,female,3,20150122
user_0018388,7,-1,male,4,20150109
user_0018389,10,40,male,4,20150322
user_0018390,16,31,male,13,20161112
user_0018391,18,39,male,3,20160425
user_0018392,14,22,male,3,20161013
user_0018393,6,0,male,4,20161121
user_0018394,1,29,,3,20150108
user_0018395,1,2015,female,3,20160917
user_0018396,2,2015,female,7,20151209
user_0018397,14,35,female,4,20160729
user_0018398,8,35,male,3,20150820
user_0018399,3,0,female,3,20160802
user_0018400,16,0,female,9,20161222
user_0018401,15,33,male,4,20151201
user_0018402,7,25,,3,20161009
user_0018403,10,27,female,4,20151113
user_0018404,12,21,female,3,20151123
user_0018405,1,28,male,4,20150922
user_0018406,16,47,female,3,20151226
user_0018407,1,30,male,4,20161231
user_0018408,9,34,male,13,20160101
user_0018409,1,-1,female,4,20150812
user_0018410,10,36,female,7,20150625
user_0018411,1,42,,3,20150323
user_0018412,1,15,male,3,20151129
user_0018413,1,37,female,3,20160422
user_0018414,10,37,male,3,20160809
user_0018415,14,34,female,4,20161219
user_0018416,15,36,male,7,20150908
user_0018417,1,37,female,3,20160120
user_0018418,1,2015,male,7,20150527
user_0018419,16,27,,4,20160312
user_0018420,9,36,female,9,20160122
user_0018421,1,19,male,7,20160403
user_0018422,1,-1,female,13,20151021
user_0018423,5,15,,7,20160523
user_0018424,13,38,male,3,20161024
user_0018425,16,27,female,3,20150603
user_0018426,1,39,,4,20160610
user_0018427,19,33,female,9,20150205
user_0018428,1,32,male,9,20161116
user_0018429,1,41,,3,20151220
user_0018430,8,15,,9,20150918
user_0018431,1,35,male,4,20150416
user_0018432,6,29,,7,20160727
user_0018433,12,19,female,7,20160320
user_0018434,1,31,female,4,20160223
user_0018435,14,29,male,4,20160823
user_0018436,19,33,male,4,20160211
user_0018437,1,-1,male,7,20160305
user_0018438,3,31,female,9,20150310
user_0018439,1,1000,male,4,20150425
user_0018440,1,51,female,9,20160731
user_0018441,9,28,female,4,20150615
user_0018442,1,22,female,3,20150802
user_0018443,19,32,,4,20150715
user_0018444,1,28,female,3,20160524
user_0018445,12,24,male,7,20161024
user_0018446,13,25,male,3,20160707
user_0018447,21,24,female,7,20160602
user_0018448,5,-1,female,3,20150803
user_0018449,20,32,,7,20150416
user_0018450,19,35,male,7,20151113
user_0018451,1,15,,7,20150221
user_0018452,9,16,,3,20150918
user_0018453,9,36,female,4,20160910
user_0018454,12,42,female,7,20160609
user_0018455,9,34,male,4,20160308
user_0018456,7,41,male,3,20160602
user_0018457,1,24,female,7,20150420
user_0018458,16,21,female,7,20150728
user_0018459,8,43,male,4,20151125
user_0018460,2,36,male,9,20160125
user_0018461,5,32,female,7,20150505
user_0018462,1,19,,13,20161119
user_0018463,16,41,female,7,20160705
user_0018464,8,-1,female,13,20160502
user_0018465,14,24,male,7,20160711
user_0018466,1,22,,4,20170109
user_0018467,1,15,female,3,20161216
user_0018468,20,-1,female,7,20160723
user_0018469,1,2015,female,4,20160418
user_0018470,12,39,,9,20160229
user_0018471,1,15,female,9,20150915
user_0018472,18,39,female,9,20151001
user_0018473,15,36,male,4,20160213
user_0018474,19,29,male,7,20150811
user_0018475,1,28,,7,20160807
user_0018476,1,29,male,4,20150608
user_0018477,19,15,female,4,20161223
user_0018478,1,39,female,13,20160408
user_0018479,21,39,,3,20151118
user_0018480,1,40,,9,20170105
user_0018481,18,22,,3,20161202
user_0018482,4,42,female,3,20160814
user_0018483,20,31,male,7,20160331
user_0018484,1,32,male,3,20150529
user_0018485,1,27,male,7,20150821
user_0018486,20,24,male,3,20150929
user_0018487,1,0,male,9,20160530
user_0018488,19,27,,4,20150615
user_0018489,3,25,male,3,20170122
user_0018490,1,34,female,4,20170111
user_0018491,14,43,female,7,20161031
user_0018492,12,23,male,9,20160514
user_0018493,1,31,male,3,20161020
user_0018494,19,28,female,13,20151015
user_0018495,19,36,male,9,20160624
user_0018496,15,26,female,3,20150825
user_0018497,9,31,male,7,20160609
user_0018498,1,42,male,4,20160726
user_0018499,20,38,male,7,20150917
user_0018500,14,30,female,3,20150627
user_0018501,1,2015,,13,20160505
user_0018502,1,-1,male,7,20151216
user_0018503,16,51,female,4,20160330
user_0018504,10,-1,male,13,20150228
user_0018505,3,26,female,3,20151126
user_0018506,10,2015,male,4,20170130
user_0018507,5,23,male,7,20170114
user_0018508,20,37,female,7,20150730
user_0018509,9,34,,3,20150507
user_0018510,11,15,,4,20160704
user_0018511,11,20,male,4,20150622
user_0018512,1,30,male,7,20161220
user_0018513,1,0,male,3,20160615
user_0018514,1,29,,4,20151204
user_0018515,11,37,female,4,20150118
user_0018516,9,24,male,3,20161023
user_0018517,1,-1,,4,20160328
user_0018518,18,0,female,9,20151020
user_0018519,12,29,male,7,20150415
user_0018520,1,1000,female,4,20160706
user_0018521,1,16,male,3,20151107
user_0018522,7,21,male,4,20150821
user_0018523,13,21,male,4,20161105
user_0018524,1,33,male,3,20160914
user_0018525,1,25,,7,20151225
user_0018526,1,1000,female,13,20160403
user_0018527,16,0,male,4,20150903
user_0018528,2,36,female,3,20151202
user_0018529,3,31,,7,20160129
user_0018530,17,36,male,4,20160713
user_0018531,9,1000,female,9,20151127
user_0018532,17,29,female,7,20161231
user_0018533,1,29,female,3,20151116
user_0018534,1,32,male,9,20160317
user_0018535,20,23,male,4,20150207
user_0018536,8,31,female,7,20160807
user_0018537,8,20,female,3,20160914
user_0018538,6,25,male,3,20160424
user_0018539,17,32,female,9,20150504
user_0018540,1,-1,male,3,20170113
user_0018541,1,15,male,7,20160716
user_0018542,5,38,male,13,20170116
user_0018543,4,35,male,9,20151014
user_0018544,12,29,female,3,20150117
user_0018545,20,38,female,3,20150627
user_0018546,21,27,female,3,20160520
user_0018547,1,34,female,3,20150619
user_0018548,8,45,female,7,20151228
user_0018549,1,23,female,7,20150813
user_0018550,19,32,female,7,20150504
user_0018551,12,41,male,9,20150305
user_0018552,21,34,male,3,20160115
user_0018553,6,24,,3,20160719
user_0018554,20,22,male,3,20150807
user_0018555,14,31,female,9,20161015
user_0018556,8,33,,3,20150218
user_0018557,1,25,male,3,20151012
user_0018558,1,43,male,7,20161029
user_0018559,1,46,,7,20151016
user_0018560,1,41,male,9,20151101
user_0018561,15,1000,male,9,20151016
user_0018562,1,38,,9,20150208
user_0018563,19,21,male,9,20160527
user_0018564,1,19,female,3,20150816
user_0018565,6,22,male,13,20161202
user_0018566,8,42,male,3,20161107
user_0018567,1,27,,3,20170124
user_0018568,1,17,male,9,20161225
user_0018569,1,40,male,3,20160816
user_0018570,21,34,male,3,20151207
user_0018571,19,44,,4,20160831
user_0018572,18,34,female,9,20161210
user_0018573,1,36,female,3,20150811
user_0018574,14,45,female,9,20151112
user_0018575,1,39,female,13,20150923
user_0018576,13,24,female,4,20150415
user_0018577,5,31,female,3,20151030
user_0018578,4,2015,,3,20170127
user_0018579,1,15,male,3,20160815
user_0018580,15,15,female,4,20151203
user_0018581,17,39,female,4,20161124
user_0018582,1,18,,3,20150531
user_0018583,14,45,male,4,20160125
user_0018584,7,32,male,3,20160325
user_0018585,11,2015,male,9,20150623
user_0018586,16,24,male,9,20161205
user_0018587,3,39,male,4,20151106
user_0018588,6,41,,3,20161011
user_0018589,12,34,male,3,20161110
user_0018590,8,27,male,7,20161117
user_0018591,1,32,male,13,20160618
user_0018592,19,46,male,7,20150620
user_0018593,8,32,female,3,20150519
user_0018594,1,-1,,3,20160804
user_0018595,20,20,,3,20160713
user_0018596,16,42,,4,20160131
user_0018597,1,45,,4,20150215
user_0018598,1,40,female,4,20160313
user_0018599,5,41,female,3,20150202
user_0018600,5,32,female,3,20150529
user_0018601,16,0,,9,20150826
user_0018602,15,0,male,3,20150119
user_0018603,1,21,,3,20161119
user_0018604,18,28,female,3,20161203
user_0018605,18,46,male,3,20160721
user_0018606,1,42,female,9,20151202
user_0018607,6,32,male,3,20160521
user_0018608,4,30,,13,20150807
user_0018609,1,28,female,13,20150204
user_0018610,18,37,male,3,20160727
user_0018611,16,31,,9,20160623
user_0018612,1,50,female,3,20150609
user_0018613,19,37,female,7,20160513
user_0018614,4,31,male,13,20160606
user_0018615,17,30,male,4,20160627
user_0018616,16,35,male,3,20151017
user_0018617,17,31,male,7,20150703
user_0018618,2,40,male,7,20160904
user_0018619,15,44,female,3,20160810
user_0018620,1,21,female,4,20150317
user_0018621,7,18,,4,20150827
user_0018622,1,27,,4,20160521
user_0018623,1,27,male,3,20150620
user_0018624,1,39,male,13,20150102
user_0018625,3,38,female,7,20160616
user_0018626,1,17,male,4,20150306
user_0018627,5,23,female,4,20150129
user_0018628,2,42,male,7,20160218
user_0018629,15,33,male,9,20160827
user_0018630,16,31,male,4,20160812
user_0018631,12,17,male,9,20170109
user_0018632,2,2015,female,3,20160726
user_0018633,1,26,,7,20150709
user_0018634,19,43,female,7,20161029
user_0018635,5,2015,male,3,20160403
user_0018636,1,19,male,7,20161215
user_0018637,8,2015,,3,20150617
user_0018638,1,24,male,9,20160227
user_0018639,11,35,female,4,20160812
user_0018640,1,28,,3,20160611
user_0018641,16,21,male,7,20160508
user_0018642,1,28,female,3,20150601
user_0018643,5,21,female,3,20160330
user_0018644,1,15,male,4,20160109
user_0018645,17,37,female,9,20160419
user_0018646,8,22,,7,20150119
user_0018647,12,36,,9,20160919
user_0018648,21,33,male,7,20151103
user_0018649,11,41,female,4,20151031
user_0018650,1,34,female,3,20161209
user_0018651,13,33,male,3,20150811
user_0018652,8,23,female,9,20151010
user_0018653,3,19,female,3,20160130
user_0018654,12,27,male,3,20151019
user_0018655,1,31,female,9,20150503
user_0018656,16,34,,3,20160112
user_0018657,18,17,female,4,20160812
user_0018658,3,26,male,9,20150910
user_0018659,8,32,,4,20150705
user_0018660,1,33,female,7,20150305
user_0018661,1,31,male,3,20160403
user_0018662,8,47,male,7,20150823
user_0018663,20,28,female,7,20161109
user_0018664,1,45,female,7,20150206
user_0018665,1,2015,female,3,20161028
user_0018666,10,2015,female,7,20150317
user_0018667,15,35,female,7,20161023
user_0018668,1,43,male,9,20160302
user_0018669,1,15,female,3,20150108
user_0018670,19,1000,male,9,20151223
user_0018671,1,22,,7,20161016
user_0018672,1,26,female,4,20170110
user_0018673,1,28,male,7,20160428
user_0018674,10,2015,female,7,20160610
user_0018675,4,35,male,4,20150623
user_0018676,12,33,female,9,20161029
user_0018677,10,24,male,9,20151118
user_0018678,1,32,female,9,20161004
user_0018679,19,32,male,3,20170120
user_0018680,5,30,female,4,20161115
user_0018681,1,41,male,13,20170116
user_0018682,1,28,female,4,20150204
user_0018683,1,40,male,3,20160213
user_0018684,1,36,male,9,20150721
user_0018685,1,29,female,3,20160919
user_0018686,3,15,female,13,20160717
user_0018687,17,34,male,7,20150322
user_0018688,3,35,male,13,20150828
user_0018689,1,25,male,3,20160106
user_0018690,3,36,male,9,20150914
user_0018691,6,32,male,3,20150213
user_0018692,10,28,,3,20150217
user_0018693,10,34,male,7,20150522
user_0018694,13,36,female,13,20150410
user_0018695,15,-1,female,13,20150604
user_0018696,17,32,female,3,20170105
user_0018697,8,44,female,4,20150310
user_0018698,18,41,male,7,20160625
user_0018699,1,41,male,3,20160925
user_0018700,19,31,male,7,20150821
user_0018701,3,38,male,3,20150317
user_0018702,20,15,,9,20160622
user_0018703,1,45,,4,20160421
user_0018704,15,25,,4,20150418
user_0018705,19,31,female,4,20150429
user_0018706,11,32,,4,20150728
user_0018707,18,28,male,4,20160717
user_0018708,14,34,,7,20160730
user_0018709,1,31,female,3,20150623
user_0018710,14,32,female,3,20150802
user_0018711,1,32,male,7,20150514
user_0018712,12,39,,4,20160524
user_0018713,13,32,male,9,20160411
user_0018714,1,15,female,3,20151011
user_0018715,18,44,female,7,20160325
user_0018716,18,39,male,3,20151209
user_0018717,3,2015,female,9,20160319
user_0018718,20,40,,3,20160113
user_0018719,13,-1,female,3,20160816
user_0018720,1,21,male,7,20150218
user_0018721,2,28,male,3,20160705
user_0018722,21,23,female,9,20151231
user_0018723,3,51,female,4,20161002
user_0018724,14,-1,male,9,20160820
user_0018725,2,43,female,7,20160318
user_0018726,7,1000,male,4,20170110
user_0018727,12,1000,male,7,20150121
user_0018728,21,1000,male,3,20150715
user_0018729,10,34,female,3,20151022
user_0018730,5,38,male,3,20151001
user_0018731,1,30,,4,20150930
user_0018732,9,26,,9,20160507
user_0018733,18,35,male,3,20160123
user_0018734,1,1000,female,3,20160525
user_0018735,20,32,male,3,20160816
user_0018736,13,2015,male,9,20160521
user_0018737,21,26,female,9,20160419
user_0018738,1,29,male,4,20151229
user_0018739,18,50,male,3,20160725
user_0018740,4,35,female,9,20160102
user_0018741,20,30,female,3,20150330
user_0018742,1,18,male,7,20150225
user_0018743,9,36,male,9,20161120
user_0018744,1,33,,3,20150814
user_0018745,1,-1,,3,20150918
user_0018746,13,-1,female,3,20160108
user_0018747,1,0,female,9,20160314
user_0018748,4,22,,3,20161218
user_0018749,3,50,male,9,20161217
user_0018750,2,21,female,13,20160501
user_0018751,11,26,male,4,20160829
user_0018752,13,1000,male,3,20151023
user_0018753,1,2015,female,7,20160526
user_0018754,17,31,male,3,20160206
user_0018755,13,30,female,4,20161224
user_0018756,17,35,male,3,20150813
user_0018757,13,18,female,7,20160128
user_0018758,1,29,female,7,20160715
user_0018759,1,33,female,7,20151211
user_0018760,14,33,female,4,20160514
user_0018761,11,27,male,7,20160321
user_0018762,4,31,female,3,20160420
user_0018763,14,45,female,3,20160314
user_0018764,11,30,female,3,20150822
user_0018765,1,1000,female,3,20151109
user_0018766,10,15,male,4,20160130
user_0018767,1,44,female,3,20160903
user_0018768,21,15,female,13,20161104
user_0018769,1,34,female,3,20151123
user_0018770,15,15,male,13,20161026
user_0018771,5,33,male,9,20160901
user_0018772,14,39,female,4,20160618
user_0018773,13,37,female,4,20151218
user_0018774,1,38,,9,20150711
user_0018775,14,15,female,3,20151109
user_0018776,1,26,female,9,20150828
user_0018777,2,25,male,4,20170120
user_0018778,21,31,male,9,20150927
user_0018779,20,16,male,4,20150927
user_0018780,1,29,female,13,20150827
user_0018781,11,24,female,7,20150701
user_0018782,2,1000,,7,20150216
user_0018783,18,1000,female,3,20151128
user_0018784,1,37,female,13,20151117
user_0018785,1,2015,female,3,20151020
user_0018786,10,16,female,3,20160525
user_0018787,17,42,male,3,20150902
user_0018788,21,23,male,13,20150608
user_0018789,1,26,male,3,20150917
user_0018790,19,30,male,3,20160131
user_0018791,1,30,,3,20160414
user_0018792,12,31,male,7,20150321
user_0018793,20,25,male,9,20160805
user_0018794,2,31,male,3,20150429
user_0018795,1,42,male,4,20160906
user_0018796,5,19,male,4,20150125
user_0018797,1,33,male,3,20160127
user_0018798,1,31,female,3,20150924
user_0018799,1,32,female,3,20160316
user_0018800,4,1000,male,4,20160506
user_0018801,1,42,female,7,20160311
user_0018802,18,28,female,7,20150926
user_0018803,1,23,,7,20160716
user_0018804,13,41,female,4,20160309
user_0018805,14,43,,3,20160716
user_0018806,5,26,female,3,20160627
user_0018807,8,41,male,3,20150716
user_0018808,8,1000,male,7,20150315
user_0018809,1,28,,3,20161110
user_0018810,13,27,female,4,20150618
user_0018811,1,15,female,3,20151122
user_0018812,21,33,,3,20150213
user_0018813,1,46,female,7,20160627
user_0018814,5,18,male,9,20150808
user_0018815,13,1000,male,4,20160701
user_0018816,14,42,male,7,20161119
user_0018817,1,21,male,7,20160822
user_0018818,9,38,male,9,20151211
user_0018819,13,34,male,3,20160621
user_0018820,14,-1,,3,20160303
user_0018821,14,26,male,9,20161220
user_0018822,1,15,male,13,20160217
user_0018823,1,32,,7,20160205
user_0018824,6,23,male,9,20160927
user_0018825,1,16,female,3,20161120
user_0018826,9,1000,,3,20150929
user_0018827,1,36,female,13,20160118
user_0018828,1,44,male,3,20160721
user_0018829,12,30,,3,20150805
user_0018830,13,1000,female,7,20170114
user_0018831,3,45,,4,20160929
user_0018832,18,27,,9,20160219
user_0018833,12,38,female,3,20161214
user_0018834,7,29,male,3,20151115
user_0018835,1,31,male,3,20150323
user_0018836,1,29,female,9,20160608
user_0018837,18,43,female,7,20161213
user_0018838,3,33,male,7,20151023
user_0018839,1,1000,female,3,20150917
user_0018840,8,30,female,3,20161117
user_0018841,1,23,male,7,20150718
user_0018842,17,27,male,9,20150902
user_0018843,1,1000,male,3,20150324
user_0018844,1,29,female,3,20160207
user_0018845,11,32,male,9,20161019
user_0018846,1,49,male,9,20160706
user_0018847,12,28,male,3,20160105
user_0018848,14,24,,3,20161123
user_0018849,7,42,male,7,20150924
user_0018850,2,23,female,7,20160518
user_0018851,6,34,male,4,20150825
user_0018852,13,27,female,9,20161120
user_0018853,5,45,female,7,20161211
user_0018854,1,32,female,4,20151104
user_0018855,12,28,female,4,20150705
user_0018856,1,1000,female,3,20161029
user_0018857,2,23,male,4,20160703
user_0018858,16,31,male,3,20160805
user_0018859,13,1000,female,4,20160315
user_0018860,11,53,female,3,20160604
user_0018861,1,-1,female,3,20151219
user_0018862,7,36,male,13,20150615
user_0018863,1,31,male,3,20150503
user_0018864,1,-1,female,3,20150801
user_0018865,18,33,female,9,20150831
user_0018866,1,26,,3,20170103
user_0018867,16,34,male,4,20160404
user_0018868,1,31,male,4,20150128
user_0018869,1,15,male,4,20151205
user_0018870,18,-1,,7,20150729
user_0018871,1,32,male,4,20161019
user_0018872,1,39,female,9,20150324
user_0018873,1,46,,7,20150627
user_0018874,19,26,female,3,20161106
user_0018875,1,38,female,4,20150810
user_0018876,18,35,female,3,20160621
user_0018877,19,1000,,3,20151031
user_0018878,1,-1,female,9,20151224
user_0018879,1,22,female,3,20151102
user_0018880,1,32,female,3,20151129
user_0018881,1,-1,female,3,20161114
user_0018882,1,-1,female,9,20150411
user_0018883,1,29,male,3,20150611
user_0018884,16,39,female,4,20160828
user_0018885,10,35,,4,20150404
user_0018886,11,32,male,9,20151013
user_0018887,12,20,male,3,20160306
user_0018888,2,26,female,3,20150529
user_0018889,1,0,male,9,20150520
user_0018890,1,33,male,3,20160511
user_0018891,9,1000,female,4,20160829
user_0018892,1,41,female,9,20160104
user_0018893,1,47,female,3,20160608
user_0018894,11,37,female,3,20150113
user_0018895,3,34,male,9,20150724
user_0018896,21,19,,9,20161119
user_0018897,9,37,male,13,20160727
user_0018898,1,32,female,9,20160303
user_0018899,1,1000,male,4,20170101
user_0018900,2,37,female,3,20151114
user_0018901,19,28,male,7,20150227
user_0018902,2,24,male,4,20151103
user_0018903,4,51,female,4,20160413
user_0018904,2,33,,4,20150901
user_0018905,6,42,female,3,20150326
user_0018906,13,27,female,13,20151106
user_0018907,11,35,female,3,20160830
user_0018908,8,-1,female,13,20160509
user_0018909,9,23,female,7,20151205
user_0018910,1,21,male,7,20160501
user_0018911,6,49,female,3,20160217
user_0018912,1,46,male,7,20150619
user_0018913,17,41,female,3,20150907
user_0018914,8,22,female,9,20151217
user_0018915,8,33,,3,20160428
user_0018916,1,36,female,9,20151003
user_0018917,2,36,male,3,20150208
user_0018918,17,24,male,9,20161129
user_0018919,2,39,,4,20150303
user_0018920,8,48,female,7,20150706
user_0018921,8,42,male,7,20151115
user_0018922,17,-1,female,13,20151223
user_0018923,10,0,male,7,20151227
user_0018924,11,26,male,13,20150219
user_0018925,5,31,male,7,20150128
user_0018926,1,1000,male,4,20160223
user_0018927,21,-1,female,13,20151023
user_0018928,8,35,female,7,20150421
user_0018929,18,40,female,7,20150119
user_0018930,1,37,female,9,20160906
user_0018931,1,44,female,3,20170112
user_0018932,16,23,female,3,20161107
user_0018933,5,33,male,7,20151121
user_0018934,1,28,female,3,20150101
user_0018935,12,28,female,3,20160730
user_0018936,8,-1,female,3,20161004
user_0018937,1,32,male,3,20150427
user_0018938,19,38,female,9,20150913
user_0018939,1,26,male,3,20150721
user_0018940,1,35,female,3,20161116
user_0018941,12,34,female,4,20160614
user_0018942,15,41,female,3,20150310
user_0018943,6,32,male,3,20151020
user_0018944,1,-1,female,4,20161210
user_0018945,20,36,,4,20160212
user_0018946,1,2015,,4,20160620
user_0018947,15,-1,female,7,20161019
user_0018948,17,29,female,3,20160906
user_0018949,11,24,female,4,20160222
user_0018950,5,28,male,9,20150611
user_0018951,12,31,female,3,20161121
user_0018952,1,27,female,7,20150414
user_0018953,19,32,female,3,20150816
user_0018954,13,15,male,3,20150412
user_0018955,1,22,male,4,20160505
user_0018956,18,32,male,3,20150512
user_0018957,10,45,female,3,20150425
user_0018958,10,47,male,3,20150413
user_0018959,3,29,female,9,20150411
user_0018960,14,33,female,9,20150711
user_0018961,20,21,male,7,20151113
user_0018962,12,32,female,4,20150117
user_0018963,11,36,female,3,20160621
user_0018964,4,15,,7,20160301
user_0018965,1,37,female,4,20160119
user_0018966,1,35,female,9,20160113
user_0018967,1,-1,male,4,20150414
user_0018968,1,35,male,3,20160728
user_0018969,21,15,male,4,20160416
user_0018970,1,15,female,3,20150819
user_0018971,17,35,,9,20170113
user_0018972,18,38,male,3,20150330
user_0018973,10,20,female,4,20161206
user_0018974,1,32,male,3,20150717
user_0018975,2,34,female,4,20150410
user_0018976,14,1000,male,3,20160924
user_0018977,1,32,male,13,20150901
user_0018978,13,44,male,7,20151030
user_0018979,5,35,,9,20150904
user_0018980,9,30,male,3,20160201
user_0018981,3,31,,3,20151021
user_0018982,1,54,female,4,20160121
user_0018983,1,40,male,3,20160617
user_0018984,19,31,,7,20151111
user_0018985,11,24,male,4,20161015
user_0018986,16,1000,female,7,20150325
user_0018987,14,38,,3,20150427
user_0018988,1,28,,3,20160413
user_0018989,1,24,female,7,20160702
user_0018990,1,39,female,9,20170117
user_0018991,1,40,female,4,20161231
user_0018992,10,29,male,4,20161216
user_0018993,1,23,female,3,20161219
user_0018994,15,21,female,3,20150217
user_0018995,1,26,,7,20160218
user_0018996,1,37,male,4,20150118
user_0018997,19,28,female,13,20150518
user_0018998,1,25,,7,20160601
user_0018999,8,38,male,3,20160701
user_0019000,14,37,female,3,20161222
user_0019001,1,39,male,7,20160921
user_0019002,12,44,male,3,20150215
user_0019003,3,33,male,7,20150510
user_0019004,16,24,male,7,20150318
user_0019005,10,42,male,9,20150727
user_0019006,1,30,,7,20151214
user_0019007,17,2015,female,4,20161101
user_0019008,17,18,female,4,20161102
user_0019009,1,26,male,3,20160417
user_0019010,11,2015,female,3,20160321
user_0019011,16,25,male,9,20150309
user_0019012,21,44,male,7,20150625
user_0019013,14,25,male,4,20161211
user_0019014,1,29,male,9,20160103
user_0019015,1,0,male,3,20151228
user_0019016,16,43,male,4,20150620
user_0019017,18,0,female,9,20160527
user_0019018,18,16,male,4,20160210
user_0019019,6,45,female,9,20160521
user_0019020,14,18,male,3,20150426
user_0019021,12,33,female,13,20150524
user_0019022,5,30,female,3,20151015
user_0019023,4,35,female,7,20151122
user_0019024,20,1000,female,13,20161227
user_0019025,5,25,male,4,20151013
user_0019026,12,34,female,3,20150518
user_0019027,16,19,female,13,20160328
user_0019028,8,15,male,3,20160414
user_0019029,4,32,female,7,20160921
user_0019030,5,31,male,4,20161011
user_0019031,1,31,female,4,20160412
user_0019032,1,29,male,7,20150725
user_0019033,18,36,male,13,20160125
user_0019034,1,15,male,13,20150126
user_0019035,15,43,male,9,20150712
user_0019036,12,38,male,9,20151221
user_0019037,3,15,,3,20160312
user_0019038,1,42,male,3,20150401
user_0019039,16,32,female,4,20170126
user_0019040,18,45,female,4,20160909
user_0019041,13,37,male,13,20150107
user_0019042,19,1000,,9,20150104
user_0019043,8,18,male,4,20160324
user_0019044,17,34,male,13,20160529
user_0019045,11,33,male,3,20150912
user_0019046,15,29,male,9,20160707
user_0019047,18,41,,3,20150422
user_0019048,1,30,,13,20151124
user_0019049,4,38,male,4,20151001
user_0019050,4,30,female,13,20160824
user_0019051,14,15,male,3,20150125
user_0019052,12,30,female,3,20150208
user_0019053,8,15,female,3,20150109
user_0019054,9,0,male,3,20151012
user_0019055,15,18,male,3,20160328
user_0019056,19,36,female,9,20150313
user_0019057,3,37,male,4,20151002
user_0019058,1,32,,4,20160709
user_0019059,1,21,male,3,20160215
user_0019060,1,35,,4,20160219
user_0019061,21,1000,female,4,20161123
user_0019062,1,38,,3,20150818
user_0019063,4,16,male,3,20151105
user_0019064,8,1000,female,3,20160318
user_0019065,15,30,male,3,20151104
user_0019066,1,42,male,4,20151127
user_0019067,6,32,,13,20170128
user_0019068,1,-1,,3,20160924
user_0019069,1,35,male,9,20160129
user_0019070,1,34,male,7,20160908
user_0019071,1,36,female,13,20150106
user_0019072,1,27,female,9,20160513
user_0019073,15,24,female,13,20150115
user_0019074,11,2015,female,3,20150513
user_0019075,21,17,male,9,20151108
user_0019076,17,15,male,3,20151106
user_0019077,16,35,male,4,20150704
user_0019078,6,19,,3,20151228
user_0019079,12,15,female,3,20150831
user_0019080,15,40,female,7,20161003
user_0019081,2,29,female,3,20160314
user_0019082,8,24,female,7,20160811
user_0019083,8,16,male,3,20160525
user_0019084,1,20,,7,20160420
user_0019085,9,33,male,7,20150721
user_0019086,1,20,female,3,20160526
user_0019087,12,34,,9,20160316
user_0019088,9,57,,7,20160303
user_0019089,9,23,,4,20160911
user_0019090,9,35,male,7,20150731
user_0019091,1,28,female,7,20151006
user_0019092,2,26,male,3,20150317
user_0019093,1,33,female,7,20170112
user_0019094,17,42,male,3,20150716
user_0019095,7,37,female,13,20151220
user_0019096,1,36,,7,20160722
user_0019097,1,41,female,7,20150130
user_0019098,17,32,male,7,20161219
user_0019099,1,1000,male,9,20160502
user_0019100,1,53,female,4,20160822
user_0019101,1,39,male,3,20150216
user_0019102,15,33,male,3,20160924
user_0019103,1,48,male,4,20150729
user_0019104,1,35,male,3,20160921
user_0019105,11,38,male,4,20160224
user_0019106,6,0,female,3,20160108
user_0019107,16,17,female,7,20151028
user_0019108,9,35,,3,20161124
user_0019109,4,30,male,3,20151128
user_0019110,21,-1,male,9,20160525
user_0019111,1,41,male,4,20160821
user_0019112,1,27,male,4,20151224
user_0019113,1,15,female,7,20160218
user_0019114,21,38,,3,20160629
user_0019115,1,24,male,3,20161114
user_0019116,7,31,,13,20150607
user_0019117,6,24,female,7,20151217
user_0019118,20,27,male,3,20150807
user_0019119,4,15,female,13,20150917
user_0019120,15,29,female,13,20160922
user_0019121,17,36,male,7,20150609
user_0019122,1,38,male,3,20160705
user_0019123,3,28,female,4,20151119
user_0019124,2,0,male,4,20150318
user_0019125,6,42,male,3,20150916
user_0019126,21,24,female,7,20160401
user_0019127,15,37,male,3,20151104
user_0019128,1,18,male,7,20160921
user_0019129,1,35,male,3,20150528
user_0019130,12,41,male,9,20150113
user_0019131,15,1000,male,3,20160804
user_0019132,5,34,male,3,20160507
user_0019133,14,26,male,9,20151217
user_0019134,1,2015,female,3,20150209
user_0019135,1,36,female,3,20150729
user_0019136,1,35,male,13,20151011
user_0019137,2,39,male,3,20150801
user_0019138,19,31,male,7,20161023
user_0019139,13,41,male,3,20160828
user_0019140,8,18,male,9,20160301
user_0019141,20,47,female,9,20150307
user_0019142,8,1000,male,3,20150415
user_0019143,1,46,female,3,20151019
user_0019144,9,41,male,3,20150502
user_0019145,8,32,male,4,20151214
user_0019146,5,0,male,4,20150823
user_0019147,1,22,male,9,20160623
user_0019148,1,30,female,3,20150404
user_0019149,14,23,female,4,20161113
user_0019150,2,24,male,4,20160728
user_0019151,16,31,,3,20150323
user_0019152,1,30,male,3,20150426
user_0019153,4,22,male,4,20160301
user_0019154,1,47,female,3,20160815
user_0019155,8,36,female,9,20161219
user_0019156,17,41,,7,20151207
user_0019157,19,39,male,7,20150104
user_0019158,19,41,male,9,20160131
user_0019159,9,33,male,3,20150209
user_0019160,15,0,male,9,20160417
user_0019161,1,32,male,9,20150723
user_0019162,7,30,male,3,20160317
user_0019163,1,0,male,3,20160619
user_0019164,1,31,male,3,20150828
user_0019165,1,36,male,4,20170108
user_0019166,10,16,,3,20150809
user_0019167,5,43,female,9,20160311
user_0019168,1,21,male,3,20150621
user_0019169,7,16,male,3,20160404
user_0019170,4,43,female,9,20160509
user_0019171,1,30,male,3,20160429
user_0019172,1,19,male,3,20160530
user_0019173,8,32,female,4,20160319
user_0019174,6,20,male,4,20161203
user_0019175,13,37,female,3,20150111
user_0019176,2,33,,7,20151102
user_0019177,1,27,,3,20161217
user_0019178,18,25,male,7,20160523
user_0019179,1,44,,3,20150329
user_0019180,1,30,male,3,20160102
user_0019181,3,43,female,3,20150224
user_0019182,1,31,male,3,20160128
user_0019183,20,36,female,9,20160707
user_0019184,4,27,female,7,20151005
user_0019185,20,24,male,3,20160508
user_0019186,9,33,female,9,20150416
user_0019187,15,32,female,9,20160429
user_0019188,14,30,,3,20150810
user_0019189,14,40,female,4,20150723
user_0019190,12,1000,male,4,20160916
user_0019191,1,0,,4,20160506
user_0019192,10,35,male,3,20160519
user_0019193,1,1000,,9,20150324
user_0019194,1,27,male,4,20160901
user_0019195,1,20,male,7,20151101
user_0019196,14,36,female,4,20150111
user_0019197,1,28,male,13,20160628
user_0019198,15,36,female,3,20160615
user_0019199,1,31,,7,20150109
user_0019200,12,32,male,3,20160210
user_0019201,1,29,male,13,20150905
user_0019202,1,1000,female,3,20161205
user_0019203,1,1000,male,3,20150909
user_0019204,1,26,male,4,20150116
user_0019205,1,33,male,7,20150925
user_0019206,1,15,male,4,20150615
user_0019207,14,50,male,7,20170101
user_0019208,1,16,male,7,20150623
user_0019209,1,41,male,3,20150108
user_0019210,19,36,male,4,20151228
user_0019211,17,34,female,13,20150730
user_0019212,4,29,,4,20160609
user_0019213,1,29,male,9,20170126
user_0019214,14,41,male,4,20160118
user_0019215,1,33,male,3,20150824
user_0019216,18,34,female,9,20160830
user_0019217,1,26,female,4,20160202
user_0019218,21,29,male,3,20160205
user_0019219,1,27,female,7,20160627
user_0019220,14,29,female,4,20150222
user_0019221,15,1000,,9,20161022
user_0019222,1,37,female,13,20150531
user_0019223,1,32,female,7,20160821
user_0019224,1,23,male,3,20161214
user_0019225,1,29,female,3,20151012
user_0019226,8,39,female,9,20150705
user_0019227,11,33,female,7,20160620
user_0019228,1,2015,female,9,20150121
user_0019229,10,25,male,4,20150902
user_0019230,1,36,female,4,20160921
user_0019231,1,36,male,3,20160627
user_0019232,1,35,female,4,20161230
user_0019233,5,2015,male,4,20161111
user_0019234,9,50,male,3,20161103
user_0019235,4,25,female,3,20160815
user_0019236,3,20,,9,20150325
user_0019237,2,37,,3,20160707
user_0019238,5,23,male,4,20170127
user_0019239,10,25,female,7,20160626
user_0019240,1,49,female,4,20150216
user_0019241,1,32,female,9,20160807
user_0019242,14,38,male,3,20161229
user_0019243,15,18,male,9,20161122
user_0019244,1,29,male,9,20151220
user_0019245,3,30,female,4,20150804
user_0019246,1,39,,4,20150715
user_0019247,1,36,,9,20150625
user_0019248,19,27,female,4,20151213
user_0019249,14,43,female,13,20170115
user_0019250,19,37,male,3,20150530
user_0019251,14,34,female,3,20150728
user_0019252,3,31,,3,20160718
user_0019253,1,27,male,9,20150923
user_0019254,9,34,female,4,20160223
user_0019255,10,0,male,4,20150827
user_0019256,1,17,female,7,20170126
user_0019257,4,37,male,3,20160904
user_0019258,17,51,male,4,20160306
user_0019259,21,29,male,7,20160613
user_0019260,7,21,female,3,20150905
user_0019261,9,27,male,4,20150110
user_0019262,11,39,,4,20150205
user_0019263,20,42,male,4,20150826
user_0019264,1,24,male,3,20151024
user_0019265,6,31,female,3,20150525
user_0019266,9,37,male,13,20150227
user_0019267,2,40,male,9,20160624
user_0019268,1,33,female,4,20150801
user_0019269,3,29,male,7,20150927
user_0019270,13,2015,,3,20160104
user_0019271,1,37,male,13,20160903
user_0019272,1,26,male,3,20150224
user_0019273,10,36,female,4,20160728
user_0019274,9,1000,male,3,20150422
user_0019275,1,32,female,3,20161003
user_0019276,13,-1,,3,20170110
user_0019277,1,26,male,3,20150616
user_0019278,9,30,male,4,20150731
user_0019279,1,30,male,7,20150705
user_0019280,12,-1,female,3,20161120
user_0019281,1,20,male,9,20150514
user_0019282,18,42,,13,20161004
user_0019283,1,49,,3,20150318
user_0019284,1,36,male,3,20150820
user_0019285,9,-1,male,9,20170120
user_0019286,10,21,female,3,20160307
user_0019287,4,15,female,3,20161212
user_0019288,13,30,male,3,20150414
user_0019289,15,24,female,3,20160919
user_0019290,12,33,,9,20160728
user_0019291,1,45,female,7,20160116
user_0019292,1,37,female,3,20151221
user_0019293,7,35,male,13,20160214
user_0019294,21,1000,female,3,20150401
user_0019295,6,21,male,7,20150628
user_0019296,20,27,male,7,20160215
user_0019297,20,27,female,4,20150124
user_0019298,1,1000,male,7,20160306
user_0019299,15,46,male,3,20150914
user_0019300,1,40,female,7,20160609
user_0019301,17,26,female,3,20160126
user_0019302,18,24,male,3,20160221
user_0019303,6,25,male,3,20150609
user_0019304,18,18,female,7,20160210
user_0019305,1,30,male,7,20161002
user_0019306,9,15,female,3,20150228
user_0019307,6,27,male,3,20150208
user_0019308,1,21,female,4,20160723
user_0019309,3,29,male,7,20150601
user_0019310,3,15,male,3,20150617
user_0019311,9,36,female,3,20150706
user_0019312,1,50,male,4,20160106
user_0019313,19,34,female,3,20161116
user_0019314,1,2015,female,4,20150623
user_0019315,5,29,,3,20161006
user_0019316,21,38,male,7,20150613
user_0019317,12,0,male,7,20150514
user_0019318,13,24,male,13,20150601
user_0019319,1,26,male,3,20151207
user_0019320,16,28,female,3,20170122
user_0019321,3,40,female,9,20150727
user_0019322,17,30,male,7,20160825
user_0019323,3,30,female,7,20161208
user_0019324,1,30,male,3,20150524
user_0019325,1,30,male,13,20160802
user_0019326,14,29,female,3,20150514
user_0019327,1,24,female,3,20150201
user_0019328,1,22,female,3,20161002
user_0019329,16,2015,,3,20150929
user_0019330,8,25,female,7,20161210
user_0019331,2,28,male,4,20150121
user_0019332,1,28,female,3,20150219
user_0019333,2,1000,female,3,20160217
user_0019334,7,20,female,3,20150927
user_0019335,3,33,male,9,20150809
user_0019336,1,28,female,3,20150915
user_0019337,18,41,female,3,20170123
user_0019338,6,39,male,13,20161214
user_0019339,7,15,female,13,20160802
user_0019340,1,-1,male,3,20151103
user_0019341,13,20,,7,20151015
user_0019342,1,47,male,3,20160406
user_0019343,3,2015,female,4,20160812
user_0019344,10,28,male,3,20160531
user_0019345,1,22,female,3,20161028
user_0019346,4,35,female,13,20161020
user_0019347,1,34,male,3,20161219
user_0019348,12,0,female,4,20160314
user_0019349,18,29,male,4,20150923
user_0019350,1,40,female,3,20150515
user_0019351,2,22,female,13,20151018
user_0019352,13,51,male,4,20150210
user_0019353,1,36,male,3,20160227
user_0019354,1,31,,7,20150525
user_0019355,2,26,male,4,20150910
user_0019356,1,0,male,3,20151208
user_0019357,15,32,male,3,20150412
user_0019358,20,28,female,4,20160305
user_0019359,1,28,female,4,20161031
user_0019360,17,26,male,4,20160722
user_0019361,3,1000,male,3,20160224
user_0019362,1,33,,3,20150327
user_0019363,5,15,,4,20150817
user_0019364,1,26,female,13,20170114
user_0019365,2,36,female,3,20150114
user_0019366,19,32,female,3,20160510
user_0019367,4,0,male,4,20161223
user_0019368,1,56,female,3,20160628
user_0019369,1,29,male,9,20150508
user_0019370,12,-1,female,7,20161009
user_0019371,1,44,female,7,20151124
user_0019372,7,30,male,3,20160422
user_0019373,1,31,male,3,20170110
user_0019374,16,30,female,9,20151120
user_0019375,5,17,female,4,20150417
user_0019376,1,34,female,3,20151129
user_0019377,1,1000,female,9,20151106
user_0019378,7,29,male,9,20170125
user_0019379,4,38,,7,20150912
user_0019380,5,32,,4,20160627
user_0019381,9,15,male,3,20150526
user_0019382,11,30,male,3,20161217
user_0019383,16,24,male,4,20160221
user_0019384,2,18,,4,20150104
user_0019385,12,33,male,4,20161115
user_0019386,5,51,,3,20160415
user_0019387,1,34,male,4,20150428
user_0019388,1,42,male,9,20150528
user_0019389,20,0,female,3,20150829
user_0019390,15,34,,3,20170106
user_0019391,10,50,,4,20161111
user_0019392,18,41,female,4,20160208
user_0019393,1,30,female,13,20151206
user_0019394,5,2015,female,3,20150906
user_0019395,13,37,male,7,20150130
user_0019396,1,-1,male,9,20160104
user_0019397,11,31,male,3,20150918
user_0019398,11,1000,,9,20151117
user_0019399,19,42,,4,20161202
user_0019400,1,29,female,9,20150731
user_0019401,1,1000,,9,20160312
user_0019402,5,25,male,4,20161011
user_0019403,1,40,,9,20170107
user_0019404,9,38,female,3,20150721
user_0019405,13,23,,3,20150218
user_0019406,1,45,male,4,20150528
user_0019407,2,45,male,3,20150408
user_0019408,1,45,female,3,20150829
user_0019409,1,44,female,9,20161019
user_0019410,4,30,male,9,20150722
user_0019411,6,37,male,3,20150612
user_0019412,1,40,female,7,20160121
user_0019413,5,39,,9,20150627
user_0019414,1,36,female,9,20150412
user_0019415,10,35,male,3,20151205
user_0019416,10,42,,3,20151005
user_0019417,1,34,male,4,20160604
user_0019418,4,1000,,9,20161109
user_0019419,1,2015,male,9,20150118
user_0019420,1,35,,3,20150627
user_0019421,1,20,male,9,20151016
user_0019422,4,28,male,7,20151117
user_0019423,4,24,female,7,20150824
user_0019424,1,20,female,3,20160923
user_0019425,8,47,,7,20160129
user_0019426,2,41,female,13,20170109
user_0019427,21,22,female,4,20161010
user_0019428,11,42,female,9,20160928
user_0019429,5,36,female,7,20150706
user_0019430,1,41,male,3,20151210
user_0019431,1,33,female,3,20150119
user_0019432,14,37,,3,20150523
user_0019433,7,38,male,3,20150520
user_0019434,13,27,,7,20160320
user_0019435,1,21,,4,20161015
user_0019436,1,37,male,9,20160130
user_0019437,6,30,,3,20151206
user_0019438,11,27,female,3,20160908
user_0019439,1,1000,male,3,20150618
user_0019440,1,0,female,3,20161111
user_0019441,5,30,male,7,20150124
user_0019442,8,2015,female,3,20150806
user_0019443,12,2015,,7,20160721
user_0019444,16,2015,,9,20160528
user_0019445,18,41,male,7,20151121
user_0019446,1,15,male,3,20150807
user_0019447,17,26,male,7,20160725
user_0019448,1,15,female,9,20150929
user_0019449,5,32,male,4,20150714
user_0019450,1,39,male,4,20160929
user_0019451,1,33,,7,20160404
user_0019452,5,33,male,3,20161009
user_0019453,1,15,,7,20160803
user_0019454,5,35,female,3,20150721
user_0019455,1,34,male,7,20160803
user_0019456,1,34,male,3,20150209
user_0019457,1,1000,female,3,20170125
user_0019458,1,39,female,13,20160516
user_0019459,1,22,male,3,20150106
user_0019460,1,41,male,9,20160202
user_0019461,13,-1,female,3,20160429
user_0019462,9,1000,female,7,20151230
user_0019463,17,0,female,3,20150816
user_0019464,12,25,male,4,20151224
user_0019465,18,0,male,9,20161126
user_0019466,1,0,female,3,20160619
user_0019467,16,32,female,3,20150309
user_0019468,1,31,,9,20160915
user_0019469,2,25,male,4,20150819
user_0019470,1,2015,male,7,20160829
user_0019471,3,41,female,7,20150324
user_0019472,20,33,female,7,20160828
user_0019473,1,27,female,13,20161128
user_0019474,1,-1,female,13,20160722
user_0019475,1,20,female,3,20160930
user_0019476,1,28,male,3,20151227
user_0019477,17,16,,7,20160126
user_0019478,1,15,male,3,20160924
user_0019479,3,28,female,7,20160111
user_0019480,1,34,,3,20150728
user_0019481,4,1000,female,4,20161220
user_0019482,1,22,female,4,20150130
user_0019483,1,0,female,4,20160413
user_0019484,12,28,male,4,20160224
user_0019485,7,39,female,3,20150623
user_0019486,1,36,female,4,20161209
user_0019487,3,26,female,13,20150628
user_0019488,16,0,,3,20151006
user_0019489,13,37,male,9,20150823
user_0019490,9,30,female,4,20160121
user_0019491,2,40,female,3,20150224
user_0019492,7,49,,7,20150115
user_0019493,8,20,,3,20160324
user_0019494,1,29,female,4,20160406
user_0019495,3,27,male,3,20150701
user_0019496,10,45,male,13,20150610
user_0019497,15,42,male,13,20151002
user_0019498,16,32,,4,20170113
user_0019499,13,36,male,4,20151112
user_0019500,1,35,male,4,20151206
user_0019501,1,32,female,4,20160501
user_0019502,1,41,male,7,20150104
user_0019503,19,24,male,7,20160313
user_0019504,4,31,female,3,20160725
user_0019505,19,29,male,9,20151229
user_0019506,3,38,male,3,20150723
user_0019507,13,40,female,13,20160707
user_0019508,19,0,female,3,20160325
user_0019509,1,29,female,4,20160413
user_0019510,1,26,male,9,20160423
user_0019511,17,29,,3,20151126
user_0019512,4,26,female,3,20150205
user_0019513,1,25,female,7,20161230
user_0019514,6,38,,7,20150110
user_0019515,15,30,male,4,20160601
user_0019516,5,43,female,7,20150816
user_0019517,21,48,male,9,20150316
user_0019518,21,-1,male,3,20161214
user_0019519,5,1000,female,7,20160229
user_0019520,9,2015,male,7,20150604
user_0019521,5,20,male,4,20150609
user_0019522,1,2015,female,3,20170124
user_0019523,7,44,male,3,20151230
user_0019524,14,15,,4,20150401
user_0019525,2,54,,9,20151015
user_0019526,1,41,female,7,20150124
user_0019527,1,34,female,4,20150123
user_0019528,19,-1,,3,20161130
user_0019529,10,39,male,9,20150831
user_0019530,1,24,,3,20160826
user_0019531,20,19,female,3,20160912
user_0019532,21,29,,3,20150608
user_0019533,20,35,,4,20150710
user_0019534,20,31,,3,20150129
user_0019535,1,26,female,4,20150525
user_0019536,19,24,female,3,20160712
user_0019537,21,23,female,3,20150131
user_0019538,7,30,male,13,20160424
user_0019539,18,19,female,9,20151015
user_0019540,19,31,female,3,20160108
user_0019541,1,-1,male,7,20150301
user_0019542,1,30,male,3,20161219
user_0019543,1,-1,,9,20170113
user_0019544,11,29,female,7,20151104
user_0019545,8,35,female,4,20160808
user_0019546,10,0,male,3,20151009
user_0019547,2,23,male,4,20160115
user_0019548,21,2015,female,7,20151001
user_0019549,1,24,male,7,20160907
user_0019550,1,15,male,3,20151127
user_0019551,9,49,male,13,20150219
user_0019552,17,24,female,4,20161029
user_0019553,1,26,female,9,20150526
user_0019554,9,46,,3,20160615
user_0019555,4,43,female,9,20160813
user_0019556,1,39,female,4,20150605
user_0019557,20,0,,3,20151227
user_0019558,13,36,male,3,20151016
user_0019559,20,40,female,3,20150125
user_0019560,14,28,male,9,20160324
user_0019561,15,32,male,7,20150815
user_0019562,8,28,,3,20150809
user_0019563,5,24,female,3,20161231
user_0019564,20,30,male,7,20150622
user_0019565,1,40,female,4,20160429
user_0019566,16,2015,male,3,20150325
user_0019567,9,30,,7,20151201
user_0019568,7,29,male,4,20161021
user_0019569,21,27,male,9,20150705
user_0019570,20,30,male,3,20150728
user_0019571,18,0,,7,20170115
user_0019572,10,19,male,7,20161022
user_0019573,1,2015,,4,20151201
user_0019574,1,23,female,9,20150511
user_0019575,1,32,female,9,20150124
user_0019576,1,30,female,7,20161230
user_0019577,1,35,female,3,20160813
user_0019578,20,39,male,3,20150817
user_0019579,1,-1,male,4,20160724
user_0019580,1,26,female,13,20160712
user_0019581,19,35,male,13,20150426
user_0019582,1,36,male,4,20150804
user_0019583,5,29,female,7,20160316
user_0019584,16,39,female,3,20150722
user_0019585,1,-1,male,7,20150908
user_0019586,12,40,male,3,20160612
user_0019587,1,27,female,9,20150731
user_0019588,15,37,,9,20161205
user_0019589,4,44,female,7,20160906
user_0019590,11,45,male,3,20160421
user_0019591,18,48,male,3,20150206
user_0019592,1,27,,9,20160309
user_0019593,16,31,female,3,20160803
user_0019594,1,27,female,9,20150420
user_0019595,1,40,male,9,20150910
user_0019596,1,34,female,7,20150301
user_0019597,1,26,male,3,20150730
user_0019598,2,29,male,7,20150227
user_0019599,2,2015,female,9,20161015
user_0019600,1,24,female,7,20151108
user_0019601,1,20,male,9,20160214
user_0019602,17,1000,male,9,20161014
user_0019603,18,38,female,4,20150903
user_0019604,13,28,female,7,20160913
user_0019605,15,24,male,4,20161105
user_0019606,1,42,female,13,20160427
user_0019607,1,25,female,3,20151125
user_0019608,1,15,male,3,20150718
user_0019609,13,-1,female,9,20150425
user_0019610,16,2015,female,7,20150927
user_0019611,1,18,male,7,20160216
user_0019612,8,51,male,3,20150601
user_0019613,18,38,male,3,20150427
user_0019614,9,21,female,9,20161130
user_0019615,7,1000,male,3,20150612
user_0019616,13,0,female,3,20160818
user_0019617,1,41,female,13,20160913
user_0019618,1,16,female,4,20161102
user_0019619,5,-1,male,3,20150911
user_0019620,18,-1,female,3,20160828
user_0019621,20,31,,9,20160730
user_0019622,1,38,,9,20150726
user_0019623,16,28,female,3,20150206
user_0019624,1,37,,7,20160307
user_0019625,1,19,female,3,20160302
user_0019626,17,34,female,3,20161110
user_0019627,11,-1,female,4,20150216
user_0019628,1,37,female,3,20150717
user_0019629,14,32,male,7,20150331
user_0019630,1,35,male,9,20160623
user_0019631,1,31,female,13,20150809
user_0019632,5,-1,female,7,20150407
user_0019633,1,33,,3,20150109
user_0019634,21,45,male,3,20150613
user_0019635,19,28,male,3,20151227
user_0019636,12,17,female,4,20160422
user_0019637,17,33,,7,20150118
user_0019638,1,36,female,3,20160913
user_0019639,10,30,male,3,20160626
user_0019640,12,23,female,7,20150821
user_0019641,1,31,male,3,20150104
user_0019642,16,27,female,4,20150622
user_0019643,9,30,male,4,20150909
user_0019644,5,52,male,3,20160412
user_0019645,6,30,male,9,20160624
user_0019646,2,41,female,4,20160425
user_0019647,16,34,,3,20160210
user_0019648,1,44,male,9,20160328
user_0019649,1,51,male,7,20160123
user_0019650,19,58,male,3,20150618
user_0019651,1,37,female,9,20160905
user_0019652,6,39,male,3,20150118
user_0019653,1,27,,4,20160924
user_0019654,18,29,,7,20160820
user_0019655,17,1000,male,13,20160615
user_0019656,11,34,female,13,20150122
user_0019657,13,2015,male,9,20150423
user_0019658,10,38,,13,20150605
user_0019659,18,39,male,3,20160916
user_0019660,4,34,female,3,20161116
user_0019661,11,40,male,3,20150930
user_0019662,1,31,female,7,20151115
user_0019663,21,2015,male,3,20170112
user_0019664,11,18,female,3,20150713
user_0019665,16,34,male,3,20150823
user_0019666,10,25,female,7,20160204
user_0019667,1,32,,7,20161107
user_0019668,6,1000,male,3,20160229
user_0019669,1,30,female,3,20151118
user_0019670,4,32,,13,20161108
user_0019671,17,41,female,4,20161119
user_0019672,13,30,male,3,20150322
user_0019673,20,-1,male,7,20160824
user_0019674,4,42,female,7,20160903
user_0019675,5,22,female,4,20160906
user_0019676,15,24,female,3,20150921
user_0019677,13,21,male,3,20150124
user_0019678,15,32,female,9,20161227
user_0019679,8,22,male,3,20161009
user_0019680,19,43,male,3,20150323
user_0019681,8,16,female,3,20150925
user_0019682,14,34,male,7,20150925
user_0019683,1,35,,9,20150813
user_0019684,19,1000,female,9,20150207
user_0019685,16,-1,male,9,20150828
user_0019686,2,19,male,9,20160809
user_0019687,1,31,male,13,20161202
user_0019688,1,32,,9,20150829
user_0019689,1,28,female,7,20161229
user_0019690,13,36,male,3,20160311
user_0019691,1,41,female,13,20150127
user_0019692,14,0,,3,20161028
user_0019693,1,-1,female,3,20160519
user_0019694,12,37,male,7,20151221
user_0019695,14,15,female,4,20160817
user_0019696,14,-1,female,3,20150628
user_0019697,1,31,male,4,20160811
user_0019698,8,0,male,9,20160309
user_0019699,18,25,,4,20150102
user_0019700,14,37,,7,20160306
user_0019701,1,27,male,3,20150917
user_0019702,12,27,male,9,20150413
user_0019703,11,27,,3,20160331
user_0019704,1,34,female,3,20160717
user_0019705,1,29,female,7,20150623
user_0019706,17,25,female,4,20160307
user_0019707,15,23,male,4,20150208
user_0019708,1,0,male,3,20170101
user_0019709,19,15,female,3,20160126
user_0019710,14,38,male,9,20150319
user_0019711,3,32,female,4,20150202
user_0019712,9,27,male,7,20150924
user_0019713,9,43,female,13,20150708
user_0019714,1,25,male,4,20150411
user_0019715,7,32,male,7,20150318
user_0019716,21,37,male,3,20151210
user_0019717,1,20,female,4,20160430
user_0019718,15,29,,7,20151021
user_0019719,19,35,male,7,20150305
user_0019720,7,45,female,7,20150209
user_0019721,1,31,female,4,20161207
user_0019722,1,25,male,13,20160904
user_0019723,16,17,,3,20150826
user_0019724,21,2015,male,7,20150312
user_0019725,1,32,female,4,20160818
user_0019726,14,29,,3,20160320
user_0019727,20,2015,female,13,20150616
user_0019728,13,15,male,7,20150521
user_0019729,8,30,female,9,20150117
user_0019730,2,18,male,3,20150704
user_0019731,15,17,,9,20160621
user_0019732,14,46,female,4,20160222
user_0019733,1,18,female,3,20160213
user_0019734,12,31,female,4,20161230
user_0019735,2,35,male,9,20170120
user_0019736,17,28,male,13,20160707
user_0019737,1,43,,4,20150621
user_0019738,11,15,female,7,20150515
user_0019739,6,15,female,9,20161017
user_0019740,9,44,female,7,20160512
user_0019741,1,25,female,13,20150702
user_0019742,2,22,male,4,20160201
user_0019743,16,35,male,3,20160205
user_0019744,10,15,,4,20160516
user_0019745,14,50,,4,20150528
user_0019746,1,32,female,7,20150712
user_0019747,1,55,female,9,20161224
user_0019748,12,37,male,3,20150413
user_0019749,12,-1,male,3,20160311
user_0019750,17,28,female,3,20151030
user_0019751,1,38,male,9,20151127
user_0019752,1,36,,3,20150402
user_0019753,1,1000,male,9,20160212
user_0019754,14,-1,male,3,20150616
user_0019755,7,19,male,9,20161024
user_0019756,8,15,male,4,20160214
user_0019757,17,32,male,9,20160614
user_0019758,1,29,female,13,20160709
user_0019759,1,0,male,13,20151231
user_0019760,17,37,female,3,20150819
user_0019761,5,23,,9,20160610
user_0019762,8,23,female,7,20160610
user_0019763,10,0,female,3,20150320
user_0019764,19,28,male,3,20150913
user_0019765,1,39,male,7,20151120
user_0019766,13,43,male,7,20160702
user_0019767,1,15,female,3,20150904
user_0019768,1,30,female,7,20150226
user_0019769,21,27,male,4,20150827
user_0019770,1,36,female,7,20160401
user_0019771,15,38,male,9,20161125
user_0019772,1,31,male,4,20161219
user_0019773,14,28,male,13,20160205
user_0019774,1,28,female,4,20151201
user_0019775,1,28,female,3,20170128
user_0019776,1,37,female,3,20161115
user_0019777,1,0,male,3,20150731
user_0019778,1,0,male,13,20170122
user_0019779,1,1000,male,7,20151216
user_0019780,12,36,female,4,20150225
user_0019781,1,23,male,9,20161008
user_0019782,3,31,,7,20150916
user_0019783,1,27,male,4,20161123
user_0019784,1,43,female,4,20150602
user_0019785,1,20,male,9,20160520
user_0019786,8,22,female,4,20150815
user_0019787,18,38,female,3,20150923
user_0019788,1,48,female,3,20160201
user_0019789,18,27,female,3,20160624
user_0019790,1,27,female,7,20150519
user_0019791,15,17,female,3,20160831
user_0019792,11,35,female,9,20160910
user_0019793,20,31,male,9,20160407
user_0019794,10,1000,male,3,20150219
user_0019795,14,24,male,3,20160731
user_0019796,1,38,male,9,20160409
user_0019797,17,-1,male,4,20160707
user_0019798,2,2015,female,9,20160806
user_0019799,21,31,male,13,20150613
user_0019800,15,24,female,3,20160921
user_0019801,1,1000,female,7,20150710
user_0019802,3,56,female,3,20160919
user_0019803,4,28,female,4,20150210
user_0019804,21,-1,male,3,20150901
user_0019805,1,26,male,9,20170104
user_0019806,7,0,male,4,20151021
user_0019807,1,-1,female,3,20150217
user_0019808,19,43,female,3,20161031
user_0019809,1,35,male,4,20160730
user_0019810,14,39,,3,20151122
user_0019811,19,48,male,7,20160115
user_0019812,14,15,female,3,20161013
user_0019813,12,15,female,3,20161207
user_0019814,10,0,female,13,20151028
user_0019815,5,28,male,3,20150716
user_0019816,1,31,female,3,20160625
user_0019817,1,48,female,3,20161231
user_0019818,20,35,male,9,20151224
user_0019819,11,-1,female,3,20150413
user_0019820,5,1000,male,3,20160303
user_0019821,13,20,male,4,20150401
user_0019822,8,19,male,3,20161227
user_0019823,9,37,male,3,20160205
user_0019824,1,22,,4,20160827
user_0019825,1,-1,female,3,20150530
user_0019826,15,42,male,4,20150720
user_0019827,1,34,male,4,20150824
user_0019828,1,23,,4,20160130
user_0019829,10,42,male,3,20151219
user_0019830,19,30,,7,20150211
user_0019831,1,17,female,3,20160403
user_0019832,13,27,female,9,20150602
user_0019833,14,36,male,4,20160212
user_0019834,18,16,male,3,20151006
user_0019835,1,31,female,13,20161010
user_0019836,21,33,male,3,20160725
user_0019837,6,27,,3,20150103
user_0019838,8,2015,male,9,20150518
user_0019839,1,36,male,4,20160927
user_0019840,6,27,female,3,20150330
user_0019841,16,33,,7,20150307
user_0019842,15,43,female,13,20150806
user_0019843,19,28,female,3,20150516
user_0019844,1,42,male,9,20161029
user_0019845,11,32,male,13,20150303
user_0019846,1,38,female,13,20160404
user_0019847,1,31,male,3,20151023
user_0019848,14,30,male,3,20160816
user_0019849,1,1000,female,4,20160605
user_0019850,2,24,male,7,20151101
user_0019851,21,-1,,3,20150119
user_0019852,4,23,,4,20150815
user_0019853,6,43,female,3,20150728
user_0019854,14,0,male,9,20160223
user_0019855,11,36,female,3,20150531
user_0019856,10,40,female,3,20160930
user_0019857,2,27,male,3,20150320
user_0019858,1,28,male,9,20150902
user_0019859,13,31,male,3,20160522
user_0019860,17,19,male,3,20150222
user_0019861,13,32,male,3,20160402
user_0019862,13,23,,4,20161127
user_0019863,6,31,male,3,20150213
user_0019864,5,42,male,3,20160913
user_0019865,1,30,male,9,20150905
user_0019866,1,37,female,7,20150815
user_0019867,1,44,male,3,20150623
user_0019868,1,30,,13,20150519
user_0019869,1,40,male,3,20151209
user_0019870,12,33,male,4,20151027
user_0019871,4,31,male,7,20150205
user_0019872,1,1000,male,13,20150707
user_0019873,1,43,female,7,20161223
user_0019874,19,-1,male,9,20151129
user_0019875,2,43,,4,20160818
user_0019876,18,26,male,3,20150907
user_0019877,21,2015,male,7,20151024
user_0019878,1,38,male,7,20161014
user_0019879,1,31,male,4,20160114
user_0019880,21,25,female,3,20170117
user_0019881,1,42,female,4,20161001
user_0019882,13,30,,3,20161120
user_0019883,1,0,,7,20150824
user_0019884,7,25,female,3,20150513
user_0019885,1,15,,4,20161218
user_0019886,1,29,male,4,20160404
user_0019887,4,24,male,3,20160923
user_0019888,1,24,male,13,20150909
user_0019889,1,41,female,3,20160207
user_0019890,1,0,female,7,20160401
user_0019891,1,32,,13,20150114
user_0019892,5,35,male,4,20150727
user_0019893,1,2015,male,3,20170121
user_0019894,1,45,male,3,20160801
user_0019895,14,47,male,3,20150824
user_0019896,16,0,,4,20151001
user_0019897,1,29,female,4,20150504
user_0019898,19,19,male,3,20160716
user_0019899,1,26,,7,20150909
user_0019900,9,-1,male,7,20160123
user_0019901,4,17,male,4,20150106
user_0019902,1,20,,3,20160808
user_0019903,20,23,male,3,20150418
user_0019904,1,47,female,3,20150209
user_0019905,1,33,male,13,20160105
user_0019906,20,27,male,9,20150508
user_0019907,21,32,male,3,20150302
user_0019908,17,15,,3,20150310
user_0019909,1,24,,9,20151013
user_0019910,3,36,male,4,20161127
user_0019911,5,33,male,3,20160715
user_0019912,17,20,male,13,20150309
user_0019913,9,0,male,4,20160618
user_0019914,9,43,female,4,20161219
user_0019915,9,-1,male,9,20160611
user_0019916,18,33,female,7,20151206
user_0019917,4,33,female,4,20161002
user_0019918,18,31,female,3,20150914
user_0019919,13,40,male,4,20151021
user_0019920,1,15,female,9,20150821
user_0019921,17,22,,4,20160307
user_0019922,18,23,male,3,20160612
user_0019923,1,32,male,7,20151019
user_0019924,12,20,female,7,20151206
user_0019925,1,26,male,4,20160307
user_0019926,8,28,male,4,20160626
user_0019927,1,38,female,9,20160116
user_0019928,14,38,male,3,20170120
user_0019929,9,0,female,3,20150325
user_0019930,6,2015,male,4,20150503
user_0019931,1,34,male,3,20160607
user_0019932,12,33,female,7,20161115
user_0019933,7,24,male,7,20151104
user_0019934,4,0,male,4,20150303
user_0019935,6,54,male,13,20150119
user_0019936,3,30,,9,20160309
user_0019937,1,39,male,9,20161105
user_0019938,21,1000,male,7,20161014
user_0019939,18,21,male,13,20150801
user_0019940,8,26,female,3,20150505
user_0019941,1,29,male,7,20150227
user_0019942,8,27,,4,20150514
user_0019943,15,32,,4,20151012
user_0019944,14,61,female,13,20160503
user_0019945,1,19,male,4,20150823
user_0019946,19,1000,male,4,20150515
user_0019947,13,46,male,3,20160211
user_0019948,13,25,male,9,20150301
user_0019949,1,35,male,3,20160710
user_0019950,18,15,,4,20160814
user_0019951,14,37,male,3,20151002
user_0019952,12,-1,,7,20161123
user_0019953,4,40,,3,20160502
user_0019954,20,32,female,4,20150419
user_0019955,19,38,,4,20161222
user_0019956,1,53,female,4,20160828
user_0019957,1,21,,9,20170102
user_0019958,13,30,female,4,20160103
user_0019959,1,27,female,7,20151017
user_0019960,6,38,,4,20161208
user_0019961,1,33,female,3,20161021
user_0019962,1,33,male,9,20151105
user_0019963,17,24,male,4,20160622
user_0019964,1,34,male,9,20160823
user_0019965,1,31,male,3,20151101
user_0019966,8,39,,4,20160216
user_0019967,4,15,male,3,20150806
user_0019968,18,34,male,3,20160921
user_0019969,15,34,male,13,20150906
user_0019970,12,34,male,7,20160902
user_0019971,21,0,female,9,20150415
user_0019972,18,35,male,4,20150305
user_0019973,1,27,female,3,20150508
user_0019974,1,34,male,4,20161028
user_0019975,8,2015,female,3,20150127
user_0019976,3,35,,7,20170107
user_0019977,12,53,male,7,20150308
user_0019978,1,29,male,4,20160127
user_0019979,21,33,male,7,20160229
user_0019980,1,49,,3,20161208
user_0019981,1,30,male,9,20150220
user_0019982,11,47,female,7,20170117
user_0019983,11,34,female,3,20160922
user_0019984,8,23,female,7,20160422
user_0019985,6,37,female,7,20160904
user_0019986,11,20,female,9,20151229
user_0019987,14,29,male,4,20161122
user_0019988,15,29,male,3,20150805
user_0019989,3,45,female,3,20161105
user_0019990,8,27,female,3,20150913
user_0019991,21,19,,4,20160419
user_0019992,1,20,,7,20150604
user_0019993,17,43,female,3,20150411
user_0019994,15,33,male,3,20160726
user_0019995,1,31,,7,20151209
user_0019996,18,40,male,3,20161204
user_0019997,16,33,female,3,20160605
user_0019998,9,2015,female,3,20150126
user_0019999,11,26,female,7,20161011
